address,balance,first_seen,last_active,excluded
0x8549e82239a88f463ab6e55ad1895b629a00def3,2532497805.0,,2026-10-02,True
0xb808af91bdc577bfb3f9c91470f3286dd076e5c1,1268694011.4288595,,2026-10-02,True
0xe8f00c0de98faf544a1352f80a59268fcb0b61d2,611985944.8626531,2026-09-17,2026-10-02,False
0x30818288e7c3f1bec919160bf55c0588d7ce819b,104364603.86814299,2026-09-17,2026-10-02,False
0x000000000004444c5dc75cb358380d2e3de08a90,34514514.665409654,2025-10-27,2026-10-02,False
0x73264fef47769fbdf206e4c7476213ed753aba42,14195572.655639598,2025-10-28,2026-10-02,False
0x8fb98bcec9675d786a31e05f2af52f63a1f20f81,9000000.0,2026-09-30,2026-10-01,False
0xb930258cb5107b9f54fb3ec8bd180ed8b361354e,7999500.0,2025-12-15,2026-06-29,False
0xdf455c6b0124b9f0c9856d5e3d580d17d81d65d0,7471658.056034455,2026-09-25,2026-10-02,False
0x240f896698438dbb7c4ad9b7372c6ee1e765a488,5000085.580440544,2025-12-04,2026-10-02,False
0xb2d13a8f9060076d8fb4d71b991fe93ba5e95cca,4153440.0119437263,2026-07-14,2026-10-01,False
0x58cae0f223608dadc0be314629e4a3c15792c80d,4000000.0,2026-04-07,2026-04-10,False
0x6e745c279092cae9995a5f9a701a234c043e91e4,3928417.309005126,2025-12-03,2026-09-19,False
0x7853c438c36f1da398ef60ff44955c8f657405ed,3400000.0,2026-05-15,2026-05-26,False
0x7cf880daad8d765f1dd112943689f3d13e485178,3165228.4146117466,2026-09-25,2026-09-25,False
0x0821755d64d9bc7b38df2e4d091b0dc543f92253,3010146.9650576324,2025-12-16,2026-09-18,False
0x429709b829980a283d62a9bee0a99df91b75ba4f,2729426.8642692063,2026-09-28,2026-09-28,False
0x326451c4a47154a67b7e4c3fe1e3a4574413d928,2572398.52898959,2025-10-27,2026-09-21,False
0x906acd1cb1f681126e41716db5a5e04b9652e046,2572333.8700349955,2025-12-10,2026-09-23,False
0xfe2f55dcefb42b018ed7f2b44d8cb8158733f5fe,2284417.5174326897,2026-09-23,2026-09-23,False
0xb7ccd051fa7825f26ec3400801c77dd743f41071,2256212.8062504125,2026-09-20,2026-10-01,False
0x329c787b163a730bd7900df2beb3ff4fe4670375,2143977.785966575,2026-09-18,2026-09-25,False
0xffd5e2a629957d85092c840661d0c44d73550971,2124288.980161326,2026-09-19,2026-09-19,False
0x2187cbf60455a654403ef2f5ce37fe414600a2b2,2110380.8340363135,2026-09-18,2026-09-24,False
0xf3f9def3b1ce5d220bfeda7dbb9d7c4a3541ff4d,2000000.0,2026-07-02,2026-07-07,False
0xfa1d3658f4915f0bbe7afae38bc5f5a851198a71,2000000.0,2025-11-16,2025-11-20,False
0x0203a5b9ec08244801b0fee5479d9a14903b279e,1887581.170174294,2026-09-28,2026-09-28,False
0x4b2975caa0e3f3b8de5fffac6da9b233647a1f39,1696483.2046251446,2026-09-23,2026-09-24,False
0x389aa657f2249d0225b337e338a84b01d0fb74eb,1585454.8746698832,2026-08-05,2026-09-02,False
0xf6e637f586dd68187eea3d4c3d171f304ba0b51a,1504580.825966556,2026-09-27,2026-09-27,False
0xf5f4a03effb319566f06857b6fbf40c3247579c9,1400166.6387745582,2026-09-19,2026-09-19,False
0x4b6ff849f945658e8a8f37219148b40bcf634a3e,1367702.3517290303,2026-09-04,2026-09-25,False
0x3455fd0e34a0f93174ae8bd773d99a033dbaedfa,1361220.5585528372,2026-04-06,2026-10-02,False
0x1f67d79afc8d0e7609ddba6c9b657cc635f69981,1323148.4064993998,2026-09-27,2026-09-27,False
0xbf1bcb14849cff5147adeae50d1ad1ed35dd1088,1321539.016891942,2026-10-01,2026-10-01,False
0x6c0e741de28893b74ac934d902ab81b3112aace3,1300017.0883707283,2026-09-18,2026-10-02,False
0x9be5b8a7314552fa47feb1355cd5b4adc7bb7516,1273053.6505588219,2026-09-28,2026-10-01,False
0x0d9cbbc6bcbc7f405442edadf5236a9686527b99,1251059.6559253964,2026-09-24,2026-09-28,False
0xc36a9fbc3d610abc3da8dbd0120198b0b73d9a8d,1248702.7620445811,2026-01-31,2026-06-03,False
0xa29e7fc81e154a8b65768778b799fbd553239ac9,1181474.2441070415,2026-02-27,2026-02-28,False
0xe39551be48a20ee90577a25c2bebe11aed3c8ee8,1138364.960456978,2026-09-18,2026-09-24,False
0x120ea3d2497242cc4d997b0e761166994f7c90f0,1133079.216311263,2026-09-22,2026-09-22,False
0x4f1577f64a3f395e79341032fa024d4c376cfc48,1132765.6764526702,2026-09-19,2026-09-30,False
0x408fa5d53c7529ac468201b2493d418e0c955aa3,1101917.7577187556,2026-09-24,2026-09-24,False
0x932616a67a6bb07a92b6bbe54653960f5a9f2144,1100764.2409648176,2026-09-23,2026-09-23,False
0xb5e7768128f617b6e8999f01605a3fcda4351048,1094087.1282688263,2026-09-23,2026-09-23,False
0xbfd7ed91763cd7845dd3f419e7b3c68193e0ff19,1086944.1222854587,2026-09-28,2026-09-28,False
0xe9e69d5514e30585bd1f98a33b40da68389afa8f,1050130.8519093676,2026-09-19,2026-09-19,False
0x118c9a57b10a1f27c6136a50f0a577d7127fc0b0,1030085.5218263182,2026-09-23,2026-09-23,False
0x841e1fadc3cbba190eeb5e957ff572c870a9a412,1018869.7500725506,2026-02-16,2026-10-02,False
0x5782dd641efd12ed3caf062eaa82e1edd1e4078d,1014397.4731434938,2026-09-23,2026-09-23,False
0x0996effea8312598a159627f63a0fa6039ccd4c1,1000090.0,2026-02-28,2026-02-28,False
0xa999c4225b8b68b06e43ff4d593c22036425ba79,1000040.4035391205,2026-09-21,2026-09-27,False
0xabe21649bdc1cd4423fbbb2196590caa49ac89d4,1000029.4426013428,2026-09-18,2026-09-18,False
0xace0b1cac63a26903982884c347b174be47ae053,1000000.7459831139,2025-11-14,2026-09-24,False
0x7dacf92681473a807f362644845e455b0fbec67c,1000000.4467569188,2026-09-21,2026-09-21,False
0x00ed983dae1e3408e23fb3933417aa4c6b4dcede,1000000.0,2025-12-28,2025-12-28,False
0x46f9b5fa6d673b103eea85a23d1d555b5538ee24,1000000.0,2025-10-28,2025-10-28,False
0x129d0f0e0c7de88b1a537f58eaa6d7dbac2e4ca1,1000000.0,2026-09-18,2026-09-18,False
0x0e5be4aa061b2ca3aaaa6d5db0c8f60bc127aaaf,1000000.0,2026-03-10,2026-09-18,False
0x16641697e52dfdc491d9c8d7dc1b437b2e12db5c,1000000.0,2026-09-18,2026-09-18,False
0x1e6e1d5ebafaa9deb3844b71b0f82a1eef3fcb5c,1000000.0,2026-09-21,2026-09-21,False
0xb1bcc8d1ac5b93032ff81829476436bb70ce2ee4,1000000.0,2026-09-25,2026-09-25,False
0xb099fa1406193e23fd905bc935b6eeded9cda5db,1000000.0,2026-01-22,2026-01-22,False
0x1f4a77fcf42c4a250c73ab13569bba3310c19c6b,1000000.0,2026-09-19,2026-09-19,False
0x1c683d6fcbbcd007f8ee3375fed066eb64662481,1000000.0,2026-06-24,2026-09-19,False
0x378b34cad7259ad1528e71ca5a794f13781715ec,1000000.0,2026-09-18,2026-09-18,False
0x6d8b9b96e2e8cf509478b61b4352d3d8c56ac2e6,1000000.0,2026-09-18,2026-09-18,False
0x34161e2d8ef83c0e794cc64ef7dca990feaa3e03,1000000.0,2026-09-18,2026-09-18,False
0x721baed1cd5aa1f21a9fa63e5b36f966bdcfd04f,1000000.0,2026-06-03,2026-06-03,False
0x2ddef96939b5bbe06d1baff9d4c3c91a2469bd50,1000000.0,2026-09-27,2026-09-27,False
0x7e1a52ce2d98bade518c12e6c0f72abfec01bdfc,1000000.0,2026-09-23,2026-09-23,False
0x69eb16da29deeac170613a1cacb34227fc15f956,1000000.0,2026-05-02,2026-09-18,False
0x6bb97c931928537e8b5e52414abb081d37f3af22,1000000.0,2026-09-24,2026-09-24,False
0x0111672f4c26c22dbe59ae5548de5bf315c08c20,1000000.0,2025-10-30,2025-10-30,False
0x4f1879a8993b07f8f2ea97c1c657f6ff9aa3cf36,1000000.0,2026-09-22,2026-09-22,False
0x5df2fed8188902f86f2074b70fd36ed3a39a1256,1000000.0,2026-09-18,2026-09-18,False
0x408e85399bfdc57a7fea815c216a15cb52e0a6b9,1000000.0,2026-09-18,2026-09-18,False
0x596441ae10658916bcaca93c574e8a8243001fb1,1000000.0,2026-09-18,2026-09-18,False
0xed42898bb71aad6b59039ea5a289f6e87df97606,1000000.0,2026-03-17,2026-03-17,False
0x6795bfc11cab900744484503ef2d2cd37802a106,1000000.0,2026-09-18,2026-09-18,False
0x5f06acaa49af57edbf95f08c9f6ac6fc181ad826,1000000.0,2025-10-28,2025-10-28,False
0x618f0fcf440c916ec827272b7ea1289ce3050d95,1000000.0,2026-09-18,2026-09-18,False
0x593fe79e96abce530db4e111e937a960971f1851,1000000.0,2026-09-18,2026-09-18,False
0x0aa953dfe9e515f9550e1bdf3571cf076b27832e,1000000.0,2026-05-01,2026-09-18,False
0x09a508bb13ecb31e9f3cdcae1c29090370497d9a,1000000.0,2026-09-24,2026-10-01,False
0xe8f388f68405c821d3d71b0ccc742d73e975f352,1000000.0,2026-09-25,2026-09-25,False
0x78cc0fd3195cfcc74c342eb3ba0cc073f1b7c6da,1000000.0,2026-09-18,2026-09-18,False
0x4b958376a435b578060a229f1d79757635fd63c1,1000000.0,2026-09-18,2026-09-18,False
0xfabad7cf168bf29b1f47c2a1c1c2b69ecde94a95,1000000.0,2026-09-18,2026-09-18,False
0xfc3b0e8b3e333f9e8e1ecb6badf019f4041cf9fa,1000000.0,2026-09-22,2026-09-22,False
0x46ccd407475f88f8814b1a2a74a20a9c6f078238,1000000.0,2026-09-18,2026-09-18,False
0xda208fbbc8f515d85b435eeb3bc76bb02566fc18,1000000.0,2026-09-19,2026-09-19,False
0xb8af7d77c712a083129cb099daa79da4bbfdd9c0,1000000.0,2026-09-19,2026-09-19,False
0xd21e75f9848fab8f6d135f5e61a53017f3f0bf67,1000000.0,2026-09-28,2026-09-28,False
0xaee34e9b059b707f57ba854318e7a25d4541a51e,1000000.0,2026-09-19,2026-09-19,False
0x8e1c2585fdd2aa711ec6dd8f932aafb1e91c885e,1000000.0,2025-10-28,2025-10-28,False
0xac4e642fe25c5d5fe329441c0373ed1004584d9f,1000000.0,2026-09-18,2026-09-18,False
0x85806ac1bd30dcb6f28cd34c6d8d48d8af903b4d,1000000.0,2026-09-18,2026-09-18,False
0x28659071b8315dc729a16cdea254e754fc6f2592,1000000.0,2026-09-18,2026-09-18,False
0x1e58bb3f191731b963445bf6368497aa1a87d92a,1000000.0,2026-09-18,2026-09-18,False
0xd05620506aa787c2e3f606736779e2e83c43f82a,999999.0,2026-09-24,2026-09-24,False
0x3fdcbd875672ec689454e599946fa7cd887223e6,997000.0,2026-09-18,2026-09-20,False
0x2492fe728dddbc93d3835f038058e48341f53794,967079.5162464945,2026-09-21,2026-10-02,False
0xa56ad627181e80e58ccfffea9b04c04d6b836c11,951091.621480234,2026-10-01,2026-10-01,False
0x4ddbfbb0b231e6a31b0d4ffb0d64b874169cfa1f,900000.0,2026-09-18,2026-09-18,False
0xb12443ec715c279334d034449aa571c941be35b1,900000.0,2026-09-29,2026-09-29,False
0xbde201d6613149e07c4c3f306d9dc3bee3dc1eb2,900000.0,2026-09-18,2026-09-18,False
0x570a286cb4783af53da15f94f9fca9c2e9d04473,822621.0063368457,2026-09-27,2026-09-28,False
0x73b04b60172320245c4c23ab9816b2cd75bc98f0,817208.786203695,2026-09-23,2026-09-23,False
0x48e25722f9bd8cb0e0d68142223bc3daab601182,810843.7257378756,2026-09-28,2026-09-28,False
0x3583e80cd8996d0def0c8e0f848448887b845305,792443.1628675837,2026-09-19,2026-10-01,False
0xb495f34e8d6572b17273242e3714f31011118117,781186.5582097252,2026-09-19,2026-10-01,False
0x0dcd3dc79f294091e45fc48fe8cb8978b58fd0c6,774707.9234491512,2026-09-24,2026-09-24,False
0x80d4041161b8defe8dd968a06f474343747a31f5,761622.7606093949,2026-09-21,2026-09-21,False
0x7b9769709714c2bceec4bcd32b66ed5637822501,759817.597028763,2026-04-09,2026-04-09,False
0xe670657d013b10e9a5a757561ecb313a2ff1159c,745417.4841591077,2026-09-24,2026-09-24,False
0x741d973cf46a05056e0dd2aacdc457e142a85b09,712846.7193824261,2026-02-28,2026-09-23,False
0x70c7385f8f60dd93766f8fe4254a144575c42e89,700000.0,2026-10-01,2026-10-01,False
0xec8edfae340278b79a9a7ba58c8f97b36f3739ef,700000.0,2026-09-21,2026-09-21,False
0xfccfeba30ddfd0dd48e4a55c895cd52b22bf29bd,697970.625973248,2026-08-01,2026-08-01,False
0x36fc52606bc81987ce0813c516657a02a23039f6,697947.7930871495,2026-09-24,2026-09-24,False
0x876343ce4d4da0b7f23f4b4d223021c1abcfa421,691236.2707417232,2026-09-20,2026-09-20,False
0x7ec1d8ce05c1db1131c4e1a54dc9b0186c939fb9,684158.3307064833,2025-11-06,2026-10-02,False
0x8eb5d539c301665189f8743696b60ec97639020d,673549.6195540001,2025-10-27,2026-09-27,False
0xa05ce9fafba3d9ff3ed7ee73c29ce5cbd3eb3531,628202.9592931205,2026-09-23,2026-09-24,False
0x25067aa0fcd047551c552b74d11fe0d2d35d1882,606993.0502178661,2026-09-23,2026-09-28,False
0x0df5f1f7fd1c494b1402c507492c9e1764118940,600069.9386181451,2026-02-23,2026-09-28,False
0x80035367c996c950f069cafadd166a91cae75e60,600000.0,2026-09-28,2026-09-29,False
0xc8f42027836022acd52d43265ee7813a227d2bac,599600.0,2026-09-19,2026-09-19,False
0x0a16cbdaa24354b6346ac6b6486d1c1575919079,584914.743030241,2026-09-23,2026-09-23,False
0x05c32638e58435b449df654caba51675d27c43dc,576242.7845653573,2026-09-28,2026-09-28,False
0x051c015043a0459fbd7d08d8b901abfffd544b49,558423.122043607,2026-09-23,2026-09-23,False
0xa0d8ddc7ec2249c6df227db8e6da21b6efee7f58,546967.7891568018,2026-08-14,2026-09-12,False
0x8ba18aa3091614838590dc7f46536c2bc2f5beca,543180.6125141782,2026-09-18,2026-09-18,False
0x0ad1fc28db648bd69d65458c6291c44efc4bcc16,519540.9792627161,2026-09-20,2026-09-20,False
0x29ae18bbec6aa6ed71e1cde508161f58fc715a02,519003.41281351296,2026-09-20,2026-09-21,False
0x6c5e1fbf4934b772d0fbaad2912ba80fa0f8e1cb,511197.2602617045,2026-09-18,2026-09-18,False
0xf5d58693469dfa20f3ca409d7e9c2b449c7df18d,503000.0,2026-04-10,2026-04-20,False
0x0811ccba589d85a507cbe7b3e73aea564fbd8500,500068.8,2026-09-26,2026-09-26,False
0x2a373ee6885e8609364b43d798b405b198840ffc,500000.0,2025-12-28,2025-12-28,False
0x1a1e461355f04aeb661c57a501ce60e862d989f6,500000.0,2026-09-19,2026-09-19,False
0xa064b2e661bfe06cabbcf7a79096d7048735ff3b,500000.0,2026-09-30,2026-09-30,False
0xdffec93487da8f1d2f6d8958b713169f2bc88cb4,500000.0,2026-04-23,2026-05-24,False
0xf63c8a0d045cc9667cac2f2ed6c8cf3ee36ad7ce,500000.0,2026-09-18,2026-09-18,False
0x74b44bbf50a357163eee449a65282a3dae65365e,500000.0,2026-09-18,2026-09-18,False
0x59d35cc2655a3945f3b674c56ab7ddbaf35f3efb,500000.0,2026-09-28,2026-09-28,False
0x5efd4b32c4ccbb09912f3db83bc43fd33e239f09,500000.0,2026-09-18,2026-09-18,False
0x5dc3778018b4d9d2bee5a3e87dbacb36557bb816,500000.0,2026-09-18,2026-09-18,False
0x7186d081136f6984d48bfab5dce77f4ed06bc905,500000.0,2026-09-17,2026-09-21,False
0x8cf6347fb48b6bb69c91fe0c2e99fba8909b49be,500000.0,2026-09-18,2026-09-18,False
0xc8dd28d09cd74fcab0d8ceb7d48e4475a491bcc3,500000.0,2026-09-18,2026-09-18,False
0x9f873d96dfa12b8736e305f6b095d45ba7c1ec4b,497248.4610345678,2026-09-19,2026-09-19,False
0x724f690246085c990dd9c0716a1162c0d8c4ac54,496000.00000000006,2026-09-18,2026-09-23,False
0xf89226e9bda39621522c1954d8f3a399adeef84b,481560.29243330116,2026-09-19,2026-09-19,False
0xfc4dbd2dafd1601570c6f6adea61f0252d2c84b8,480000.0,2026-09-18,2026-09-18,False
0x48bd69fe366a96d7121e522b723d6de6b82a24e2,471380.7384764503,2026-05-05,2026-09-18,False
0x619e78852fac793809a05765b151e1cf4323b891,470642.19333070033,2026-09-18,2026-09-18,False
0x906d28761c0c1b57f54d0937ef78631b209e6ad2,469017.0631393211,2026-08-02,2026-08-02,False
0x950c13a768c4b72e9f45d07ea721f5f528f0cd1e,460681.4281993992,2026-09-19,2026-09-19,False
0x6641f3052fec4ee30c0b977cbd8e95c33d31ad33,416634.4158717144,2026-09-18,2026-09-18,False
0xe16d756b1e27cabc43c8c4cadd68004ab50452b2,415221.8294877243,2026-09-19,2026-09-19,False
0x27bede9d23b28d2b1e75a0972e3bbccff84081b6,399999.99999999994,2026-09-18,2026-09-18,False
0xbd222e28eb13b92788fa253569a579a736a62592,399999.99999999994,2026-09-18,2026-09-18,False
0xcd61753a64e11f8ad1af7b96ca53b9c9fa8890f6,399999.99999999994,2026-09-18,2026-09-18,False
0x97688a7a80eabdf68107eed9ae39ae94ddeda3fc,399999.99999999994,2026-09-18,2026-09-18,False
0xf1e256b26536d6f3fc51c788436c781b725b6231,396721.9565892053,2026-09-24,2026-09-29,False
0xd05c2f29b0530ed3ea1837830cfa677031ae983d,393644.0,2026-09-22,2026-09-22,False
0xa09a00470884652c56b1db7d98dc19e73f214aac,389382.2423300294,2026-09-28,2026-09-28,False
0x271469e7f95e3f75a4a39dbcde63f5cd9a27e98c,389331.94789842976,2026-09-28,2026-09-28,False
0xed7b4c717e41adedd0fde057ea873fa50494737d,388842.61956903496,2026-09-21,2026-09-21,False
0xa29ea773c48cbbf1a17bb2b6f2c96619f8bf4434,388839.9780107898,2026-09-18,2026-09-21,False
0xdf3e15d2335be8190ba84e25568d6341af2bc0be,382031.7014394058,2026-09-18,2026-09-18,False
0x101462d8c2685a1f02d2fc6a44ed162d381338d7,374271.4148663219,2026-09-22,2026-09-22,False
0xd967aa94430f26e9a24b0d8204f4500155b475b9,370544.8345112351,2026-09-18,2026-09-18,False
0xe0a663d7a8100867e6191c7dfcff1d86ee7075c0,370000.0,2026-09-24,2026-09-30,False
0x369ffa1aa48e6c19ebb5e0dbf597d9a2a27c8036,360891.67882729,2026-06-04,2026-08-10,False
0x1bdfebd6af9d90d3098f1e55cd62cbf789dcb85c,360746.09132623894,2026-09-18,2026-09-23,False
0xc959524e6a3c492bba18fa7ee5743b442a9d7650,359585.66277220985,2026-06-26,2026-09-10,False
0xd3c19ac1714d5eb803d717440f66a892aae16fa5,359300.0,2026-07-23,2026-09-30,False
0x6892aee5ab6d6cc2b066caa58a96b5938ff78d83,351948.67205799406,2026-09-18,2026-09-18,False
0x69f66bd6628ff27222da37245ed686c3ef4766c9,350309.81138927146,2026-09-18,2026-09-20,False
0x4fe680c6598b327d7e008699478d82efb6171b06,350000.0,2026-09-18,2026-09-18,False
0xa85895595cf48892a07dd32630e881218c6c4081,348087.8509675967,2026-09-21,2026-09-21,False
0xf75f9e806b1ebc0c3204425c87517ae37fb269e0,333333.0,2026-09-18,2026-09-18,False
0xdb2bad9ee3e30d30d392bf84308c082a5af838b2,327791.42192572466,2026-09-29,2026-09-30,False
0x8eeb6f53afe57080d7ca799ee4dfd9be32226eb0,324742.9929210027,2026-04-19,2026-10-01,False
0xf95a3a92f90ec6e9826f27e4b40182202a41beaa,324116.0310556075,2026-09-18,2026-09-25,False
0x519f7709577c94999e4c7cfacb539cacb9edb7b8,316644.95180799713,2025-11-03,2026-09-28,False
0xe9b7d4d5f0ac7c896b10cc8d7d15b1d72119af9e,314193.106808318,2026-09-24,2026-09-24,False
0x206d52a13b07f96dc2e1d8de1e2fa0f0898fd144,313833.2134287753,2026-09-30,2026-09-30,False
0xed512c872c1acad511c447d168531d9a6215aee5,313689.26594309596,2026-09-20,2026-09-20,False
0xe330961a52e88daa5d997934a501670f30c435c5,312936.1419909235,2026-09-27,2026-09-27,False
0x377d81138cd848862bf9fe2a34ead1094ca0a99f,312504.36133825086,2026-09-25,2026-09-25,False
0xd3baa3f0c94d3e0e1c3f0df28dcb9b4c4eae82f3,311950.50223377335,2026-09-21,2026-09-21,False
0x66feae329d99301406f7796022422700e53de7f3,311497.3271574064,2026-09-25,2026-09-25,False
0xf7bc04952a5888c5020c48c70ad3337ef69a1cfb,310684.01087926613,2026-09-20,2026-09-20,False
0xce2a5b4145203a683c7ea00d77daabebd0417d52,310635.21112681786,2026-09-20,2026-09-20,False
0x888da288b1f83df9f618358bc3fea724e4378a1a,308304.9577650962,2026-09-30,2026-09-30,False
0x9a810b1ceaf50759693c288d5db485938663a462,300000.0,2026-09-18,2026-09-18,False
0xcb181ca96cbe2093ba7e7a8f7515d4810d8e038c,300000.0,2026-09-18,2026-09-18,False
0xdfa46a67c19f93e58f5091915df3e1ef937f9ded,300000.0,2026-09-18,2026-09-18,False
0xb6e39947e1a7dc985d1b5c96afbf59e7dd36bc29,300000.0,2026-09-18,2026-09-18,False
0x19d802159162091193432a026ac4d8637c4ff803,300000.0,2026-09-18,2026-09-18,False
0x0994e680bcbec9f3701734f21c4487f05893e104,300000.0,2026-03-23,2026-09-09,False
0x0400435d6d20099a19fa138f74ef46810478a8db,278865.06145975966,2026-10-01,2026-10-02,False
0xec33f6bff72f7328f7532d5b70f76047ea3fdaba,278249.7284040558,2026-08-20,2026-09-09,False
0xb4409f1911cc4e5e06bfa4855035de0ac3e77e16,269700.0,2026-01-21,2026-09-18,False
0xc33840c7c79ee49159a1bd715cf25469f209c585,269110.4343975831,2026-09-19,2026-09-24,False
0xe3bbb8b27f0040a66c9a1d5f239cc387c12e0cab,253650.03750831497,2026-09-18,2026-09-23,False
0x7feee572b21c4f5570d19aed6fb602d0d88bce4f,251855.25790625397,2026-09-20,2026-09-21,False
0xaa469e563c53dea7b503bcb7187d50805ba291b2,251331.356010166,2026-01-30,2026-02-04,False
0x1ebb360abd4030f7958cac1ed36714fea3f9094a,249010.45803205392,2026-02-01,2026-04-22,False
0x2e83e669bd1d3d60f2fa496f0cf05847c604e562,245184.47303979585,2026-09-18,2026-09-30,False
0xdefcaf242d247c8d9d100b32a1afa9838581c9b4,234385.6207425306,2026-09-27,2026-09-27,False
0x6a6d066a8a9ef0e0622101b23fd3b0943b4ae016,215028.368446446,2026-09-22,2026-09-24,False
0x647471bd309e1635c81cc0a46dba784e0ff4264e,210000.0,2026-03-10,2026-06-16,False
0x0d832e19c5b5887aedd1641b4aa150d364822ca0,210000.0,2026-06-15,2026-06-15,False
0xfd06c81373bf03579cc4c7e64d59ba3a694cc925,206641.6133271586,2026-05-27,2026-09-13,False
0xee6700d2a740cc4af50ae2154575e803264a115f,199999.99999999997,2026-09-22,2026-09-22,False
0x642f8373fe6809294d36aee95ff9e6493c3b5475,199999.99999999997,2026-09-18,2026-09-18,False
0x71102c3680f89ba6e60d6db8810f7be0b4a8256a,199999.99999999997,2026-09-18,2026-09-18,False
0x8703fe5fb94e94704c0ab1ed86a764860ecce1e8,199999.99999999997,2026-01-28,2026-02-04,False
0xe8cf7a95950b7604fd7a305a1807bfce926c8233,199999.99999999997,2026-09-18,2026-09-18,False
0xe05c55609164fc3205c40e16894a523c9ef193e8,199999.99999999997,2026-09-18,2026-09-18,False
0x678a2fc326dee5d986c48ee75992f784ab3a561c,199999.99999999997,2026-09-18,2026-09-18,False
0x95b454926b6ab6427b1477ec564338eac2ba373b,199999.99999999997,2026-06-04,2026-06-04,False
0x91d06e3f3d3725e202b3eec3415efef18c3a7558,192538.05240789495,2026-08-17,2026-08-17,False
0x9e4a797f8880657344393eb3a066d0ddf1211d3f,191790.71790656887,2025-12-28,2025-12-28,False
0xb1b528e8625cae81d0a60d61a5cf48734420038a,190888.1887787785,2026-09-21,2026-09-28,False
0x4c7adffa62e9121354a7eca400c31bc19ec3f92e,190394.55239227452,2026-09-21,2026-09-21,False
0x5a61bc171ceaa39cb84d00bee28a5806d0165ec2,190029.46528462457,2026-09-19,2026-09-19,False
0xa970fcaf91cf178d357c6ea417a0085fda7056b7,188240.5148526067,2026-09-18,2026-09-18,False
0x640a8c7c548f376ac1e10d7ac36c845fc0387167,183417.92928538652,2025-12-17,2026-09-30,False
0xa4e0fbe858c5efa73be0e4f4cc736228da9d618c,182936.53230902125,2025-12-26,2025-12-26,False
0x1a90eb46aec2235cf54025cfd9d9f4c9e81719d1,182223.6990235552,2026-09-23,2026-09-23,False
0xcc99da7812fcfc07303f067655c18db830e2089e,181047.31889586704,2026-07-09,2026-09-20,False
0xa391478bdc9b77f013004d48c09deb75526fa9eb,179335.01401872415,2026-09-18,2026-09-24,False
0x2dccf230f8a650b3af794afcf0494d935db68ce6,177698.74955847402,2026-09-18,2026-09-18,False
0x025a94230f2e89fc0e3fa3af359ca74fc5f9c037,164773.98179377636,2026-03-13,2026-03-13,False
0xba85a447d68f36279a26842f5f052d0acbbfec94,162993.06186490465,2026-09-20,2026-09-20,False
0x664beb44ed37a3631b23838fb78611724321fcf5,162356.47582722706,2026-09-18,2026-09-18,False
0xd9bd258b1a25bbd2e2ea46d1b9c14615613d1423,160000.0,2026-06-11,2026-09-14,False
0x659b2b9612c3c79bcc195e1fa1586f1bb508e91c,157295.62113421035,2026-09-19,2026-09-19,False
0x18367e7fb5d2928e2d52996e4b9cc8780d864a57,156230.67598122702,2026-09-26,2026-09-26,False
0xf18a949a8eab7680b46bfc17eb977ae307a08db6,155007.5186586797,2026-09-18,2026-09-18,False
0x3e9a5fd363f0999f7c4a4c759de45a896aefe1f5,153598.219667856,2026-02-15,2026-02-15,False
0x15ee9e8cd53277c2e2e49a6b014c93bdaa781830,153530.57713502264,2026-09-12,2026-09-29,False
0x050ea4eb382d12e48bc0ee51cdf8f0e02510ac21,152295.60694518537,2026-09-18,2026-09-24,False
0x2dc700433743fd469fa4fb13bdfdf31b2e345602,151307.71040329157,2026-09-18,2026-09-20,False
0xa205ad6858581090257b2f4d0788bbbba086e62d,150000.0,2026-09-18,2026-09-18,False
0xcbc480b47ff48b94e025be1baa9811f3f9684875,150000.0,2025-12-26,2026-02-05,False
0xabf38dc7ceee9137465ea154caa1d45382402d7f,141437.3027946393,2026-09-23,2026-09-23,False
0xb409b8a7fbeaa306ba78cbe57c7c0172396efa5c,140896.58598671778,2025-11-07,2025-11-07,False
0x299aff081dd74f916c6150c476117f6d13f11314,134082.96984573433,2026-09-10,2026-09-10,False
0xb1a0ce7f6facd1c10a52b535d9bbcaf667a39ab4,130000.00000090407,2025-10-27,2026-09-02,False
0x8fca4ade3a517133ff23ca55cdaea29c78c990b8,129675.52257063818,2026-09-23,2026-09-30,False
0xcd6b980029e6e6e0733ac8ec3e02be9410d09799,118248.43586604613,2025-10-27,2026-10-01,False
0xede285e5377b3fec8d3c86bb985b7b2c38541ed4,114274.2585874246,2026-09-23,2026-09-23,False
0x9a68880f8ba1c41c541a811bd8c79b3c1428a8a8,112731.3343265828,2026-09-24,2026-09-24,False
0x3d6a174aa1340c227fac520744a8e1f22639b9ed,108583.6130549702,2026-09-24,2026-09-24,False
0x41de80a4923f6863199b4e8a522bc7a3b617e38b,101989.7816650494,2025-12-27,2025-12-27,False
0xb883dfbd99afe8a97e6c3a781bb38071e095b857,100632.53092532311,2026-09-23,2026-09-28,False
0x87b18d14252de46bc79f43b65299c6e3cfec4178,100000.38798060289,2026-09-19,2026-09-19,False
0xbb4519f95876fdf64b1606320a611428160c638b,100000.00000000966,2026-09-23,2026-09-30,False
0x21f50979e1f9d7b7b595057a708c7008218255dd,99999.99999999999,2026-03-31,2026-03-31,False
0x9a2ee36c6cf621d0c8aa53b37597f18b7a4e1353,99999.99999999999,2026-09-18,2026-09-18,False
0x962302ac1fd77319296a5106ecf33c2e300e3318,99999.99999999999,2026-10-01,2026-10-01,False
0x9c4388cd34f4f36b431f094ff9e79bcde49afaae,99999.99999999999,2026-09-18,2026-09-18,False
0x103fa4805a113eb64569e93935a7985741322b31,99999.99999999999,2026-09-25,2026-09-25,False
0x8dc5767ace98aa0ee4c3c2bfc8227d19fc53e9ab,99999.99999999999,2026-09-28,2026-09-28,False
0x2363ebdd79d0c08e1f0fc156a63d0d1f12e5c347,99999.99999999999,2026-09-18,2026-09-18,False
0x4e242f9d6e56279da4a1c27c7346f0c1195d7b63,99999.99999999999,2026-07-16,2026-07-16,False
0xad69035fb7514edc09cb2798c85452f21b7f05b2,99999.99999999999,2026-09-18,2026-09-18,False
0x7268d996793d58d1977c359d04adfdb53a32251e,99999.99999999999,2025-12-28,2025-12-28,False
0x6ea186e90fb3cf414d7803097eb490f8cd938fb3,99999.99999999999,2026-09-18,2026-09-22,False
0x336dc00beb41fe4b4f1ac7a574730b03491bb2f6,99999.99999999999,2026-08-19,2026-08-19,False
0xb7b170e7ce6158084215053d1558980c8181d9cb,99999.99999999999,2025-12-02,2025-12-02,False
0xb3c161d8dd1d5afd6b5090c68b8dd3e69f10d6fa,99999.99999999999,2026-09-18,2026-09-18,False
0xbd7de848d25fd81b07bef18c1febe1acb7495dc1,99999.99999999999,2026-09-18,2026-09-18,False
0x7bd6246a34f7dd0d1f295aab6af02fcca42077e9,99999.99999999999,2026-02-06,2026-02-06,False
0x7cc6d6f3623a8cf037e5b8ce4afdb83b100a0226,99999.99999999999,2026-09-21,2026-09-21,False
0x84f646f346d7d5a89561b49e80297474ca53f6d4,99999.99999999999,2026-09-18,2026-09-18,False
0x713c088606bb83e12f0d7ba47cafe951687836ed,99999.99999999999,2026-09-18,2026-09-18,False
0x345074c208defe3deab1362716080259f19d0225,99999.99999999999,2026-01-05,2026-01-05,False
0x3b516d65df46362468500f69eecae8f1130fbafe,99999.99999999999,2026-09-18,2026-09-18,False
0xa21dd5d74d2b005ef8146086f168b4fbad766fcb,99999.99999999999,2026-09-29,2026-09-29,False
0x5e60ebb788dcf4a3fcc718659dae9dd75885fe39,99999.99999999999,2026-04-30,2026-08-20,False
0x11d24608205c9727dd100d58be2aa1acad05f2a9,99999.99999999999,2026-09-18,2026-09-18,False
0xd1e74667b9a9105f06932076d719345b690edf0e,99999.99999999999,2026-09-22,2026-09-22,False
0x12390b6c69a073db2a9ef5dfb53591d1774114a4,99999.99999999999,2026-09-18,2026-09-18,False
0xe04e17ec3f06482d9881758229baa599a91dcec0,99999.99999999999,2026-03-11,2026-03-11,False
0x3b266990ff474b18d1b7be4c0f1e138841e80f28,99999.99999999999,2026-04-28,2026-04-28,False
0x3c5cf1a14e0028901666a71c19888ab78afb3f27,99999.99999999999,2026-09-18,2026-09-18,False
0x1473444518406b25078d9ae7a7b0eb3158a68e89,99999.99999999999,2026-09-18,2026-09-18,False
0x090c3f9b5b6f12a812633d61c0c10a958e4af2cb,99999.99999999999,2026-09-18,2026-09-18,False
0x3f1c0f2130158c4ff45acd214fd81b37441a9ab5,99999.99999999999,2026-09-18,2026-09-18,False
0x52eddce7ca89884e46add54d1d2e2dd9870338c9,99999.99999999999,2026-09-18,2026-09-18,False
0x11ccb69836efe83a3f96ca9d81828a2b4d4a20c3,99999.99999999999,2026-01-28,2026-10-01,False
0x1f2b7930e324b255417d0cc3fe37c9be0bae6486,99999.99999999999,2026-05-08,2026-05-08,False
0xac70aa4d772ab60353f5d61afa07efaeb971b7e4,99999.99999999999,2026-09-17,2026-09-17,False
0xc6b5029d5b9d978e3ce83cffd058afd04bda6818,99999.99999999999,2026-09-18,2026-09-18,False
0x1412f919dceb81ffa16e429971c7f34cb4f69904,99999.99999999999,2026-09-25,2026-09-25,False
0x255898d80604492a489638351fa39e721cf09a50,99999.99999999999,2026-09-18,2026-09-18,False
0x7e544ac000e578cbd379a25455f100780dfe325c,99999.99999999999,2026-04-12,2026-04-12,False
0xc5edf691395f4389d1b9a4c7b6a287c1d6e6fba4,99999.99999999999,2026-04-08,2026-04-08,False
0x18d842214373b81a5cab71c780f1dba25ada3bed,99999.99999999999,2026-09-18,2026-09-18,False
0x14a3191f2b4dbc823599cf52c50bf780aa70fd1d,99999.99999999999,2026-09-18,2026-09-18,False
0xbe877e408b4f0b1c1d43a35b18fea38f555c001c,99999.99999999999,2026-03-31,2026-03-31,False
0xc1bc7f6e5970e16aab5ce5f6cd000ef16080c3cd,99999.99999999999,2026-05-27,2026-05-27,False
0x76d825d2115c7832a40435e37bfd2dfde280cb7a,99999.99999999999,2026-09-18,2026-09-18,False
0x301d560949997a70004911b3eee3e2526c98182f,99999.99999999999,2026-03-08,2026-03-08,False
0xc9039815f2e5751086afb17ce5472bcbeef89954,99999.99999999999,2026-09-19,2026-09-19,False
0x128dea5df9fcbf7f3d3f0d4b04fd9072feb849fd,99999.99999999999,2026-02-17,2026-02-17,False
0xd47f8f8b5c1a38c7e50f435b2234898c9fda4cae,99999.99999999999,2026-09-18,2026-09-18,False
0x7719ea36a4eedfc76de2f3642c4cc56e31551a6f,99679.69090418058,2026-03-19,2026-06-12,False
0x5b4f08d35d3c4435e0e7c04048866399f26addec,99000.0,2026-09-29,2026-10-01,False
0x533c68e58b0f3b7392e371cfc02a8da1eb72c542,96374.4800371218,2026-01-19,2026-10-01,False
0x794269e695b8c894768ba2d39b86b7fb1a1e3e78,94620.25442869548,2026-04-24,2026-09-29,False
0x94fb2cb09ccc6eb6af37ae317b47b4261d2f0063,93983.03216332792,2026-04-20,2026-08-13,False
0xec5b32a1940d66bdda18f71c6b32690896f8ea47,92000.00000000001,2026-08-10,2026-08-24,False
0xbc1d9760bd6ca468ca9fb5ff2cfbeac35d86c973,90528.94165409755,2026-04-19,2026-09-18,False
0x57092cfe9d9dde3fda2abf6dbb12e4da1241351e,90000.0,2026-09-18,2026-09-18,False
0x16754c95da5343f6973e3ac2d7560707c8bd2093,86080.0,2026-03-10,2026-06-10,False
0x3273cf19ec8da1d3bb65efefc86240e3408455d3,85052.51958031226,2025-10-28,2026-09-24,False
0x302c4827528530f8bb7b66b18fea42a32faafebc,85000.0,2026-09-18,2026-09-19,False
0x654f485c9f2f8a586ceb0ea320af7877409ed55a,84965.28783674695,2026-09-18,2026-09-19,False
0x69f57401fc535418f88db92fe3599c5656002899,84052.72843596117,2026-06-28,2026-09-20,False
0x04d21cffe014d1baa4a09ac379df628ecfe9e0fc,83849.9,2026-02-28,2026-02-28,False
0xf5c4f3dc02c3fb9279495a8fef7b0741da956157,83719.68177086343,2025-10-27,2026-09-30,False
0x5e415661fa09581b075c6ede032358e46dec2c71,82562.57061032549,2026-09-23,2026-09-23,False
0x62621dac2a6b8473dddbc8c09f5fdbeae1fcfbbd,81971.37781650732,2025-12-28,2025-12-28,False
0x65e1852d9bfa5c017b35d4b15fa3c3307aa44d6e,80916.08504370692,2026-09-23,2026-09-27,False
0xd9d80c241f219228e40ec933d16db15cafb2a1cb,78637.41761981293,2026-09-08,2026-09-26,False
0x6d228cdd1047e1d95fc795ad6ee7654b7c8f5e27,77861.156088201,2026-09-23,2026-09-23,False
0xa025b6969cf3ea0723432ec542c047b4d007d3a6,77777.0,2026-04-05,2026-04-05,False
0x14eec0b5ac5d3743b71eb1660a81bfbf51d782e4,74667.2256538514,2026-09-18,2026-09-18,False
0x93673ab10f664b68ab5a1bc97d39f6633439d630,73766.71179062087,2026-09-23,2026-09-23,False
0x55c3c1419a2b7ca448812990e018d933d3e95375,72645.95,2026-03-17,2026-08-06,False
0x00bbc690585625d9e0351b426ee1d9615ea77962,70800.0,2026-03-05,2026-04-15,False
0xc424f0beea8709620e453a5dd4e04efd298e53e9,69531.02391028931,2026-09-27,2026-09-30,False
0xcb61888bb39f5428ed640be3e2a927af3a5d036e,66446.17092364086,2026-09-18,2026-09-20,False
0x47f6248be492ee9283848429959ef4f12bfef6a3,64357.23049969898,2026-02-23,2026-04-26,False
0x2bc3d493e0e557a81a23e4ee47e0b9e609ae22f4,64038.99999999999,2026-03-14,2026-09-01,False
0x26d009636fbfb94873aadb0fd965c301bc17e9f7,63719.12523228202,2026-05-02,2026-09-17,False
0xe9fef55b3a75cf14de7902b8e2899015bc05baf8,60000.0,2026-09-29,2026-10-01,False
0x630356853e9d5821179280063658c561c85bb950,60000.0,2026-09-18,2026-09-18,False
0x57ebc606230ab2c97581fe55210e37b2c7a20ad8,60000.0,2026-01-28,2026-01-28,False
0x457e5d5fc386664f9017bd0a4e17a4c655d7c8dc,59683.31948923769,2026-09-18,2026-09-20,False
0xa4d9d7068d84bbdf2e3caf1bbf2e1135bcd41984,58067.88025616338,2026-05-22,2026-09-18,False
0x73b6a7a6e39a2e405087164d7f407a0bd2c86dcc,57302.14168307333,2026-03-30,2026-09-23,False
0x2bd106388791583203e92020e82b2d16835219e9,56739.05342284728,2026-09-18,2026-09-23,False
0x5b2e3163fad717f00cd199a300b44131afcacb5d,56354.00000000001,2026-06-20,2026-06-21,False
0xe088627cb977f6b4072ecaccc640237d6895030e,55689.12677670647,2026-09-05,2026-09-22,False
0x284bd2ad92dfa164d8c89eb0cafee70b96deceb6,54738.92698777768,2026-09-19,2026-09-27,False
0xe4bc934af2b9435a679f162568eb8388b237f281,53000.0,2025-12-18,2025-12-18,False
0x84c00ee9c45c6b5af456245268cb6f3e7fbaf35f,52881.0,2026-10-01,2026-10-01,False
0x9a19db769e07328bb33c2873dd9e3215f1e9e8a8,51834.961717585145,2026-02-03,2026-03-13,False
0x0bf663f99cc8132522448a73f272ce8c8257be62,50044.156589119084,2026-07-30,2026-09-24,False
0x89ea1b14264026ffae9d14785668f1ebad594b66,50000.960210622594,2026-06-15,2026-09-18,False
0x237eacd6c54f8c44dd57915ce013af5d4fd02840,49999.99999999999,2026-06-02,2026-06-02,False
0xe3f317e22e45fe7fb4fa5f2fc139c686b0188979,49999.99999999999,2026-05-26,2026-05-26,False
0xe0c06d7b0aaf263e2b13935ec70977d30b1dc5bf,49999.99999999999,2026-09-23,2026-09-23,False
0x5374e47fdd7688ca9eb178ab520512d26d1a782a,49999.99999999999,2026-06-29,2026-09-04,False
0x5621e99b50f5371b0285ca961c5b1608cf19d220,49999.99999999999,2026-09-18,2026-09-18,False
0x5466b4b45bc3aa8d87d8210109f555bf0e3dae3b,49999.99999999999,2026-05-18,2026-05-18,False
0x6ef65450fe76d6ed9b81ce825e823bb6b17f3133,49999.99999999999,2026-09-18,2026-09-18,False
0xac0e01c1ff12bc207aa2c1940f1d4ac1dd0e3bb2,49999.99999999999,2026-09-18,2026-09-18,False
0xb6f2245b7f31a5093bdac298dab5bbcce3109c99,49999.99999999999,2026-01-23,2026-01-23,False
0x096bd51c6f37b538337f3c7f07d04fb44d01d424,49999.99999999999,2026-05-09,2026-05-09,False
0xbe37877e2151891e445dd9374c12ae9f60b23c95,49999.99999999999,2026-01-19,2026-09-18,False
0xc0cc1fae95a476108e84acc26efca4b1d2720294,49999.99999999999,2026-09-18,2026-09-18,False
0xb7bc8f88e533da56a0f3c102d41c64ffe08921ae,49999.99999999999,2026-09-23,2026-09-23,False
0xb4ff98e29aa3889892d4855e5e79b7451c38fe84,49999.99999999999,2026-08-26,2026-08-26,False
0x7339ce5f0445eb3d654d7c38106ebee38bbcbd07,49999.99999999999,2026-09-18,2026-09-18,False
0xadc81e83f12f897f16c1ed654522db3568dfe60b,49999.99999999999,2026-09-18,2026-09-18,False
0x2748b7981b6eb41e3fe6b4b88606d81eefa4bf16,49999.99999999999,2026-09-18,2026-09-18,False
0x9e11d719eb524579ccfcf28575b8daf6b4507095,49999.99999999999,2026-03-24,2026-03-24,False
0x94fff73d4c669ec620ff048aa471ba7c8a9c7826,49999.99999999999,2025-12-31,2025-12-31,False
0x923630e7e6cde553d0d245ced1781773124c556c,49999.99999999999,2026-09-18,2026-09-18,False
0xb0a317264e4f60f8057a02c555c46545c118c54b,49999.99999999999,2026-09-18,2026-09-18,False
0x3988a2a298017cc384b687079126a7bd2bad7dcb,49714.52915053218,2026-09-28,2026-09-30,False
0x03dde22375978879359c538059e93679239e1371,49709.815437832614,2026-09-18,2026-09-24,False
0x99490bb9997511bacc3ac36edeb627f9660d51d1,49337.24314163227,2025-11-05,2025-11-05,False
0x6964b60d556b88582375064dee2d142412f78755,49000.0,2026-05-23,2026-06-20,False
0x25d32cc0d2f5d08d9d26e29bdb4c351a77a09f3b,47908.609138243955,2026-07-13,2026-07-20,False
0x71d8ea141159deaeff0d293894ddfdf2be94a289,47438.42723903909,2026-04-06,2026-09-21,False
0x60bb6d4faf89e2e4b118dbe9234c33aa9ad005b1,47000.0,2026-02-26,2026-03-10,False
0x755d100c7596b02f590e7f6d117ef0914838ee85,46498.76328035397,2025-11-16,2025-12-14,False
0xee47ef50242d3bf7de97bb8b0624b83d0c0e1977,46000.00000000001,2026-01-26,2026-04-13,False
0x7b8dd2a4ad6c075e3403c45fa6959ee65b9e2124,44074.66710188734,2026-09-20,2026-10-01,False
0xd8d0e5954c974bc7bbf1cd2af1689eb570597e49,43474.215931475315,2026-09-16,2026-10-01,False
0x02f6b48f82d2f0b4d8d2c74886e62318901f219a,43020.53727634,2026-09-17,2026-09-24,False
0xb1a53dff4fad112f818210c708b288512837817b,41401.63325970469,2026-03-29,2026-05-16,False
0x0078839693903b0b1219e6aa5a05eaa449dba435,40000.0,2026-09-28,2026-10-01,False
0x4bb7ed12793b40ae003fd7380b827a93ae4c0802,40000.0,2026-09-18,2026-09-18,False
0x4478035eaa91a7099cdb80f4234b45decc357352,40000.0,2026-03-25,2026-03-25,False
0xedf6391166c2d5fae22477a9985c8fe9171c949c,40000.0,2026-03-13,2026-06-15,False
0x2e963d095c62f338b37feb1b4813ce4bc792cf0c,40000.0,2026-09-18,2026-09-18,False
0xb36e60337c5eee8123bdc322965446fc7fb39610,40000.0,2026-08-28,2026-09-28,False
0xbbabe19f094bcd8ca7720dd8d8ddf6b906a1f96c,37727.96817954592,2026-09-10,2026-09-10,False
0x6502adece87e764c411f1e582e920f6a07fdf166,36883.18158352888,2025-11-03,2026-09-17,False
0x419a9b9284722dd1e92fa69bd6140585de41f116,36701.17643820667,2026-05-22,2026-09-21,False
0x000000000000040470635eb91b7ce4d132d616ed,36308.703052329336,2025-10-27,2026-09-22,False
0xbb1dab6e4dc6650ce0263b567a3034f055ca475c,36300.0,2026-03-31,2026-05-16,False
0xd3c797c69550f4b510596f4e817aad8c6a040397,35500.0,2026-04-03,2026-05-28,False
0xc22ddef573ce763201c7235f934adc21d8de0dcd,35000.0,2026-03-15,2026-03-15,False
0x90a9ea77284c978ca04e93650dcec6a98dbbc7ea,34740.07843084511,2026-09-23,2026-09-30,False
0xb76515ee00f85f4a6d6461a283970e92825b19fd,34510.90246045342,2026-03-24,2026-09-30,False
0x2ebf3b8e05a751e997e2a544ebfe8267b5733655,34448.29446707189,2026-04-10,2026-09-20,False
0x0b2ecdf0f1ab9eab4dc56fe96b1c7be6305d995b,33961.22374534617,2026-05-03,2026-09-24,False
0x560d86d304b4e99bf93309412a72c360a212022c,33400.0,2026-02-04,2026-09-14,False
0x7c6082ab78f8abf00b3e3d326dc97628c94c42b0,32975.884242046544,2026-09-18,2026-09-24,False
0x6cd833a4ee2c58429b3e11e36519a6e214ebc83e,32816.45432489949,2026-08-20,2026-09-28,False
0xc8c91b2fc37673daae9d908b20c6a313fee0871a,32767.907459736685,2026-01-14,2026-01-20,False
0x15e24bcf62bbccb522fb12da2d864f97aefa7935,32353.198891191438,2026-06-04,2026-06-19,False
0x7ab28524ddd638d022742b68b47570541ba4e4d8,30873.20378787579,2025-12-26,2025-12-26,False
0x1111115af63bfbcc151e5753e2ea1a29c79d2f01,30047.575238499576,2026-09-17,2026-10-01,False
0x6b8980167d49b55d9b6936aca15a8b8051f3e1cb,30000.0,2026-09-18,2026-09-18,False
0xa3fd41d9a0eb209682dc07aa4883f7e85c3cc109,30000.0,2026-09-19,2026-09-19,False
0x959e92f560c91b1d0682d8133aa8d5bb4a6b3ae6,30000.0,2026-09-18,2026-09-18,False
0x92b82b2dd612fad764dc2d5c51312b49ced0536c,30000.0,2026-09-12,2026-09-28,False
0xe3870ca1554174984c97c6e671b2aed1774b2dc3,30000.0,2026-02-08,2026-02-08,False
0x072218711552e69fdf4d947d026a77bb6db6e06e,30000.0,2026-09-28,2026-09-28,False
0x61d9cd6d0b0efe1235be62469697f18b4e86ed51,30000.0,2026-09-18,2026-09-18,False
0x782084a9265ac0de4ca8261e382bb2246614a04e,30000.0,2026-04-13,2026-05-28,False
0x9ff556660a385f0ebd319aae73959b9c25cb3e50,30000.0,2026-04-24,2026-04-24,False
0xe1942747a334905fd9854b54f8f9f54e7e8222f3,30000.0,2026-05-07,2026-05-07,False
0x3e42d9f9040aa38f7fcd5f6c515195cebf11f344,30000.0,2026-08-06,2026-08-06,False
0x47fc36474238fa9779618180297d1e22891fe5cf,30000.0,2026-09-18,2026-09-18,False
0xcff423e82846e2751f29eea866c06413ac3572be,30000.0,2026-09-09,2026-09-18,False
0x082a043e78d0b19e7a00b383f235060e1bbcdf74,30000.0,2026-09-24,2026-09-24,False
0x7767a84c36ebd5a870303d7b7945bd74ba7199d4,29931.07920369591,2026-09-29,2026-09-29,False
0x000000fee13a103a10d593b9ae06b3e05f2e7e1c,29822.760857372643,2025-10-27,2025-12-27,False
0xd9bb6726371c7b4fc845ecbc2cd37a54e4dfc1dd,28621.993736298384,2025-12-30,2026-01-02,False
0xa89aecf8ed65fadd6d6913992de5a778c5af6fc8,28137.922112293265,2026-05-30,2026-09-30,False
0x89ac0396b90ba2af7a6677c1cac9718951f34a4f,27876.54241366488,2026-08-02,2026-08-02,False
0x333f8204281baf85af9ed2484c8601560054e8ae,27409.256220232466,2026-06-15,2026-06-15,False
0x0bf7d10ffdc557cb0348c66ec6c25173edf99aa8,26729.686441810816,2026-09-19,2026-09-26,False
0x3af155bb8a0703bfa1e7a4c6d54214627e95ec6e,26475.291140233952,2026-08-12,2026-08-14,False
0xc53adb5ad37fb22c3e6136496a2887547f601545,26086.05422199445,2026-07-21,2026-09-23,False
0xab33441f8306049e4cb1a9fe41f941281415e729,25437.19128452756,2026-09-17,2026-09-17,False
0x0532819d92a2e3c5e18b0b35d12e9c49bb2e899e,24999.999999999996,2026-05-03,2026-05-03,False
0xd18f091a46c47b31aefcdd4497baffcf687d34a8,23825.951366631594,2026-04-26,2026-05-03,False
0x2988983d105436843757ce8e45be5b3af3736445,23646.334249206477,2026-05-18,2026-09-12,False
0x9008d19f58aabd9ed0d60971565aa8510560ab41,23484.379189836764,2025-11-10,2026-10-01,False
0x69b52b9e0049fbd4d7c5e37d27672df05962013c,23480.846744373666,2025-12-21,2026-01-06,False
0xdd9a0146b5158e530039bb36a20545102613df3c,23374.999999999996,2025-11-15,2025-11-15,False
0x427e87a70abd497e86d2b5786be4cdc768675f95,23026.711435359946,2026-07-20,2026-07-20,False
0xc249733423743942473a214b06a128e8ddf1654a,23000.000000000004,2026-06-10,2026-06-10,False
0xe799f65d68d0fcd2debaac399954a1373abbc5a6,23000.000000000004,2026-09-10,2026-09-17,False
0x6e9b887d30edb6c8e7ba563a3b3615fe046744e6,22784.73944513502,2026-05-06,2026-09-11,False
0x059062863b5d84fe0754b95fc95989a5b40bc6f1,22646.0,2026-08-08,2026-09-28,False
0xeeb057237cabf3911655ce3f7cad202d2fa0b130,22632.91837121375,2026-09-20,2026-09-30,False
0x7ed19af7835f5c4229040ade57f0cd7df271dd59,22525.731430164014,2026-05-11,2026-05-11,False
0xbe8800f5d20bcd417ac23666e389f0c5a8d7463a,22500.0,2026-08-03,2026-08-04,False
0x3d0d8ce236bd45a8636e47ae9507758562391779,21189.627208219234,2026-08-17,2026-08-19,False
0x0fbac22bf05de9cc043a44e909d78b3926311eb6,21172.747862425535,2025-10-31,2025-12-13,False
0x1c745c03ab7d460ad0dc5124444a48ab07d78695,21108.2348158151,2025-12-22,2025-12-22,False
0xb02678fd155747e48b13e548892acc8ce61fe96f,21000.0000000105,2026-04-08,2026-04-08,False
0x757b00747bbf6275840fa66ebd973e0deacb72c8,21000.0000000105,2026-04-08,2026-04-08,False
0x99259c25bd9ddf9eaa8bbac0165ead31eaa4edd5,21000.0000000105,2026-04-08,2026-04-08,False
0x9a3e56dd2a5943d630329d0aebc1684d0002b7a0,21000.0000000105,2026-04-08,2026-04-08,False
0x6d74ebfed412dce12aaf76a9446de479dffbf583,21000.0000000105,2026-04-08,2026-05-28,False
0xcd130e9ddedce7ff785c7ae2ec34982b1718e0e4,21000.0000000105,2026-04-08,2026-04-08,False
0xb028ee58b59ed048c617d78f387d750a3178f42b,20614.39223479098,2026-01-26,2026-09-25,False
0x95d6151ee444260c7f05578148dde727762ee26c,20417.425099983822,2026-03-27,2026-09-04,False
0x4e658f3ccb14dec4f2805ce3b206ccf4fa38a19f,20000.480050298473,2026-09-27,2026-09-27,False
0x82a93e153378907f9ea41150349e5853a04c467b,20000.241742092476,2026-09-05,2026-09-22,False
0x41ac752b0022b1713a91e16d4b611979ae60975d,20000.00000001,2026-04-08,2026-04-08,False
0x34666a398ef1ecf483dd952017b770cfb9f58617,20000.00000001,2026-04-08,2026-04-08,False
0x2fc2d29791672c073e1f98ec24214df62684dde6,20000.0,2026-05-06,2026-05-06,False
0xa5ee29ac55467ebb2b81f926bd87b690424bb041,20000.0,2026-05-06,2026-05-06,False
0xbbbde9eefc4317dad3de9b9184ed37389bcf07a7,20000.0,2026-09-18,2026-09-18,False
0x3020e9431db7e26f5b9b82a30bbdeed11afa809d,20000.0,2026-03-25,2026-03-25,False
0x32c769a4788af9f592f45b25b28cb7e1df0abf6d,20000.0,2026-09-28,2026-09-28,False
0xbdafc2882fdfe92f7e77076520b5f100444b40a6,20000.0,2026-05-21,2026-05-21,False
0xc05873fb1b35d3df476889655781af6f53af8a04,20000.0,2026-09-23,2026-09-27,False
0xa4bcd60be2cd6549f9141748c171397420efca35,20000.0,2026-09-18,2026-09-18,False
0xd64a79282d332b94e15259fa3dde83ec786389e9,20000.0,2026-04-06,2026-04-06,False
0xc7f67f0df369e9f544c2cdc94fa375acfe0ff15f,20000.0,2026-06-25,2026-06-25,False
0x98a1d55f75bd0638c18ca55d073573bdc0931ef3,20000.0,2026-03-14,2026-03-14,False
0x4baa3fcc95fbbe9fb740927e8f77083a2a11b077,20000.0,2025-12-19,2025-12-19,False
0xd2224a79f09cdd9a96c27a33031d5b9cdab057df,20000.0,2026-05-31,2026-05-31,False
0x7f5d0e66ce3e67b9cdb5c3aabbe6e89a0f9f1843,20000.0,2026-02-10,2026-02-10,False
0xabf00c69c500f80ed89d4a8dcce9177ed4077bb5,20000.0,2026-02-27,2026-02-27,False
0x4fe3aade47a7a35560770ab438b29e9bec986fe8,20000.0,2026-06-26,2026-06-26,False
0xa12e1873a208837d112e35a934f6798fdde5f2f4,20000.0,2026-02-26,2026-02-26,False
0xdb337d7bbf8e6b4d560945d02979f1b072a4a0c0,20000.0,2025-12-25,2025-12-25,False
0xda0cf21c1027a3ad61634fe1bc6e5bafc1b7e308,20000.0,2026-01-12,2026-01-12,False
0x8388e5b16b35605dc358a2f495596a6df690dc52,20000.0,2026-09-18,2026-09-18,False
0xd352f606f2cb02bb48294ff5348767731f2b9dce,18863.8356165,2026-08-23,2026-08-23,False
0x5eec5cd6b5ee0705c9effc76c6c13189e55cd8a9,18803.68353647,2026-08-11,2026-08-11,False
0xee73c0c4e5abc8127d8f4b3c6596a49e3d8cbb9f,18283.733674283925,2026-09-18,2026-09-18,False
0xc57d3af37984aebb5c7de0537b9e238d15fb9119,18004.636014660155,2026-05-13,2026-05-13,False
0x27dab351646f15827cca05792df60f6dc3f22795,17703.48882956282,2026-05-20,2026-05-20,False
0xaaa61fc774bcfd4e7c737197dc69df4441fc718d,17552.34505981264,2026-01-25,2026-01-30,False
0x3b6a9e6317cf61eafae87f357f47846363a1de51,17260.107076144046,2026-08-03,2026-09-20,False
0x6576dba7210a9d5fbfd3eef661b20c03f6a61176,17234.133265011144,2026-08-13,2026-08-13,False
0x88c104239a7d5f665a9d60078c106e8796be70ea,17068.43791185947,2026-09-18,2026-09-18,False
0x474dfc41a2a91906be9c60c456bb026a464aa562,16904.460992817545,2026-09-20,2026-09-25,False
0xe20c3d8efcb90b6bd99f989b0cde627e326610ce,16806.72782119619,2026-09-21,2026-09-28,False
0x39a717ac2496328452b1a2e4ac3dce48fca62af4,16597.769567075135,2026-01-28,2026-07-13,False
0x14a38e369dfd15a9b5e5f4176f4eba7331bec9ad,16450.0,2026-06-23,2026-06-29,False
0x93b4e7d77de78f890261e6fa2edfe206ab5080b7,16450.0,2026-09-20,2026-09-23,False
0x8a3f76bfab9983b3709e1188487748a3d8320056,16386.13372162,2026-09-30,2026-09-30,False
0x429c858ab1e7c809eb1efae511c6600c3eb4380c,15897.79583060228,2026-06-06,2026-06-06,False
0x9874f758c78bb2ec9aabf1f558d982312ed75d64,15892.24498170357,2026-04-10,2026-09-21,False
0xf9c5ee3c5ee6ad02187f321bfcb163e3d3f7a633,15772.593745930637,2026-09-19,2026-09-19,False
0xf985fe3dd53a50ba4db10c3eac2d6b4534cbc0cb,15732.164653207232,2026-09-24,2026-09-24,False
0xf9a7405c52612666304b5b22c35bfda48d0bd5b8,15729.16094014516,2025-11-26,2025-11-26,False
0xd888e96fb675a1fbbfa486649f14fe4065e0a3b5,15687.128973934952,2026-02-18,2026-02-25,False
0x6cb2607a30c8fb6ca71e68e6142802c4510ad316,15652.469943585598,2026-07-30,2026-07-30,False
0xfa20665b307407e87230114d9bd8bf45037f733a,15532.985311735674,2026-09-18,2026-09-18,False
0x87a504f4cd2828932168ab95d2509c1939285c8f,15509.839839315468,2025-12-28,2025-12-28,False
0x44abb11fa452947256b87bce6525d6155eb901f0,15444.396477422404,2026-04-06,2026-05-01,False
0x555e058348add2e0838cbc3f3158ea2464b975a1,15400.0,2026-05-04,2026-05-04,False
0x222abfd02e85589d9646a4c693e6027a3d0c5793,15343.458369773576,2025-12-09,2025-12-09,False
0xcd92f7c97a3f4606f42bb137459ba023f690687a,15299.999999999998,2026-09-17,2026-09-17,False
0xaea813ab526795f9f2641220c8d5bd468e493baf,15261.450225080938,2025-11-26,2025-11-26,False
0x8b3972244a9b8074decf8d098cc1349618d28026,15073.489593620408,2026-09-25,2026-09-25,False
0xbb29fc4a69ab1142d5d393e8e25111b895b96633,15000.0,2026-03-17,2026-03-17,False
0x2dee797bc4704d347584658b202a09919cd43fe5,14863.0,2026-03-10,2026-03-19,False
0x3af113d74c1a4be34cf9bf00db15404626485779,14811.974929893462,2026-09-17,2026-09-17,False
0x7e1d1c8b8fdff008859139d30c672256b0f04675,14544.606017675433,2025-10-29,2025-10-29,False
0x8c18a333d0e630553ed8e235e18b5018c2b61038,14433.39940722551,2026-09-18,2026-09-18,False
0x99ee930f292c4f6bfd884d6d0c25362c96062598,14217.301855485273,2026-09-07,2026-09-13,False
0x21a7398d8aec25e296baf196d22fc0d78bd3ad9a,14174.416884584069,2026-02-10,2026-09-17,False
0xa2dd932353fa7139761df1a4f9cccdb604e6fdd7,14098.028794868056,2026-01-14,2026-06-26,False
0x57f5ca190e6a6e880830b28b55f032aad4ee362e,13617.822171145986,2025-10-30,2025-10-30,False
0x2125373f59031bda729fcc0eac954dc3241c6986,13496.518299467547,2025-11-10,2025-11-10,False
0xaa3bacea0b66579b6a02af4225bbe803a3c74377,13283.164626583832,2026-09-19,2026-09-19,False
0xa21636070280298e1bde98dd9f190d2d53e3c638,12931.075986793097,2025-11-10,2026-09-17,False
0xd54b4788576d81a4677a10e3d3ca182caaf7f1d8,12349.677822241116,2026-09-29,2026-09-29,False
0x165143cdbbca0c93d31cc5f5d608b849fb3579f1,12087.948593386134,2026-05-10,2026-09-18,False
0x349a106811a68bf0cdf231d52839a32d59d85a6b,11818.42887421092,2026-05-07,2026-09-18,False
0x7d1b193e01edea72a46b59065cfc06941c9d325d,11800.0,2026-04-21,2026-04-21,False
0x201c00fdab4959f98a68efc98699379157de7255,11796.425070830097,2025-10-29,2025-12-02,False
0x87dadb6198585d0c94ba2e39021ad27fae26fadb,11580.645494046514,2026-07-29,2026-09-25,False
0x4814c4e88de5ae7012d640003c986477b3dbecd9,11517.493848920702,2026-04-09,2026-04-09,False
0xf94d65d044e44fc29e8b2272ddc865fd7d435c3a,11508.280902069597,2026-09-17,2026-09-17,False
0x342c9ff398262d4a2824d80e08dea75dcfb548eb,11431.429432185205,2025-11-24,2026-02-05,False
0x75f5b54f4535f1da80ba875b5a03fb653f4a6310,11400.036705847782,2026-09-09,2026-09-09,False
0x3154cf16ccdb4c6d922629664174b904d80f2c35,11364.545876,2026-08-13,2026-09-23,False
0x4ff1d40fb7b56665bf95d8d8e3a5320de46709a1,11194.646263231765,2026-09-17,2026-10-01,False
0x191708e2a7e275fc18dca3c64f681b18d99565e6,11066.491892991018,2026-09-29,2026-09-30,False
0xf496ebf9f2f67e1eb548b15565c8b5dbc8700f11,11039.609029216037,2026-05-07,2026-05-07,False
0x5e7dcd77bddef0d56d3b541c9bbe84a4838431f5,11026.643276478917,2026-09-18,2026-09-21,False
0x6e35acba6e0335e432b352dd3dddb3dfea83f0cb,10689.26627886,2026-06-12,2026-06-12,False
0x1c6dcde38dd5ad44c5e973ebdeebcb83d9b95cce,10669.456512822968,2025-12-24,2026-09-18,False
0x8cd0f4f33be5835a5d802747c1e1f16739f1c77f,10624.40601878242,2025-10-31,2026-05-14,False
0x28bf6006d87de7f44445905aa4f5cb8c0d8cba02,10534.847131987568,2026-05-24,2026-10-01,False
0x11b0951c450f72ef3641fbd88f3da504b6ec0070,10500.0000000105,2026-04-12,2026-04-12,False
0x1297562d2fe0b7c6a026c36c0493cdacb5da2f99,10426.116740295292,2026-03-29,2026-05-16,False
0x0ab92049700d1b6f7f72481c089e168fb663db35,10400.0,2026-04-06,2026-04-12,False
0xb4f34d09124b8c9712957b76707b42510041ecbb,10314.539384561249,2025-12-26,2026-07-28,False
0xd84fa9b4d94a69f449833386498a13fbd4b40ac2,10310.814662836045,2025-11-05,2025-11-05,False
0x3303021e01d73b0bfba35eab33ef4d6dd25d2124,10187.988545222172,2026-09-18,2026-09-18,False
0x34784d55d3195d2a3af9fcc198766a20689f3bf8,10172.564920886105,2026-04-22,2026-04-22,False
0x6b931053bfc30fd0028ebb0e6148941f9759aabf,10132.63610366397,2026-05-23,2026-09-20,False
0xd9cdd98224def4a153c42ac0dbd2273e78a281d0,10045.717014949287,2026-08-27,2026-09-19,False
0xef94a7f6aecefebd6c46652b674d78fa6f856b81,10005.698118234706,2025-11-13,2026-09-22,False
0x41e2df70224fa873616018b838ba70c466558401,10000.00017896741,2026-09-18,2026-09-25,False
0xa0b3a8d7e06715631309c33d6ced8e8d5895664c,10000.0,2026-06-01,2026-06-01,False
0xe311ed25b98e8bccb917f20e8d308af0c8bef87e,10000.0,2026-09-22,2026-09-22,False
0x520741623b071f2b00eaf77fba1af22ce2d88951,10000.0,2026-09-19,2026-09-19,False
0xb1acb7c41e3303e21b608c2fac39bf67fe9ac7e7,10000.0,2026-02-06,2026-02-06,False
0xe1b01d3a6e207cf0c32208bf3a8fd681fe2562fb,10000.0,2026-09-18,2026-09-18,False
0x4303dd1fd96a706471c2e697e7dcf2c76fbc7410,10000.0,2026-04-24,2026-04-24,False
0xebfafc77cd342a93b5ce93edd3f2eaa299aab144,10000.0,2026-02-09,2026-02-09,False
0x4cc23d703109c29cf7d69e6b468e6ad4c29ca938,10000.0,2026-09-18,2026-09-18,False
0xfd2a45567e5a394303010b9077d5d9f406176921,10000.0,2026-09-18,2026-09-18,False
0x5746fdb7013194a5ad96996897355e2d80c5a654,10000.0,2026-09-21,2026-09-21,False
0x580f624a3166b316af25ad990cb25d2b873f334e,10000.0,2025-12-19,2025-12-19,False
0x016d80f8e7c209617f034c14a2051a254d976d7b,10000.0,2026-04-22,2026-04-22,False
0xf4e33ee2838a136695688bc7f262bc4a99655b07,10000.0,2025-12-29,2025-12-29,False
0x49475bf1cfc389093a4c72f709a2b6984f1c520d,10000.0,2026-09-18,2026-09-18,False
0x46d0c869dab918d40bfd7492adbe037b3b1b3ed5,10000.0,2025-12-18,2025-12-18,False
0x03ca06b67437d4446f39e7369dab577ea00a07bc,10000.0,2026-09-18,2026-09-18,False
0x0402d1621e7260c4851414991c78bec150a08087,10000.0,2026-09-28,2026-09-28,False
0x5ca2bf751102f88c8b6bb803ae01b5595ddc2c89,10000.0,2026-09-18,2026-09-18,False
0xcee278e5a3f7bb34b1229acef6e91d4080d62900,10000.0,2026-09-18,2026-09-18,False
0x405c8b30708d49d2a2aa2291bb2df82e665249d5,10000.0,2026-09-18,2026-09-18,False
0x56b483c6e576f08662dd0f4bdb1abd6eac0261f6,10000.0,2026-04-20,2026-04-20,False
0x117bfecfd55722427fbc078b937a16e36294b9c2,10000.0,2026-02-04,2026-02-04,False
0x11367d6582334305803b4ee8fa1067d8870dec6d,10000.0,2026-02-01,2026-02-01,False
0x1b3b92712ee7dda48d12868298f57da27fba2291,10000.0,2026-09-18,2026-09-18,False
0xb333342c9b71aa4f0951294fa5b79d64458bfd4a,10000.0,2026-09-18,2026-09-18,False
0x8ac6a3174d8cb240c0c05e8db29334a114b459f9,10000.0,2026-02-09,2026-02-09,False
0xb5e116d80f13230e63123bffbc026d716cd0eabb,10000.0,2026-04-23,2026-04-23,False
0x83f96032b155e0f36c69472c67662e01d5a74b87,10000.0,2026-08-25,2026-08-26,False
0x899c9cb314e65d1c0b044ad062ac13cd0a391747,10000.0,2026-01-25,2026-01-25,False
0x858ce97bfbd4b614c31fc6fba3fdd5ac093a30c2,10000.0,2026-03-20,2026-03-20,False
0x7f61fed6f6ab845e7a3e2362d67edf216b492d3a,10000.0,2026-06-18,2026-06-18,False
0x83300cb2314d52b72bea1f54ce912400d99ab30e,10000.0,2026-09-28,2026-09-28,False
0x29effec5af9e35809ed6b9e23382fb1cbe6cfad7,10000.0,2026-08-21,2026-08-21,False
0x82bd4b6bc581a67601886776bfa64fc70f30fa5f,10000.0,2026-04-23,2026-04-23,False
0xb9a3790e37f59abd55d01015e3716a9799f83cc8,10000.0,2026-09-18,2026-09-18,False
0x7af1a372aaf469a603ed0f241346c2d3e0220545,10000.0,2026-05-08,2026-06-15,False
0x7ba08fffbbbfb1f397c74ecab2a16a88e4bebe8a,10000.0,2026-09-18,2026-09-18,False
0xb6c582cf606fd8b95a0d1f7762b1b237ab67f303,10000.0,2026-01-23,2026-01-23,False
0x16c8387d21514de3889b126ba1d565b1b090bd01,10000.0,2026-09-18,2026-09-18,False
0x68cd493f2077ea56d18c089c29e39a3a41f21a48,10000.0,2025-12-27,2026-02-23,False
0xb5d417764b8b4245c306044aca161ee069175d7e,10000.0,2026-06-29,2026-06-29,False
0xb56ea837169ffcccfc924abe9ba45dfee4889648,10000.0,2026-06-03,2026-06-03,False
0x890651ac2dc38a1ec0dbd368edf630b6b8bbfc4a,10000.0,2026-09-19,2026-09-19,False
0x809e6e4ea9b1438247f3e8196874eb6a941a1532,10000.0,2026-04-09,2026-04-09,False
0x7db077e421d50be27e120caecac47ebbbb02f61a,10000.0,2026-02-27,2026-02-27,False
0x3a074a2878ac680b5a1808ae905f05bac41af4f4,10000.0,2026-05-21,2026-05-21,False
0x2d67aa38feff167d975b9531a924a4aadcaeae71,10000.0,2026-01-12,2026-01-12,False
0x7f1f54d5f9eab5aa168669add348d2d063661bd8,10000.0,2026-05-17,2026-05-17,False
0xdba4744f3e0b54c3d655457c050cb35c84f92627,10000.0,2026-07-09,2026-07-09,False
0x0ffdb7083761523de41c6c2cb60c48139b10d028,10000.0,2026-02-06,2026-02-11,False
0x67c1d67606dd37a262675bd030ced6d64bba08ac,10000.0,2026-06-10,2026-06-10,False
0x38228ddf6b123e52d789c67453a838bd80d3b223,10000.0,2026-09-19,2026-09-19,False
0xcc200d4aad018c65961c15403420a0eeafdfe60b,10000.0,2026-06-26,2026-06-26,False
0x8e0ccc90ee59b4a8c80084ab7f62f07e2ae25d34,10000.0,2026-06-17,2026-06-17,False
0x298523faa843ca40e83b7934170ca874a4fa1b04,10000.0,2025-12-24,2025-12-24,False
0xad16c0fb64b768bdd9374fd5f50a372a39d9f194,10000.0,2026-04-14,2026-04-14,False
0xae707fe9c15e54ad5b6510e8f6e517ff4444c6e7,10000.0,2025-11-10,2025-11-10,False
0xafe92156c26a8e7474fb4e954bca6ccfc9a68d33,10000.0,2026-06-02,2026-06-02,False
0x1fb6c2c112ff1d1c1424bfdb334887eb9f22e727,10000.0,2026-09-18,2026-09-18,False
0x98a3ac05552816b9c19f8879b6444bad1f341f22,10000.0,2025-12-20,2025-12-20,False
0x97c854d9ba134044e53d6aad02ae567f1b274a90,10000.0,2026-07-13,2026-07-13,False
0x1f16c67b70c08a475639ce192359cf0f9a544fac,10000.0,2026-09-18,2026-09-18,False
0x260db95d18ce83e13d5175d52617bd14c239c753,10000.0,2026-09-18,2026-09-18,False
0x93935cd88b20bfbd1e6026a9a329fbf2789d6cb5,10000.0,2026-09-19,2026-09-19,False
0x9377fd22d34a01012dd279e052df48f4f0386900,10000.0,2026-09-18,2026-09-18,False
0x95a11d61ca938e023b4b9545d98b8d44c0d256e3,10000.0,2025-12-27,2025-12-27,False
0x794dbbe0a0ede6123cf22f3954ec49868c36c787,10000.0,2026-04-03,2026-04-03,False
0x680a6180d5626174a25a6ccae99a31562c88c882,10000.0,2025-11-25,2025-11-25,False
0xd3c4f7c76db3f9461932585d6ed14e3a2e59adbf,10000.0,2026-01-22,2026-01-22,False
0x1395047e54ad4ec6d63ad13de4c00bfc8ab7459f,10000.0,2026-03-26,2026-03-26,False
0x6ad47c52f30f55ff491fbec66fc6e28264f8642d,10000.0,2025-10-29,2026-01-22,False
0xc2053d8b2edd6a2ef130ac977da74e069e7b69e4,10000.0,2026-09-18,2026-09-18,False
0xc2734a8a80d6674a948a09cd6d7b9df751563b42,10000.0,2026-09-18,2026-09-18,False
0xbda04150dc46578231b2fdabd3aa69b1ea6d60b5,10000.0,2026-03-05,2026-03-05,False
0xe91279d3ddd2013eb12dd97b47737fcb44bc0ad9,10000.0,2025-12-18,2025-12-18,False
0x6e9d6a7edfc67225b14f057fd1cc73b017815b70,10000.0,2026-06-03,2026-06-03,False
0x588c968b06c4ef095d8276652ba37c0a7e9b78d8,10000.0,2026-02-07,2026-02-07,False
0x3212c729a0ceefd648ebb214c0af5fed5279c152,10000.0,2026-02-23,2026-04-26,False
0xe9c9a18d71efa5f02754dc50fe9e16f1bf229433,10000.0,2025-12-22,2025-12-22,False
0x576f25a6ec2e42154bce70c13b7fec0d2a6d3ccb,10000.0,2026-07-09,2026-07-09,False
0x6be1145e4151a57da9beee37ae95a172e471e6e3,10000.0,2026-09-21,2026-09-21,False
0x1976dfbdbaae8207fc6e036c17d2cbd7a81525a4,10000.0,2026-02-19,2026-02-19,False
0xbddc0aaf87f9832202a7d620b3ccea5923a98561,10000.0,2026-08-14,2026-08-14,False
0x1a8f0fbc7c91bb1562e2da60729f5e5e3570cfb2,10000.0,2026-09-18,2026-09-18,False
0x1a9ca212933ce6e501e1e88d60722b483a50bb82,10000.0,2026-02-16,2026-02-16,False
0x1a64c1874487e52307e3834b36ac85262de70714,10000.0,2026-07-12,2026-07-12,False
0x1a9d66098b2a1b35ddb19df1a85e257ec2b083b3,10000.0,2026-03-13,2026-03-13,False
0x5da5c9e66d606b92d27ef7291aa77af5a3bdefeb,10000.0,2026-04-19,2026-04-19,False
0x1c79449cbd4373f8eb975d994ade752ee5e612dc,10000.0,2026-08-20,2026-08-20,False
0x5d4109870658b993cd5dd8678d644e86f1679fec,10000.0,2026-03-22,2026-10-01,False
0x5d781029186f53e768957396f18272aab5e45996,10000.0,2026-03-16,2026-03-16,False
0x5d3a9d1aeb5ca2c4ef6a533ff775c4ddac875675,10000.0,2026-09-18,2026-09-18,False
0x0dcd5a3b4690342e660c1c7bc4f1c64597db6f99,10000.0,2026-09-18,2026-09-18,False
0x575c6ef010a4fc06f5f3228fafbf11768d1a0d8a,10000.0,2026-09-18,2026-09-18,False
0x21c4c9ff29277e9672f0bf1f3c7d34076e57ec3e,10000.0,2026-05-20,2026-07-17,False
0xe041bee9ccdd7c66c03fa809e9bbb3f54fbba026,10000.0,2026-07-03,2026-07-03,False
0x0b41c6b488f3fb5067818cf506457d27a0cb7044,10000.0,2026-03-06,2026-03-06,False
0x9cb944e7f2a062fd79821f654f1065bef6f7d803,10000.0,2026-03-16,2026-03-16,False
0xdef30aebc0c17f4fd040f88362b8fd21cb039a61,10000.0,2026-01-20,2026-01-20,False
0x24aabf9b409f9303728e3fc2c21db1b786539acb,10000.0,2026-06-03,2026-06-03,False
0x2599fc023db3e11aea7c27c893c03c3a4a0e5a6a,10000.0,2026-09-18,2026-09-18,False
0x9b17f3b8cc8a4afe72dc2011ac15a508dc0727b0,10000.0,2026-02-03,2026-02-03,False
0x9ae85f68426432eb78bb40493e302f5184e96897,10000.0,2026-09-29,2026-09-29,False
0x738791c20912b74b89d705a527d66df2bacbcd98,10000.0,2026-09-18,2026-09-18,False
0x256b56c2f7ac4ecb16c79b5559038f96029ed160,10000.0,2026-09-18,2026-09-18,False
0xe42430e40be1744b3f2a5d1e91c0e10ea2a114f7,10000.0,2026-09-18,2026-09-18,False
0x33cf214b14e23b0c656f888f245bf666c3e153a2,10000.0,2026-03-13,2026-03-13,False
0xe448c8e76c3ec09ccbbca5d800f5f12b23643aa0,10000.0,2026-09-18,2026-09-18,False
0xe4a2e32054068a5c610da3c0f5c6617bc91680b4,10000.0,2026-04-05,2026-04-05,False
0xe3cd7d6ec6d150602b8668f3bc4f753c6b05871e,10000.0,2026-07-08,2026-07-08,False
0x728fe9565a10b34463baa71dd3311a4baed315bb,10000.0,2026-05-01,2026-05-02,False
0x74b9e681674b9bb0e9e30c95b60b0e9e4025a8cd,10000.0,2026-04-12,2026-04-12,False
0xe5acd854a9c0d05525dc28b1f08069ab15e3dd66,10000.0,2026-01-20,2026-02-04,False
0xf164fc5ccf99916b6a1b6a3253dc7d421595dcd4,10000.0,2026-09-18,2026-09-18,False
0x07d3b209b56f92468830192c06ee2a2ed934f213,10000.0,2026-05-25,2026-05-25,False
0x4c906f05f4427fa74e0a0031e12f87a17fbfdc2a,10000.0,2026-09-24,2026-09-24,False
0xf505ceaef908da99c30a0d7a14532c18e6c83bf3,10000.0,2026-04-27,2026-04-27,False
0xf45af648513384e93359794bd01bd8b79fe21a5b,10000.0,2026-02-02,2026-02-02,False
0xf335ded2985509ccb3be1dbdaa91e704ed9e9eaf,10000.0,2026-09-18,2026-09-18,False
0x81324e3381bbf874132c4e35042dbaef6015bfd7,9999.568615211723,2026-01-07,2026-01-07,False
0x7405645d6e1669f4ccc4e1064ca7d82dd8cfc047,9999.0,2025-11-11,2025-11-12,False
0x4451e2a00958e276942bb2fc0969f33d16ff0733,9999.0,2026-03-24,2026-03-24,False
0x93e9be52b7aaa3091483d4dc5e0fd989e5821a0c,9998.0,2026-09-18,2026-09-18,False
0xded46174e1109f369f0278c43944c36780e38b4d,9982.0,2026-09-28,2026-09-28,False
0xaf97911849c5a532adf485c1487c4769a26d16a5,9910.0,2026-02-10,2026-02-28,False
0x6328deccf480537d0e1a4369582b142f9cb74e9d,9900.000000000002,2026-01-20,2026-05-18,False
0xb30aa7eb2f3a835e01d42dd5026a6e1c67ccf927,9900.000000000002,2026-04-21,2026-04-21,False
0xe4ad6b9ed0d724917aa6a47b24a760a665674050,9900.000000000002,2026-03-11,2026-03-11,False
0x40d25477a228171be0291297d497f2e65a4e4c65,9800.0,2026-01-28,2026-02-09,False
0xe270d88035da1fd0c099c0629eec2758a62cae65,9751.766142318813,2026-07-15,2026-09-25,False
0x755a87a513e5963494b807161d66e0848c779858,9741.173134956283,2026-01-02,2026-09-23,False
0x023916c1cb8d80b2e5c16057ece47ec057348028,9680.015483293912,2026-08-27,2026-09-22,False
0x6261d5376618fb42b28f21f57d391e4333b066ad,9646.221550013921,2025-11-16,2025-11-16,False
0x9ad2665d5ff2066dc415f4484b5ee816c2337c14,9528.316554696295,2026-07-11,2026-09-07,False
0x18745fc23d396795f93e5bb107440b4155616fb3,9500.000000000002,2026-09-18,2026-09-18,False
0x9027a183d62ae435c3372ca63875fedaaa55d621,9373.07204280421,2026-03-25,2026-03-25,False
0x2382e6c9cde357a3fa3ecdd255defd3499e572f4,9327.443077338554,2025-10-27,2026-01-20,False
0x64d2624ed4454cfb1f06abc4c6353d744caa198e,9178.948064136617,2026-04-29,2026-04-29,False
0x6af0a3ed35f5429ec36feb01e52f36cf5b0de31b,9100.854682801933,2025-11-06,2026-08-24,False
0x2da5e54ac1fad54ff9f99f068ae35b82d785277e,9059.458251110707,2026-04-25,2026-09-25,False
0x0a0968a6e5b29aeaab42c2d8b56358aad27c131c,9020.0,2026-07-21,2026-07-21,False
0x5ea2b0a13a99abf3477cb199a16fdb381fe3df0a,9003.98816475425,2026-09-19,2026-09-19,False
0xff52c08529d77dfaf6a6644fac31783829ab1080,9000.0,2026-03-10,2026-07-12,False
0x6abbf36dfcf8a677770df9b2f3f5e48812fa1889,9000.0,2026-04-04,2026-04-04,False
0x5ec6cbdd09d07f53140e4de4b1b351f4b2c7279a,8996.27157909,2026-03-04,2026-07-31,False
0xbb0f82c75965c601519e926e66d839b16e5ff60d,8900.0,2025-10-27,2026-07-22,False
0x9f9e27314492f2494f7e51b00aec6d8e4842e358,8859.118267724216,2026-05-21,2026-10-01,False
0x8666542f15cd96078a97032c230a0aa786d5adee,8800.478889183085,2026-07-29,2026-09-25,False
0x37017007b2eff4b5a1fc1364f8a69d56c140742f,8800.0,2026-04-01,2026-04-04,False
0xd6c42f63184f60fbb2e147fbbc0597620c8fbb41,8793.6198723,2026-01-25,2026-07-21,False
0x8cd77cc6fc01da21afe62ea610e3b3aa971baf8b,8784.248457560601,2025-11-07,2026-09-25,False
0x77d2a54b25785b7919213ca07f0b37fbea80a300,8698.0,2026-03-02,2026-07-21,False
0x2144518ad1ae0674130239437361f8a93ce0330a,8616.958396299913,2025-12-18,2026-01-01,False
0xb8c119e8e62e980543e5e163e0cbf228a0abcc6a,8334.623443195615,2026-04-22,2026-09-25,False
0xdeb234510ed1a5d4e8da5ae44cbf22aeb6a82988,8142.936051562007,2025-11-12,2025-11-12,False
0xcc632197f330253b4accb6757b0b8df41bd85115,8066.823615021175,2025-11-04,2026-01-12,False
0x00ff2e8fb8c3f164bf31783dd6176a8781988dc8,8000.0,2026-06-07,2026-06-22,False
0x4cdefc1d4e2bdffe51d0459206969158c6e752f5,8000.0,2026-05-16,2026-05-16,False
0xba84d3754c8df06419cb39215e21885ac127e75b,8000.0,2026-05-03,2026-05-03,False
0x72620f5523610f3312255a5a36ba3b495ffda1f5,8000.0,2026-03-18,2026-08-25,False
0x7841782a8f4482848e283af7cc8e52f6215ae142,8000.0,2026-07-02,2026-07-02,False
0x707707f87117c78e25806a575d23a1aa81c20bb0,7996.09569993736,2026-02-10,2026-02-10,False
0x1111110f0f73c0b2ef09ec012eae758b3e03a902,7966.638554752492,2026-09-01,2026-10-02,False
0x44ca3dba07a77a092e12da41778ad311c0729eeb,7929.943027242786,2026-05-11,2026-05-11,False
0xae5e48cb7673f5fa6d79f0113676325845f434d0,7807.199309186585,2026-09-18,2026-09-18,False
0x753cf91c3e304a583386a20ef9c227acf3bba524,7718.000000000001,2026-08-24,2026-10-02,False
0xd834ec8697f4ab0ebd626c0db8e2f7414e1f082d,7667.997209352624,2026-03-20,2026-09-28,False
0xa9bf37792b87e722ff8d2e949b613e0b0a31ce6e,7500.0,2026-02-25,2026-03-23,False
0xda6a25b8cc710a3716af96cee7a27a03446d49bf,7500.0,2026-07-21,2026-09-18,False
0x154ce4fae2704b4b23cd099c085aba19640ff12b,7500.0,2026-06-15,2026-06-15,False
0xbcd59fa28f38ecb5ae99c42b840b06f7dd7229c1,7449.431502307974,2026-04-07,2026-04-07,False
0x7649c215d59ec1a44f80effd3de037d911a6dca6,7432.272983785488,2026-02-05,2026-02-05,False
0x98bd92248c6dccb093278b77f28e3288deb425fc,7397.782335901231,2026-09-19,2026-09-20,False
0xa32d159ef1b040a0ae7d146cbeac85ac3f59e847,7157.579369825524,2025-10-29,2025-10-29,False
0x02231a765eb658c6634d79cc9ad873dd97426e9a,7149.6587843199495,2026-09-16,2026-10-01,False
0x6f4cf291b3eea9bb5a72a109d63a546a97d2e73a,7134.438137403147,2026-04-23,2026-09-04,False
0xa3752af0d28549a04b2bb90c9fb5533d380c8ffa,7004.206871806451,2026-05-09,2026-09-30,False
0xde655e79f516c197768e0fa79d3d4735d5472139,7000.0,2026-07-22,2026-07-22,False
0xb2d96e16768584fae1112e0b7b562a03fca17229,6980.1075233911015,2026-09-19,2026-09-19,False
0x6af81fd3b1d7c1ebf080983e0c5cabaf4459d76a,6925.005887435327,2026-06-09,2026-08-20,False
0xe26dfa7a274d214716bb4644c4a2f5a75390186a,6900.0,2026-08-27,2026-08-27,False
0xaada4f7a8b188a973f5fc2e592deb12d864a48cc,6705.159097873535,2026-07-25,2026-07-27,False
0x04a85f74bb197fdbb5191aa6a1d0db5e2b835443,6692.64465780953,2026-09-18,2026-09-30,False
0x84ba9be9ff0d694f5a96bde1ed14f6b198efa09b,6500.0,2026-09-18,2026-09-18,False
0x8a3a0c58941bc5fa0ac2f8d28f318503b0b4aaf4,6500.0,2026-05-18,2026-08-18,False
0xf786e3f55e6564b5b3fcfc22460d49a89a72ff43,6500.0,2026-09-18,2026-09-18,False
0x14138c493d9b037124c221468a6252d6427f813f,6352.479573289999,2026-08-06,2026-09-17,False
0x674bcf5edf37027cefa860fa8beb09f1f7edc6c6,6320.990169084567,2025-10-27,2025-10-27,False
0x52d683999fec11fc9b1cfe57b3c8f4a620e67571,6278.001715301758,2026-03-03,2026-09-27,False
0x67ef31c66e5b87d2710a8fe5e95525b1bfecd005,6207.737852184413,2025-10-28,2026-09-21,False
0xb843d0c22e74f859a68b170d1d9932f792402cf3,6205.555901057536,2026-03-05,2026-09-21,False
0x9fa2ff35f782d37f972f615986fc5003297b940c,6040.502042580813,2026-09-24,2026-09-24,False
0x426585d23880eb14ecd71206f25ea99f45f9fcc5,6000.0,2026-03-01,2026-03-01,False
0xdd7f846f23dbafea2f335ec5d080f8a33329960c,6000.0,2025-12-26,2025-12-30,False
0x8f0f02db636abecce6c5de7d063f7a05b058e9c4,6000.0,2026-04-14,2026-04-22,False
0xc8aba6b2be6316982b0de9c1b6e42e09a9d73049,6000.0,2026-07-03,2026-07-08,False
0x65e263f09c53c43239d006a079a75e5d537581ab,5934.038688092858,2026-04-25,2026-04-25,False
0xf6e5b188c69362399f4eed30b0d74f43d6713c3c,5923.81844386322,2025-12-30,2026-02-22,False
0xbb3a1c294da0bc8d5a5cd4b3603366beb158f95b,5802.855671696599,2026-04-29,2026-08-13,False
0xdb1cc079c6de8dffb5cfde081cf142b9c8721e11,5701.147276001814,2025-11-03,2025-11-03,False
0x7119cafe5c249cc08c58572fdcaedfa740ed4da7,5698.8842245310725,2025-11-03,2025-11-03,False
0xabd3c557dc1bfe23885b248487086df77b8cd529,5581.90805881845,2026-08-05,2026-08-05,False
0xc36b47fc328c2bf15e50739275190295acfc2a9d,5486.7921285014845,2026-05-09,2026-09-04,False
0x115521a5951a08ccc511e676fcd3d6fce6ba8009,5468.39703287031,2025-11-15,2025-11-15,False
0xc6fbbf376879f58a54599eae76a093d77412df2d,5464.010787593908,2025-11-13,2025-11-13,False
0xec2ed6858e83fc49e51538da68a23b80b9ed2858,5455.577918264505,2026-04-18,2026-06-21,False
0xec020fbaf2885d54231a13c5bf0d6acd1c31f792,5449.805362326218,2026-07-20,2026-08-04,False
0x1cd3f3d6fb909431303ffa3d72eb8184b2a8fdbf,5412.529091,2026-09-22,2026-09-22,False
0xb0192b753dc3054abc81e7c93a0e27bb89086b1f,5387.507577637039,2026-02-03,2026-04-10,False
0xe274216d1d3e0fabc8fcbc4d13fa600c92bb807f,5369.204788508434,2026-09-17,2026-09-17,False
0xf0678c5f145e2c73dad1e9f2df02a2b7ad5b7250,5290.753998582298,2026-02-08,2026-07-03,False
0xea863c1e869176b2d89297d40ce510eaf84ee9ff,5273.567743279782,2026-05-24,2026-06-04,False
0xa25060a215f655422c4d623b28d252912069cb93,5200.0,2026-07-19,2026-07-19,False
0x2278f78a7751a34273baec5d21ca45421f632ffc,5163.7277401783695,2026-09-20,2026-09-20,False
0x3eb53630127e8e43912a4d393729441ae83aece0,5160.0,2026-08-06,2026-08-06,False
0x13ec896056697a7cd1419c57e14fc2b208f3ded6,5059.633852147176,2026-05-22,2026-09-21,False
0x167869a29462aaf767f21bb67e631b9f2a49d334,5000.0,2026-03-12,2026-03-12,False
0xba23a307d49e17c9bc6e5e7e2c06a8074736c9a7,5000.0,2026-09-18,2026-09-18,False
0x7c51238f50fc6e5e7ed62dbeac2344bcf53b819a,5000.0,2026-05-18,2026-05-18,False
0x525bb48f87ee5a1684fe67d492d46943fa99add9,5000.0,2026-06-10,2026-06-10,False
0x533cf800812e8f9fbff91eb83004ee009c8384bb,5000.0,2026-03-28,2026-04-08,False
0x3d7d6ee82931fe4dda552d1f793aacae906591a0,5000.0,2026-06-29,2026-06-29,False
0x50df751354f316af1036a0b0bdc37feb6e6daa54,5000.0,2026-08-27,2026-08-27,False
0xc3a95fb849a1c3b39c829ed8105139589fb5d20f,5000.0,2026-01-31,2026-01-31,False
0x13030ba18114366ccacfbcfa78649047c24e9134,5000.0,2026-09-18,2026-09-18,False
0x76fed05a88836ba102893a7b9ebbd87152e7f38d,5000.0,2026-03-25,2026-04-06,False
0x5402570410f51c398118a01d6c9097b0db2976b8,5000.0,2026-03-01,2026-03-01,False
0xb6de1c38b773fc1e47c06a1c5efea36ff246f257,5000.0,2026-01-01,2026-01-01,False
0x95b8663b4ca1d05caa7769086dbd22a5e5bb1507,5000.0,2026-01-05,2026-01-05,False
0xa4280a62f9a0cc07dea89cf3422c3b4c3152e592,5000.0,2026-04-27,2026-04-27,False
0x962d89bd90ce947f2d42fe709c2c603dcc7dac9b,5000.0,2026-09-19,2026-09-19,False
0x66b88a74223b301c66e63887ff9a851f0687611b,5000.0,2026-09-18,2026-09-18,False
0x2adc5c22df109398848b509d5b71b547d60ce9af,5000.0,2026-09-18,2026-09-18,False
0x65bc3426f7693a7bdaa5737b2cb1b75f59d5d60d,5000.0,2026-09-18,2026-09-18,False
0xa44d7d1f99e5b9ab16993f8adeaf3cba27744da5,5000.0,2026-09-22,2026-09-22,False
0x3c42376dd420eed9281febfbc805f8d2e02d549a,5000.0,2026-03-13,2026-03-13,False
0x1cb1f143ae1704b7db2886db33c8d513742bdfa3,5000.0,2026-09-28,2026-09-29,False
0x21c15f377d4c6ca5e361d54cbd92758b14b72278,5000.0,2026-07-30,2026-07-30,False
0xfcef34f0ca5fcf2ebff5f794aceda9cc06b0cddd,5000.0,2026-07-28,2026-07-28,False
0x5631a4d00afcfea758df07a91959aba262fc1f27,5000.0,2026-07-07,2026-09-17,False
0x44f4f955cd4053e1c9344378bcefac041086200f,5000.0,2026-05-21,2026-05-21,False
0xff081e942cdf875e963090f2b5fce15e4d90f184,5000.0,2026-09-18,2026-09-18,False
0x046d6c4f224340d856527f8af7145e2ede8c8093,5000.0,2026-09-07,2026-09-07,False
0xf022dd476a3797dcb85720c974c044d5195d35aa,4984.073248490698,2025-10-31,2025-10-31,False
0x66a20214b5b4ce86e2ccfe8fec47b99179f0c70b,4951.4216702080785,2025-11-28,2026-09-22,False
0x20a280febbc9996127eccd241ba0b1a228d16c36,4949.006382609398,2026-09-28,2026-09-28,False
0x37e945ed26b17a631d7df3382c2808cc1c7f07ed,4904.72621957949,2026-04-19,2026-09-29,False
0x5097ffd5a8187a44fcddc1c6b59f7aff35e8c82e,4900.0,2026-07-03,2026-07-03,False
0x8ef65f22e96d6a05dc06db548a925f5f046fcbd3,4806.356006699613,2026-07-07,2026-09-25,False
0x14c404184ccf34a451adcc7e9a8b5d1e5378073a,4750.000000000001,2026-06-06,2026-06-07,False
0xb6a574d26ce92119314eb89bef008dc022c6a8b0,4718.056062666256,2026-08-05,2026-08-07,False
0x41235e3eb5b6b7430eaa299cf42b5e7afa2c871f,4713.851234433509,2026-09-23,2026-09-24,False
0x8a827b4df2d25c2e6c9d71e2861416446f6d2687,4713.541454067277,2026-08-11,2026-08-11,False
0x655fdc8d46f3bc48f7a611d94e7933602b75e1b4,4691.405975448946,2026-04-03,2026-08-21,False
0x713e0d70106c64d6cb8347ed7e48ff9be9c9d341,4509.577172013136,2026-09-17,2026-09-17,False
0xe2bf994f0a31a4fb76ae88c29f29bff2b0be515f,4440.0,2026-05-04,2026-09-27,False
0xfc56026b17da94452992f38d6bd2f973dea457ad,4400.0,2026-07-21,2026-07-21,False
0xc2a00344932befc543fe026924f4dfb6bc957475,4397.0,2026-06-02,2026-09-01,False
0xdfa07ce03563ce0e82a10c20c3a170128bb4c6a1,4287.265245298596,2026-09-04,2026-09-04,False
0x7864218b3f789e5fdbf167931537d0660be7a070,4285.15723000018,2025-11-24,2025-12-15,False
0xe63e03bfe0fb38c06d3e065e48907fa4aff2d359,4265.0,2026-08-31,2026-09-25,False
0x201b2bd176821eacfb3801f4aa3b1060afb1f76c,4249.106394628431,2026-09-18,2026-09-18,False
0x4fefff7e6ddb8ad5c6e148e2112611bd51b257cc,4182.425804058091,2026-08-01,2026-08-01,False
0x9a98e4d5656fff183282dd1ae2cc70e3dcd9ac72,4141.452928085386,2026-09-18,2026-09-26,False
0xb3bb232dad8868309fc9e2eb6cf18b263d8db7e3,4040.1,2026-07-27,2026-09-18,False
0xf45825b7768e38d3688d4913a8f30861834bd317,4000.0,2026-06-20,2026-06-20,False
0x3b0b4544bbc4f371312e348104182e2850eec5da,4000.0,2026-01-14,2026-01-14,False
0x26f6947b6b972b12aec4fbbca02c4615828e0599,4000.0,2026-08-19,2026-09-04,False
0x234701314c8194c6e3f36409b67d3449b95b3717,3981.4389594063177,2026-01-18,2026-09-18,False
0xbcb1d9d22bfa30887f4c5450c9a8b06ed66ebbf1,3978.2593469,2026-03-04,2026-07-21,False
0xcd71762ec971a9402a938ebd4701f1fc6db121ca,3969.632108654061,2026-09-18,2026-09-18,False
0x22f458105bbed9d9ae2749649b8c8321dcfe5e97,3944.0676509020186,2026-04-12,2026-09-25,False
0x8296e5b8f08ae576d612cd9800b2da6ea825fb6a,3910.0,2026-08-06,2026-08-06,False
0x6fb5f202422d79d884d776cc1e7340a8381d53e9,3904.2602972644063,2026-01-18,2026-09-30,False
0x7030e793cf9ecbd34c37ecc9499feffb4d8f7cad,3856.6761988485396,2025-10-28,2026-09-30,False
0x349da25135458c97256232c8c9d224f8095848a4,3806.46875,2026-03-25,2026-05-16,False
0x3697e1df20cfd71ac571f289c0c73587691a6bbb,3755.183176972321,2026-08-23,2026-08-23,False
0x165dc38abe809dfd2c542f3b4bbf53122a052457,3750.0,2026-07-15,2026-07-15,False
0xf78a89fe88570f2a7903a664fe8de893db816568,3667.2364314608594,2025-12-27,2025-12-27,False
0x4f82e73edb06d29ff62c91ec8f5ff06571bdeb29,3642.5701469459136,2026-02-01,2026-09-19,False
0x92d8152682e88a3bad714f924d46ea8eff743b7e,3621.071735288835,2026-07-28,2026-09-30,False
0xf93191d350117723dbeda5484a3b0996d285cecf,3560.4358461130205,2025-11-07,2026-03-21,False
0x33e3708562a7f011c06bf7edd92b8388ddb77404,3546.0,2026-03-24,2026-04-13,False
0x67471e2219ebbdff619c656e62c6ecbb7e6b2199,3542.7197758274324,2026-08-28,2026-08-28,False
0x86e497e92316216431b31f3e29ecc97066a18118,3520.0,2026-07-21,2026-07-21,False
0x5dd1e5c8720baf41cf02280fa955d4c3f531e0fa,3500.0,2026-09-20,2026-09-20,False
0xf96650c09b77073a3732f662075092323c7b5276,3500.0,2026-09-20,2026-09-20,False
0xaf1f8604e627ac7253ceca280dfed8ff1a5950a1,3500.0,2026-02-26,2026-08-27,False
0x3692dea4346c95eb3957d8022c40373ab2a21369,3494.604446063186,2026-09-17,2026-09-21,False
0xd68f974e1dff2046052eb730c86219f207dd29ad,3430.8991931892715,2026-09-25,2026-09-29,False
0x123d8dd95f792bb060abb39769bcb61c8bf402fa,3420.2638613269714,2026-09-25,2026-09-26,False
0xb079d72d18c4b706f318b8fb6b85354929d0e9dd,3395.2385008907327,2026-03-15,2026-03-15,False
0x34dabba3a332af727f5e2a3d7e12d11ca9e9033a,3381.5599969025407,2026-01-20,2026-05-12,False
0xdb7e5922a67a4303e9479b650fe838262c1cfdc1,3379.3804015036117,2026-02-28,2026-04-14,False
0x17061f77ed2222e27a31ed0e4c40ba32467816db,3377.9725248481113,2026-09-18,2026-09-18,False
0x3c583c6663e9039290e190b8fc8049607aa28696,3354.6798039003957,2026-05-04,2026-05-04,False
0x8cad2ffdfa6bb89a2a340e7778725ad2b484608f,3341.0441024937086,2026-06-08,2026-06-08,False
0x8ed065ab1f2733bd617247add855bf41f1b8ca35,3334.7896126576197,2026-09-18,2026-09-25,False
0x981269ce3b373737573dc55c35232a6827def0ab,3327.0000000000005,2026-05-24,2026-05-24,False
0x9c10833308cda208f0ccccdb0d42648537e088bd,3309.418073672425,2026-09-18,2026-09-18,False
0x56b3f46744714a330e15e27e545f665e815ea34b,3293.781460632041,2026-09-22,2026-09-23,False
0x339a88d7627ab77c639c27c8448b7a18b7e384ae,3280.0,2026-03-02,2026-08-24,False
0x37a6d11aaa8fb010281cc36dec4e011bec24aa6f,3249.729702603615,2026-06-24,2026-09-22,False
0xdb6c3a9acb3366b67d7d56addbd95f1aa3577be7,3193.235133849103,2025-10-29,2026-09-24,False
0x6ed473c4f4400529b1e35b0a4994fbba64c550f2,3179.3444936502374,2026-06-25,2026-09-21,False
0xd7efe4580d10828427e7dfd02101bccbb239811a,3144.07600355407,2026-08-09,2026-08-09,False
0x47afdcdc1e13aa6c1baa884fef4da1b44e3f8f8e,3143.35218532,2026-08-03,2026-08-06,False
0xb557d82c673cba2ce195880133e4e79de52075a8,3107.492887251672,2026-09-19,2026-09-19,False
0x6e53b2837627ec79e1034b8ea37192fb878759f0,3013.190828660256,2026-03-04,2026-08-27,False
0xb4df96c50e93c32a805ec9777cebc31bb48c8fe9,3001.4079042460876,2026-09-18,2026-09-18,False
0x3cf7886027e7f4979a915aa122dc0c700e9e8163,3000.0,2026-02-07,2026-02-07,False
0x3c9832f4106a4a318ebec97899172f42d16fc9db,3000.0,2026-09-18,2026-09-18,False
0x5d4ab0ff42c5066d159400c35b085a6842043e1d,3000.0,2026-09-04,2026-09-04,False
0x8817d7685d304d2f685e0fb2cb902e0d7ee7f558,3000.0,2026-05-01,2026-05-01,False
0x178603a2f4388075140c617da55228c5dbacb1a4,3000.0,2026-03-16,2026-03-16,False
0x5dd18c56e7d2ac7a2b432c7158a96c67af301d64,3000.0,2026-03-13,2026-03-13,False
0xdd4242d21ea39d59f1f236fde8ab4fab2f216cf5,3000.0,2026-01-03,2026-01-03,False
0x0ebb8c443828ee4cf8b51b574c32d590abec9e4b,3000.0,2026-04-01,2026-04-01,False
0x9a6f5f32078cebb4e830cb66c90e4d4b5cb87839,3000.0,2026-09-18,2026-09-18,False
0x44325b1d013abb85b4d495ecbb5a8ef850fe3fca,3000.0,2026-04-28,2026-04-28,False
0xcd7e3b0b270c2dfb8d665c58d07e7c870864820b,3000.0,2026-05-05,2026-05-05,False
0xf8f979a7340e11e5bc9548b6201dd0a375f1a65c,3000.0,2026-01-27,2026-01-27,False
0xbd0aa4c76accfa9b5a591b27b7ebdfb8a98a67ac,3000.0,2026-07-31,2026-07-31,False
0x16548a42f9709736ef285cbb74bc378d6fa2c4aa,3000.0,2026-07-23,2026-07-23,False
0x7b4f2a06fb3e4f4cb1de266a4b773272f3b91386,3000.0,2026-07-09,2026-07-09,False
0x79e329878a48993e19ac02f0f1457552e7c61062,3000.0,2026-09-24,2026-09-24,False
0x7a5acfdd0684b9199f234f13228a37bc582b62de,3000.0,2026-03-22,2026-03-22,False
0x7a682d865552682748b8b0a326c1e21a7514eff5,3000.0,2026-05-29,2026-05-29,False
0x7f5d484b738dfe1b89b989f5ef014e9b5539c68c,3000.0,2026-03-03,2026-03-03,False
0x435040e7af3a1721411c086cd542934f9f9f536d,3000.0,2026-03-20,2026-03-20,False
0x66e14c899224810c87d96f524c4a7b389b6598c7,3000.0,2026-09-18,2026-09-18,False
0x13743468c6711942cdbba214649bf710c7be201f,3000.0,2026-01-06,2026-01-06,False
0x134760119f417768990137e3288d3edf0aef69f2,3000.0,2026-03-29,2026-03-29,False
0x13be242f56b45b28ba2972ed625bcc6d3e2656f8,3000.0,2026-09-18,2026-09-18,False
0xc4fdbc780837ec9fa537f643ceb5d732b67fa9a0,3000.0,2026-03-15,2026-03-15,False
0xc4345b41557fecd3886dd7fe8f5f3b0383a5316d,3000.0,2026-05-07,2026-05-07,False
0x12d5748d9d4c03436528ae210de89e0f373b8d40,3000.0,2026-04-08,2026-04-08,False
0xd5fd37aca66a776086257df6ae7f21e78cdac9c9,3000.0,2025-12-26,2025-12-26,False
0x393dfb5c1f380aabbfd4df3299b6678b6e162162,3000.0,2026-01-28,2026-01-28,False
0xe16cdb7e25c680e188a2deb841b501fd2893017d,3000.0,2026-01-04,2026-01-04,False
0x0c81af4fdb0985c264ec270d6b7106872943cf84,3000.0,2026-09-18,2026-09-18,False
0x3bb21f2443b5c107622e3784160e1f7aca5a46f1,3000.0,2026-06-01,2026-06-01,False
0xd5621bd029cccd3e7bf528243711c057b856d005,3000.0,2026-07-01,2026-07-01,False
0xd6a48eea92f0799ae94c7ee6ecd2bda55cbbe709,3000.0,2026-03-07,2026-03-07,False
0xd4abfae66405e93b148965ea43e3232e2cfd1f84,3000.0,2026-02-09,2026-02-09,False
0x3b64402fe48e56cee1d602bcb2aad280e2f629cf,3000.0,2026-02-19,2026-02-19,False
0xe0d4abd9d2876b0dcf07c342515d675ebc72fc68,3000.0,2026-09-22,2026-09-22,False
0xe06d5c128937f11aaec9259fc11cabd8e1207c4d,3000.0,2026-03-26,2026-03-26,False
0x839d12e0c75486a37e6edf1f6c6b0811028194b7,3000.0,2026-03-14,2026-03-14,False
0x83419032e2efe65b0e9d649bfc41d884822e25c0,3000.0,2026-03-03,2026-03-03,False
0x81388d2695119149cefc6d07783f847caed01be9,3000.0,2026-09-20,2026-09-20,False
0x802022d8a4cc9639542b7e18842fad8cb59fddcf,3000.0,2026-04-29,2026-08-31,False
0xdd681ef12e75a993bbf52907aefae48e07f9ed91,3000.0,2025-12-17,2025-12-17,False
0x867bbd36ed677ea557d16c9425dce42b4cebdadb,3000.0,2026-01-15,2026-01-15,False
0x863da015180f1962d1ef40bbaab51c668862d6fb,3000.0,2026-09-18,2026-09-18,False
0x84b877726ff6f8d9d60743e2ae3b852329b03d4f,3000.0,2026-02-19,2026-02-19,False
0xb35ec502235c4a2b2f515b081bdd76f17569478c,3000.0,2026-01-22,2026-01-22,False
0x81f106dc8fb01bd780222926a332c6506eb01a18,3000.0,2026-03-31,2026-03-31,False
0xb692c5e7143fe3219305b444302ef170df48da8f,3000.0,2026-03-13,2026-03-13,False
0x6362272ea4183ac745102d5aff6c377954a78e32,3000.0,2026-03-22,2026-03-22,False
0x10d20068f3a785c6a5ccdda7f70a2c9efd00c58f,3000.0,2026-09-18,2026-09-18,False
0x109e83405a3b19fdc9ae8f0a2c549243c56cf8a3,3000.0,2026-09-09,2026-09-09,False
0x631e559b02fe65c018036de4175cb8fc09c5230c,3000.0,2026-07-28,2026-07-28,False
0x627214bce57d761aa73a91203d2892dcdf763efe,3000.0,2026-09-18,2026-09-18,False
0x101f6f69211377bf58f5eeb0ed4c2a03de0891a7,3000.0,2026-04-05,2026-04-05,False
0x603e347d273fdf9e99d89c310524ed7e075f669d,3000.0,2025-12-21,2026-08-09,False
0xb1eea7a638bd8eadd7a19e3555eaf876635bf34c,3000.0,2026-01-06,2026-01-06,False
0x4a97c26df59730a924cfa407fbc2ddcb1f97fb6d,3000.0,2026-06-24,2026-06-24,False
0x4a7ac651412d9dd445b72964caed1b3a1326b3f2,3000.0,2026-01-28,2026-01-28,False
0x4a58998d9868f7e99f67d10c93b492fe121dfaa4,3000.0,2026-01-22,2026-01-22,False
0xfa9de3193957f40606863db7bfd795d5e5db479a,3000.0,2026-02-20,2026-02-20,False
0x9d22685f1737c90b9fb6980208931b99d90ee374,3000.0,2026-02-06,2026-02-06,False
0xf5442d5c896d351dfc372b6437a9b264c2ebf4d8,3000.0,2026-03-10,2026-03-10,False
0x4649361624bcf7c7d7526c4b07b2583e71932170,3000.0,2026-04-17,2026-04-17,False
0xdf487ece71775d4a0738ebe189ffe67fa9700c0f,3000.0,2026-04-14,2026-04-14,False
0xf507a3913d25c106381977f3a6849877f16291ee,3000.0,2026-09-18,2026-09-18,False
0xfbec5605535ab2333db795524022538527ec652b,3000.0,2026-09-18,2026-09-18,False
0x473c4be9ba9952f5b8c840c4fd305fc28a296a56,3000.0,2026-09-20,2026-09-20,False
0xcb0f67b88c7edaab2d2542a8fb1e945d2ac2ac6c,3000.0,2026-08-14,2026-08-14,False
0x773f20534ccc929fe3d674649dabc1a4bed0cacf,3000.0,2026-04-13,2026-04-13,False
0xd43ce9722e88a8313ea00754e34710cc741ecded,3000.0,2026-03-29,2026-03-29,False
0x3a7227f0ca2ed1963d6dc65505073e9802c06612,3000.0,2025-12-25,2025-12-25,False
0x39d9f9262caba9a5ab6295d9b6b3b1aee477fdc8,3000.0,2026-04-04,2026-04-04,False
0xf41a9109f2224f134f77e0cede475b087c369aa7,3000.0,2026-09-18,2026-09-18,False
0xd7fd1b50d8347a46ca9ef953fa0df5e4d137d83b,3000.0,2026-09-27,2026-09-27,False
0x32cbf52d967d41a12f3d4f5e22872545ce10fd4c,3000.0,2026-04-19,2026-04-19,False
0x761ee8f8d47a68503938ab49955b380886f2b8a8,3000.0,2026-05-12,2026-05-12,False
0x2fcdeb4858b1877ce4164d5fecccf762d4fcb575,3000.0,2026-04-14,2026-04-14,False
0x95f0fa6fc503b31feb31849616cb9354d1753c14,3000.0,2026-07-22,2026-07-22,False
0x992d5e6a6203b8e262f3feb46a86ff5d110e0b70,3000.0,2026-09-21,2026-09-21,False
0x0705678f95eff00a0a8448bc329b4e9bbeecd1d0,3000.0,2026-02-11,2026-02-11,False
0xd7b3bcd70fba0517e93782833950cec8735d3209,3000.0,2025-12-26,2025-12-26,False
0xf19b532d29e5073522b36a87143d5d2eb9f3b337,3000.0,2026-09-18,2026-09-18,False
0x381074856cc7a409e81d4a6655fed8f0668c9e78,3000.0,2026-09-18,2026-09-18,False
0x37ee9bfff36b33c679a2f81f0a1ee89728be76cc,3000.0,2026-03-28,2026-03-28,False
0xbf1fb4d59078a7edfbabc64c86ad2ae3cbda4b19,3000.0,2026-07-16,2026-07-16,False
0xbef199abfe772d665fd81c1dfbdf44e555466e03,3000.0,2026-01-17,2026-01-17,False
0x76c5cb398a288f51296d35a75b4f9fd7e46fdbda,3000.0,2026-02-17,2026-02-17,False
0x49458f13cc7eca779a9039922d2fe86cd924a1b7,3000.0,2026-03-31,2026-03-31,False
0x4872b6f8f3293b7daae0ab0a36824b58d619e06e,3000.0,2026-02-19,2026-02-19,False
0xf0eddfd832eaf2093b468ac7a2b52f837d82ae3c,3000.0,2026-03-08,2026-03-08,False
0xd77f46e5ed9c5e0a0caef461534fb0a9b9b0c82c,3000.0,2026-03-11,2026-03-11,False
0xc71a5cbf21d8f59e5b0c558081f8f8b660396df7,3000.0,2026-07-23,2026-07-23,False
0xc876a5795aae6982dae1b854837ecd7e686a3185,3000.0,2026-07-11,2026-07-11,False
0x18da591207166b1fb386758263610a9c0039963a,3000.0,2025-12-31,2025-12-31,False
0x7d9dc17305dc0f8d9ab5b0ef99aa0d570d2cfe41,3000.0,2026-07-10,2026-07-10,False
0xb816e202603a2c57076fbb460f651ba17b34a859,3000.0,2026-03-28,2026-03-28,False
0xb7b21ee322d17caba6289f75ad4b195d7044687f,3000.0,2026-02-12,2026-02-12,False
0xb89840a1461e657b24890e642da0efb314fc0423,3000.0,2025-12-19,2025-12-19,False
0xba31aee26bb77b8d5fb71bd55675aba775b40b6c,3000.0,2026-05-25,2026-05-25,False
0x65e26b603488696150eb2c0cf6f87a043a2cfc12,3000.0,2026-01-07,2026-01-07,False
0x8007d60dac8277c41a50e5f65ac94f92263d9e30,3000.0,2026-04-26,2026-04-26,False
0xde784e258d28c237f21fc4150b52273aed9d0458,3000.0,2026-09-18,2026-09-18,False
0x3abcf3df8d2d13092347ff01506b80c55bba9cb8,3000.0,2026-02-20,2026-02-20,False
0xdf401b7e7989ca6d46d4b3224bc15fd8b7fd600a,3000.0,2026-05-10,2026-05-10,False
0x5e468e5135427c829da2bdebce27917666f8e8b0,3000.0,2026-08-12,2026-08-12,False
0x5fdbcd4b0887f257ccd6c6520c876516bc25f724,3000.0,2026-09-28,2026-09-28,False
0x5f8ff633e4c8af9c0d6df73c075cbcd8d813dcab,3000.0,2026-03-12,2026-03-12,False
0x7e99f18a0ab1f5c9af6f15de89423356b590acd5,3000.0,2026-01-10,2026-01-10,False
0xba2404dde618dd8377ce8aacbc6acdfc0c88f7c0,3000.0,2026-03-15,2026-03-15,False
0x33ca8ab16d43436db297221f8598e1a9d307610b,3000.0,2026-04-07,2026-04-07,False
0x35ff14e76e797e52a82b90044537188ca9fb805a,3000.0,2026-01-03,2026-01-03,False
0x35f2605cb25cb9fd5b045f2de49fd31916657384,3000.0,2026-09-18,2026-09-18,False
0xf2b8deb4ff7bf791f68f9f511f6d0b461e92a582,3000.0,2026-02-09,2026-02-09,False
0x08205c78abf54d77cd86374ea293ee0c75d9f440,3000.0,2026-04-07,2026-04-07,False
0x05cb8d099d69166d2106a710d8fe7a349b17c1ac,3000.0,2026-02-18,2026-02-18,False
0x4a495f791b8713de3e036f1fbc463f6dbedfa550,3000.0,2026-04-17,2026-04-17,False
0x21cc28b17ca32be3d17670f14c0821c7179d94f0,3000.0,2026-01-24,2026-01-24,False
0x70bb06c71d5948a6cbc4df8024ce00ae333b1ea5,3000.0,2026-04-08,2026-04-08,False
0x34ba4b91758d8bbb4f3fd956de834efb8c2d3f40,3000.0,2026-02-23,2026-02-23,False
0xce609b3b76a334b746f9b985ea296d28e6d3be71,3000.0,2026-01-26,2026-01-26,False
0x6da65943cdd579fb1e20b3d5d3a935f8709c266b,3000.0,2026-04-28,2026-04-28,False
0x6d66856492f1f380cb21e6c54cd2b4201eaa39c9,3000.0,2026-09-26,2026-09-26,False
0x3425faff5db5231ad69fed22f658d13ca625a2b5,3000.0,2026-04-07,2026-04-07,False
0xf56addefab723a7c9c3a26677eb3e1ef3e9f88d2,3000.0,2026-08-29,2026-08-29,False
0xc9c118cd79b5b004d77ea02a02d589afcf690516,3000.0,2026-09-08,2026-09-08,False
0x71c355585c50ba48d6f13c7060c1c7d6b11db0c7,3000.0,2026-03-22,2026-03-22,False
0xd24247caae682a55200528def8e7e0540b34d565,3000.0,2026-01-18,2026-01-18,False
0x0aacfb2444df96ae5ca032417a42829969e07c07,3000.0,2026-03-12,2026-03-12,False
0x2455c4866b8ddfc686ba5e23cc41e4d86f54261f,3000.0,2026-04-22,2026-04-22,False
0xa3d38fae328cf38ee06052ed4180660c6e596d1b,3000.0,2026-02-11,2026-02-11,False
0xa514c2d204cb38a5cf229fc80b919440918c30a9,3000.0,2026-02-17,2026-02-17,False
0x1ec905f4d6edadf7702f7b4f69997935ac2c31c1,3000.0,2026-01-27,2026-01-27,False
0xa8b21c9bd6a0d8e8be6d92192f1c6c5d5ab99c69,3000.0,2026-09-18,2026-09-18,False
0x8fb0a2aa6546071598f9b1a5d245bde50494af68,3000.0,2026-09-21,2026-09-21,False
0x8f33680d1bbaf472f6a6f0e9d2a1e2d40eb0481e,3000.0,2026-02-16,2026-02-16,False
0x197f43b51c2580595946e450604cc30a389d31b0,3000.0,2026-01-18,2026-01-18,False
0xa652fa278d9545c1ef29a087e476764cd00879b4,3000.0,2026-01-07,2026-01-07,False
0x0494eb3e4819911ddbb898130bce27fac14b5ebf,3000.0,2026-02-15,2026-02-15,False
0xcd9941f6d8481af11a377e72457b2aa7e4b16b48,3000.0,2026-03-26,2026-03-26,False
0xcbed4a56546655537f203d56788538c1d772fed0,3000.0,2026-01-05,2026-01-05,False
0x6f5a7130270336ec9522ca7043eb4a5629136577,3000.0,2026-02-04,2026-02-04,False
0xfebe8a52ade5dfde1c3cab68aabfe65fc82990c2,3000.0,2026-06-25,2026-06-25,False
0xfe1c288209e4094ae06b9258bb6206e5c6852618,3000.0,2026-04-07,2026-04-16,False
0xf92b2fd4b9890937f0b3398ea7c5579f6a50964d,3000.0,2026-09-16,2026-09-16,False
0x276994cc8c59556c6eeda5bde20c8297b4f9d1c1,3000.0,2026-05-31,2026-07-01,False
0x117d07b8acf67b88657a01c8e6990e6e68b8d071,3000.0,2026-03-12,2026-03-12,False
0x9cabc13db7aea5511b158169b4ac8ca99e14081c,3000.0,2026-04-08,2026-04-08,False
0x6e1361b3192f926ffb60ff7291d204bec2716d93,3000.0,2026-02-01,2026-02-01,False
0x3768a374adab1071d6cbaaecb4e393ee914acea6,3000.0,2025-12-28,2025-12-28,False
0x948483c1237f7a605cdefca38f743ffff6ca5878,3000.0,2026-07-19,2026-07-19,False
0x9433f806b70433a70514e6580fb9d01991d42cc9,3000.0,2026-05-07,2026-05-07,False
0x9405c6bb9ab322cf256079712b7a4bede9fedd31,3000.0,2026-01-21,2026-01-21,False
0x93d0c2515fefd17e224057410ad1f03a4d74cce5,3000.0,2026-08-02,2026-08-02,False
0xe6de339ad59324cc948f0a8998c92ed507508fd2,3000.0,2026-06-08,2026-06-09,False
0x6cd674318243494d16020c4d2833a04bfa90c02b,3000.0,2026-03-30,2026-03-30,False
0x6c988f530d69cad2ed9d05cf9f7d4424408253f4,3000.0,2026-03-13,2026-03-13,False
0xcf0e430c02ad61f4b633adf0bafd2071b854a454,3000.0,2026-04-08,2026-04-08,False
0xa67136242f9dc87375f5d97a88e568dc5be273e6,3000.0,2025-12-25,2025-12-25,False
0x52b651e1f4702ca6711b5d6097d6c9d56c4dcff7,3000.0,2026-01-07,2026-01-07,False
0xe938ef6f3493c66db75438505e6193640a9a74e3,3000.0,2026-05-11,2026-05-11,False
0xea2f49c9dc4c67587a40dd0a89e029ee7b455aa0,3000.0,2026-04-02,2026-04-02,False
0xe9c7dc12221756d8c20624fcc727e96fd2d7f5ad,3000.0,2026-01-06,2026-01-06,False
0x248d35a89a85e182bd29b2f1a20c9fd06d266275,3000.0,2026-05-09,2026-05-09,False
0x2d27eb20eaf461fd2199a5cc90b2f42dd84b599f,3000.0,2026-08-18,2026-08-18,False
0xbb3ccc649185137020cb5037f0175b5e36f23af1,3000.0,2026-07-22,2026-07-22,False
0x7cb7acbe9f7cedf485235b78ba1be1a90436dd4e,3000.0,2026-09-24,2026-09-24,False
0x127640412943c237d931c80114d112f1bb6d222f,3000.0,2026-05-29,2026-05-29,False
0xa11474420bf59f9442a345bd8a00a50bc1568ea9,3000.0,2026-02-09,2026-02-09,False
0x7677775bf254a46fac5ca1693aedd8d6709953e4,3000.0,2026-06-09,2026-06-09,False
0x67488d94227bd8781d8f07c5716825f87259b53b,3000.0,2026-01-28,2026-01-28,False
0xcb522c5777922afa694f386b598a0cfc73ef7075,3000.0,2025-12-22,2025-12-22,False
0xf90a18633efe704345c48b35d4a05dd8eb85d110,3000.0,2026-03-14,2026-03-14,False
0xf6d93aca7be394923cddf0c0ee21e4a4e7adc139,3000.0,2026-04-22,2026-04-22,False
0x990a6960308a033e91066c2765de62b1e9579137,3000.0,2026-06-11,2026-06-11,False
0x954722ab791a1a4e9820f6256a278e9d49e851d8,3000.0,2026-03-12,2026-03-12,False
0x26abe37cbdadd61df0fa8f69870051063f2d595e,3000.0,2026-05-20,2026-05-20,False
0x96fa8a0fc9c33c4654030901c480a87152b37c16,3000.0,2026-02-25,2026-02-25,False
0x96942f9f35622f2e420a6770e3e0cff2d9e4d20e,3000.0,2026-09-18,2026-09-18,False
0x02a5ccbf9c878189b557d34741d3fe7904568604,3000.0,2026-04-14,2026-04-14,False
0x0318d15a104486b8e114ef2a2010d1effaa6af70,3000.0,2026-01-06,2026-01-06,False
0x11f2e079d2da7e5b2c96b54ee518ddada2693686,3000.0,2026-04-20,2026-04-20,False
0x2469b6a908298c1587d18e425f286f844f91d03b,3000.0,2026-07-17,2026-07-17,False
0x252c656ec026aea22e6d2855b9a21fc64e5b05d2,3000.0,2026-02-05,2026-02-05,False
0xeecfdb05d97f4cb9bad669ccd4748dfc43001510,3000.0,2026-09-16,2026-09-16,False
0x41eedc93ca3b61ab9dd848d644371bafc28c2cc4,3000.0,2026-09-19,2026-09-19,False
0x506f4a8a86dff3bd1eb9d87cd8baf00eb6f5452a,3000.0,2026-09-18,2026-09-18,False
0x904e937438aa102e2c7435808e1be6f1a9222e33,3000.0,2026-02-07,2026-02-07,False
0x90ebb0b86b1806173a4b916d26af4862459d244e,3000.0,2026-03-12,2026-03-12,False
0x90d41cbb4c1f3fa072cc471a5e3f30a0eca7a865,3000.0,2025-12-26,2025-12-26,False
0x2d8260195f0485619644e524c5138b3ceb4929e8,3000.0,2026-04-08,2026-04-08,False
0x7823d09bd9274a4a48f3b66591e26af37dacdc9f,3000.0,2026-09-18,2026-09-18,False
0x781f5f74d5dd01b409ea3e168093606c2ed7d9cf,3000.0,2026-09-18,2026-09-18,False
0xbc31f39e51ccb17a48ee79135b264a05d1baf783,3000.0,2026-09-18,2026-09-18,False
0xbbdc2f5b4fbe3bd67b2a6f0e9c0bc265ec661a09,3000.0,2026-02-23,2026-02-23,False
0x7d5ccdffd624d71ed202d4cc52bd01f5a950f08c,3000.0,2026-04-11,2026-04-11,False
0xed1dc82af7814c6db2cbf94311d9765ef58f285f,3000.0,2026-04-04,2026-04-04,False
0x9ee1071bdd5da14e67a9a15a2c68da343a811655,3000.0,2026-01-30,2026-01-30,False
0x036be95b631ce1e18e6ab5ba95b0a1da9e8e1c91,3000.0,2026-07-09,2026-07-09,False
0xc0c40691de5889aa783b1e3f0d01c40e2ed2a0bf,3000.0,2026-05-18,2026-05-18,False
0x639dde61ff0510a9d436b6763ddae47dfc0d9956,3000.0,2026-02-27,2026-02-27,False
0x8c5fa7492288811a5b04a74500c939b582022bac,3000.0,2026-09-18,2026-09-18,False
0xad7870a636bec9cc745d737c4db7dd88d113ec9e,3000.0,2026-08-17,2026-09-02,False
0x89b35f0d02395fcd3d887d6ea5eee8bac3f387e4,3000.0,2026-04-13,2026-04-13,False
0x8b3155a2f484303a341d9d239554f1061eb06eba,3000.0,2026-07-23,2026-07-23,False
0x8b0880f27d19365562e36a2fa39909c4938815ff,3000.0,2026-03-19,2026-03-19,False
0x8af342bd9c770b730eef278436ed8c3e271be71d,3000.0,2026-03-16,2026-03-16,False
0x89386465ebb2f3c8341515aadbf5bd899f542fcf,3000.0,2026-03-16,2026-03-16,False
0x59d0093a6f47c99737257bcda73463e889fcbf6b,3000.0,2026-09-18,2026-09-18,False
0xcfc3a22ba9af5e5702f1d54fd2357398a48edf0c,3000.0,2026-01-19,2026-01-19,False
0xd05d3c707f9c9bbdd6cf73c1f1c68bd59885dd64,3000.0,2026-05-29,2026-05-29,False
0xd0bb7833f166bd847cc9c9a5438f283b7128722f,3000.0,2026-09-07,2026-09-07,False
0xd2460b2aab811fe0a8c24e6ce662e317ecf6107d,3000.0,2025-12-18,2025-12-18,False
0x8abd393f593403ded1270f24e406a004aef3a884,3000.0,2026-09-18,2026-09-18,False
0xad7045db55c77607412a62cb0ab2ed81ae23ead3,3000.0,2025-12-22,2025-12-22,False
0xad28c459de0c9f6a98494abf82bce891936d1dfd,3000.0,2026-09-19,2026-09-19,False
0x4084711fdd252e73ade6c2a444b77203c4988e72,3000.0,2026-07-24,2026-07-24,False
0x6bc32456fb1316e096a8853a16d3f9b7085324df,3000.0,2026-05-08,2026-05-08,False
0xd2cce8d0dd544bfe238fe4bb086ab1bc50bd9617,3000.0,2026-06-21,2026-06-21,False
0x3c3a40dd243aecdb53abd11e65994b055dc0bf76,3000.0,2026-01-23,2026-01-23,False
0xdebda010cc285c1590e7769497b0b694d84396dc,3000.0,2026-03-14,2026-03-14,False
0xe000738fa6b743ad667704c049e0281d86f939f2,3000.0,2026-09-18,2026-09-18,False
0xb16f88f0fc482087ef765e09f74602199839fabc,3000.0,2026-07-10,2026-07-10,False
0x9b26d185741dfe44a9954db5c34b98d837082f8e,3000.0,2026-07-16,2026-07-16,False
0xdf63acd6d5126bbce37bac22663f52e811757a58,3000.0,2026-04-07,2026-04-07,False
0x197380b39cdecb47f90efc47f045d58cd10021ae,3000.0,2026-06-02,2026-06-02,False
0x2ac467fdfd988aa3b14772a245dde8c9a5aa575e,3000.0,2026-01-04,2026-01-04,False
0xe34e4064f7c43570ce2b1e772d0d1ab2f17cd047,3000.0,2026-01-28,2026-01-28,False
0x2a0ec96430cb6396219a737848a7c02fdd5d345b,3000.0,2026-06-08,2026-06-08,False
0x3b6fc90b5caf8ff8578b99143cb1a8ac8243fb2a,3000.0,2026-03-06,2026-03-06,False
0x58977474e9b52eb4c41ae13f8f654e081750d031,3000.0,2025-12-19,2025-12-19,False
0x564812606f658e4c19786f5ec2a1be2145cbba42,3000.0,2026-08-07,2026-08-07,False
0xb004aaff36310a214cd37745a46b8de577c69f02,3000.0,2026-05-08,2026-05-08,False
0xe20c636b49be210e8bd54356d83d76ac798fdeac,3000.0,2026-09-18,2026-09-18,False
0xe1c647c4195d28cb389fa789d5102da23bd1a3f9,3000.0,2026-06-18,2026-06-18,False
0xe18ad7d953aca362ede5c99a439a878a44334d10,3000.0,2026-02-06,2026-02-06,False
0x2a2dbbc4f194a518db5d828dafd4d1753532bb8e,3000.0,2026-02-07,2026-02-07,False
0xe63353c29b5c0a5e9ad90a822eeb029180d85554,3000.0,2026-01-04,2026-01-04,False
0x545f12df0c1bf74924630d3f46718cc5c45dc8ee,3000.0,2026-09-18,2026-09-18,False
0x53cc62fe9d7d0c1642cec459819a37e6b095c6df,3000.0,2026-09-29,2026-09-29,False
0x8cccfe755921aa9cad8d5d5bf48c6e3478c1215a,3000.0,2026-07-25,2026-07-25,False
0xa96b161ecbea790cf8ac44023090dc6fbfcebc30,3000.0,2026-04-15,2026-04-15,False
0x1c4b04a1cb5d7d9033ad9c3dfa8fbd86ea419209,3000.0,2026-01-19,2026-01-19,False
0x3dde14d01c97deeed8d2bea4d902a1f2c4d70f46,3000.0,2026-09-19,2026-09-19,False
0xe496540d919be0368cf2c02d7bd2aa392bb9e614,3000.0,2026-03-28,2026-03-28,False
0x6b124a75d7bf3352cf56f91b4c53a35a277009a5,3000.0,2026-01-11,2026-01-11,False
0x548f5057aa02da4ab0cf8c18cb52049197d767d2,3000.0,2026-09-18,2026-09-18,False
0xe31819b144ceb0a3c6ba4d6a749ae0bb8b689319,3000.0,2026-05-07,2026-05-07,False
0x5a0570d71242b8c8e61a02e1e3e002b15237885e,3000.0,2026-01-07,2026-01-07,False
0x1d65aa0d171f59f8f4e0978437d81b6dc24224e4,3000.0,2026-02-15,2026-02-15,False
0xeac4658032499da830c72160a7e3eac73804084f,3000.0,2026-01-23,2026-01-23,False
0xea9d9670f7c4c0437bbb492f1e8e2d35e923af10,3000.0,2026-01-09,2026-01-09,False
0x51794a801464963cd62f25393e6c0d5ab67c1dd6,3000.0,2026-03-16,2026-03-16,False
0x8ed8f503ba1bfecf2c5f7e63b98404fe1de1a288,3000.0,2026-02-13,2026-02-13,False
0xe532b7338e11b620040d9e0b928ce37ba4af536d,3000.0,2026-04-14,2026-04-14,False
0x6a7624fa9f5068d4f3198f87a5095084ac58fd6b,3000.0,2026-06-01,2026-06-01,False
0x754c6f8fc68944a9ad46a24cc2950705ed4d6447,3000.0,2026-04-15,2026-04-15,False
0x7408157fdb722a0d4d0d07fd371d28faf936627b,3000.0,2026-05-21,2026-05-21,False
0x74fc4566e420f7d9e1106fa9c744ea83405c3148,3000.0,2026-08-01,2026-08-01,False
0x138c9b05cf95003e515744ed77015c489fdc18c5,3000.0,2026-04-13,2026-04-13,False
0xd32ec38d706c18c58e1f54afca4ace722e08129c,3000.0,2026-09-18,2026-09-18,False
0x1fa976bcd1b899f204587fee64507454fb3c8085,3000.0,2025-12-18,2025-12-18,False
0x1fa0e14ae7111e40547a3a74a0508401c45a2dc0,3000.0,2026-09-26,2026-09-26,False
0xe68be96d41203bc5c74023e6c08b8d150a5b6444,3000.0,2026-04-06,2026-04-06,False
0x914bc99433e787425074af21a4a64c9b4e6592e9,3000.0,2025-12-26,2025-12-26,False
0x93bfc8cc883e8ae5f76867ec70c0869ff4153dab,3000.0,2025-12-24,2025-12-24,False
0x9312bb20bdafd23834cd6dad1f6f12c161efd83c,3000.0,2026-07-21,2026-07-21,False
0xa32d3d81db1312dd66e6e232d5f38c5b2981e517,3000.0,2026-07-14,2026-07-14,False
0x20f6a7b31ec3e231c0ea7eccf0a81275c194d33d,3000.0,2026-03-12,2026-03-12,False
0xab4399764167df82fef7d8196879f111bf044633,3000.0,2026-06-08,2026-06-08,False
0xab23a5160ad47e23af16265881ecda63349bae96,3000.0,2026-02-03,2026-02-03,False
0x08a99554ac866f3ed123c9bfe6b43dae4ade5318,3000.0,2026-06-17,2026-06-17,False
0x0a23c90938fba07ab20772f64c3a349436b63055,3000.0,2026-09-18,2026-09-18,False
0x916413f2f0afbbcf549f2cde2132e8f840091be0,3000.0,2025-12-21,2025-12-21,False
0x0275e7ef00ef9af2efaf667c81d7c325162044ea,2992.0,2026-09-29,2026-09-30,False
0x0e016e9bd4cb7248944f41ce3dfa001a7b285cad,2988.091077674857,2026-07-28,2026-09-10,False
0x2f95c102cc26875406bc689fb01ae382b82aa535,2985.0009999999997,2026-02-19,2026-08-11,False
0x96861a09a86514047b18f1c6e951c8b879c45cdf,2966.0,2026-06-30,2026-08-18,False
0xdf1fc922443931acca634d09f9a23c4f92f38079,2949.1483988827094,2026-02-21,2026-03-03,False
0x11a6798352ffdf7e7a9e2e1b0b83575119480722,2926.8957336175777,2026-07-15,2026-09-29,False
0x81ff72ac4af28894cb31ddc0e139960a634a5b61,2900.0,2026-08-03,2026-08-03,False
0x0b171c04c3437392abf1a40f1d8bebc7e0409e5b,2900.0,2026-08-03,2026-08-03,False
0x0c7a0940efd5a30a8fc8cadc810f86c633358ad7,2897.606205443294,2026-01-24,2026-01-24,False
0x106ab29fe409bfec161379e6ca8c3273391b37d8,2879.7654229131376,2026-09-18,2026-09-18,False
0x2fd6270e4c91a76cedca972e9cbb923409dafb40,2860.0,2026-08-06,2026-08-06,False
0x5e6f16ffd1400f1cf1e9203bbf4b93f87c2e732e,2844.152920314079,2026-09-22,2026-09-24,False
0x7726324aaa07938eb2cf2b3ad455dcfbab7d2978,2836.2842372088285,2025-10-28,2025-10-28,False
0xa2d73572f314e9d024953666580dcfbf06d04183,2833.112326361447,2026-09-05,2026-09-05,False
0x42e84ad6d2123d0af467a8333c4ca0f7ffc13dc9,2829.378175339759,2026-01-05,2026-01-06,False
0x2b424bb39ff195df19873859eaa9b596d78169b0,2802.643267454319,2026-05-07,2026-07-29,False
0xccc7ce0566bea12fdf6ef2263ea5fab8442716f7,2798.927429408179,2025-11-09,2025-11-09,False
0xbe680428b82c7dd1945c28089cee0df9f2fbefd8,2789.8781741707453,2026-09-19,2026-09-28,False
0x23c38f733026f7e01040ca1a655281bf79141a44,2777.112489780862,2025-12-03,2025-12-03,False
0x9899f62ecf16b70bffc88677023026c47e48c218,2750.3,2026-03-24,2026-09-08,False
0x6e1cc40180d5ade01cd1fd099d3d7c209782ce49,2750.0,2026-08-03,2026-08-04,False
0xc1650145836a148f09dcc7b53a270b9d5780c2dc,2750.0,2026-06-17,2026-07-07,False
0x7e94c1b624e7a8644c92150b1d0db52474ca9963,2744.2357661739225,2026-10-01,2026-10-01,False
0xbf7a7b6300efef494cfe81f6c06818673f7e09d0,2737.242774732847,2026-08-28,2026-09-21,False
0x3dbe9732cb5a42bd1bb4b54bbb9a1f4e7e01bd7d,2730.7272898635006,2026-09-25,2026-09-27,False
0x8ac58da7ddcfd8d1b7a64511cb4f32bab9b1117c,2710.0,2026-08-06,2026-08-06,False
0x1d60d978bd78711eb7b9d2ca4b68cee47ac212a9,2702.9352010054436,2026-09-18,2026-09-18,False
0xcc332d3c9f125dcf8be5e2e7bb0869d6bda8d463,2700.0,2026-04-01,2026-05-04,False
0x470fde25b7e5b46b8cf9f3bd02df1ae8b62d8821,2683.3312771312153,2026-08-24,2026-08-24,False
0xa3e335109f3f2ae6badc32f910cbd0d31b311256,2676.099718912779,2026-09-23,2026-09-23,False
0x7f2a0690d4269bf27b600cee7bc0b4671e47e176,2674.4111706470835,2025-10-27,2025-10-27,False
0x88e0277885e8e553e8f7191d00de6bd02b67e9d2,2670.8730633386494,2026-09-17,2026-09-17,False
0x9d4ac43fa1786cac32909b7d639227c50d77250c,2639.165060952093,2026-09-16,2026-09-18,False
0xe61a3c363a0b529144b77275385091d9904260d5,2632.9999999999995,2026-08-04,2026-08-05,False
0xc188c6f5f8925c019ba0747c585d65ba34742181,2632.7741816818952,2025-12-02,2025-12-02,False
0xcd69c872a5f2e85b836e26ee2fea8702008f5351,2600.0,2026-08-06,2026-08-06,False
0xd016de8411db1ce8f88f924272ed70e1c87d0905,2598.9820558560614,2026-09-17,2026-09-17,False
0xeaf59de612ad00ff3583a8e17d1322153f658711,2587.2880535119834,2026-09-18,2026-09-21,False
0x1602e215d425d26e5259de8c1294765f86bd621a,2560.841181954153,2026-04-10,2026-04-10,False
0x7fdcceab3ef2cdf83ae1b9b5ad5d41239d12d675,2551.1210305074155,2026-09-18,2026-09-18,False
0xb02aff6969fb1d0c606b78b7226b35a3164e6bce,2547.5083910405565,2026-04-22,2026-09-30,False
0x4b615721b18bd8cd5d069ff1de82256a29b28a19,2545.0589264541895,2026-09-04,2026-09-04,False
0xb8b6b8cb0167bc9611f06f670e8d5a9dee94fbf7,2524.9999999999995,2026-09-16,2026-09-16,False
0x48681c95b43752f6ecf4b425dce14285922d70a0,2500.1743882515634,2026-04-27,2026-06-29,False
0x6ac6833d90d5ac67a82bfc366a21b1ad8bd25416,2500.00030253475,2025-11-04,2025-11-04,False
0x4c43c20f17e3ddd75c8121f3804444351f31e213,2500.0,2026-08-10,2026-09-27,False
0x815788453a16a9612129c8cd3cb92b5268d3225f,2500.0,2026-04-23,2026-09-11,False
0xd12c71afa4a3093466b2a3a1aedbf44ed7827435,2500.0,2025-12-23,2025-12-23,False
0xafd296110cb3277b56d9d8b9145524de7bddaadb,2500.0,2026-09-18,2026-09-18,False
0x47846b7d8ee092885ad1ab90c592052286e465d1,2460.0,2026-07-21,2026-07-30,False
0x9181359d847dd39b987443993272f40de99952da,2458.20210734378,2026-07-02,2026-07-02,False
0x8a72ba62f4a6ba0d8ccaf2938c404afec3ba7602,2416.2710322827193,2025-10-27,2025-10-27,False
0x0c062f7c4138c1f8130e3378ae21461b9588cd2f,2400.0,2026-09-30,2026-09-30,False
0xbd3b84bd184e38a83aff7d3f32b45af40970699a,2400.0,2026-01-22,2026-01-22,False
0x845a750e12a8b0335beea76eb83d962413359c15,2387.8697165450826,2026-02-06,2026-09-20,False
0x9ff640d34152d4df20ff509e7be8750a1474f98c,2377.393070592792,2026-05-29,2026-05-29,False
0xe800d5b8608d16cdf5e88aa3f8da2d3bd439f586,2353.7825017537143,2026-02-10,2026-02-21,False
0xf7352aee39f36a0d359747000caa320e1bd6afb5,2332.317988467975,2026-09-04,2026-09-04,False
0x29d04b6cb92d756c2e73358dfa58cfa6529b9c90,2329.625089000847,2026-09-26,2026-09-26,False
0x533e284aa69bbfb5d233c18f460f36a6af6f7d80,2320.0,2026-08-06,2026-08-06,False
0x884ea758c87a7374d2f7b86dc7d202d526fa4cd3,2310.0,2026-08-06,2026-08-06,False
0x9c9f149f31e6d6590b27aa9b4a1c91330f710477,2278.587927279669,2025-10-30,2025-10-31,False
0x6bceb0e24fa0aed1fe7876f313b69485f57f1ac9,2269.8414314048364,2026-09-17,2026-09-17,False
0x888bbef4362c3206e85a1206d5fe662131f01ff6,2261.5339642692124,2025-10-28,2025-10-28,False
0x261de1f73ac9d61c4fe491ad82b07ac57b29c3c5,2254.963592313073,2026-08-18,2026-09-30,False
0x02661acad80fc4f72cbec8d8139e135adec957c7,2250.0,2026-04-09,2026-04-09,False
0xd6d3341451c309e908f00dc92d555651b7ad37ae,2230.0,2026-05-10,2026-09-27,False
0x9b1f4cd3a04f8e910c5565f3db2b82ad609b783d,2209.4014198136597,2026-09-17,2026-09-17,False
0x385e29d359fb9f70349c1ea326f5c521c4f950d5,2200.0,2026-04-05,2026-08-20,False
0x46cdad4bd882a64784ee71f029eea33f5d37a80a,2138.922895970878,2026-07-02,2026-08-12,False
0x448900522ddbfb948125a01c362024b99bd59296,2131.6652025528206,2026-09-18,2026-09-18,False
0x9a28776934367f19d532be3d04c8bb2ae41cc627,2114.238168929436,2026-09-24,2026-09-24,False
0x3ba9c1dd0e45ca8e220f73595fe5c4441261d570,2102.252393253309,2026-09-17,2026-09-17,False
0xb0a4945fd85a8e170f668baefa6a2ead73118b84,2099.295966419305,2025-10-27,2025-10-29,False
0x418ca651519a1f2ce7e1286f424fff6e50d96ddd,2048.0,2026-06-18,2026-08-11,False
0x42bd6122861872b740cdb1f2fd8bc927d85ff6dc,2037.7342903117062,2026-09-17,2026-09-17,False
0xe6cc5e3ebb07b5156ba3af510b8c6ca19804d88e,2022.7803309127255,2026-09-22,2026-09-22,False
0x1644d2477f809cc2c71bccfd6dc9497e3f83210d,2018.8560417139067,2026-09-18,2026-09-30,False
0x18d4335dc0df26478b2249cc9ae1d3be967171a0,2008.8007035986918,2025-11-15,2025-11-15,False
0x28c44b140d209e1a0d4f7a4f60f3cd9a82ec9ede,2001.0,2026-03-17,2026-03-17,False
0x675cdbb1eaceb383b15195ce60c955a9b5120884,2000.0,2026-06-28,2026-06-29,False
0x7c85a32a1613cbdb670abef624d725b85e7adcd6,2000.0,2026-10-01,2026-10-01,False
0x14a0877765ac55bce58007785a6da64e36d183bc,2000.0,2026-05-30,2026-06-01,False
0xd660a67965d86eb99ea2d5f9f502107fa4364fda,2000.0,2026-02-20,2026-02-20,False
0x44e27ab52a33ac56c306dd99556c32a10c395cd7,2000.0,2026-01-06,2026-01-09,False
0xf91f6af8d38bcbf5329c6426de3b4ee213f9814f,2000.0,2026-08-22,2026-08-22,False
0x6687bc59b0b7f8d72638b186b2aba420fad010d2,2000.0,2026-09-14,2026-09-14,False
0x0804f789ba8080a49c301c0f703f6ab3ceab5070,2000.0,2026-01-06,2026-01-06,False
0x59ac35af2d47216e4adb73d2b370fcf82927c5f1,2000.0,2026-09-20,2026-09-29,False
0x3fe31b9395e7c6c697f0c3dd52506f05d3fb453e,2000.0,2026-05-20,2026-07-07,False
0xd398d0d40b77efe11afad99d79bb573fe90a3e4e,2000.0,2026-01-04,2026-04-09,False
0xd5e1ef0ba7ea951a1a2cb712d32b52260a4daff5,2000.0,2026-06-30,2026-07-05,False
0xd5fedfed812a55d259b769c1325db601548d5654,2000.0,2026-07-17,2026-07-17,False
0x861aeb98578a00f9a9b106876727e348bc1e5665,2000.0,2026-03-29,2026-07-06,False
0xb4a603c2c3876789f78b62c5c559aa4bf1ede96f,2000.0,2026-05-19,2026-05-19,False
0xb0fcbdb8fee35c68af10b6a734982a399ef96537,2000.0,2026-02-16,2026-05-13,False
0x25204d85239ea8aad26d8eb6c27175cbe1a07ea5,2000.0,2026-06-03,2026-06-10,False
0x24cceac8a3b063f19b5210cfe61512c0f723921b,2000.0,2026-08-07,2026-09-24,False
0xa86949ef8192bbb82edae77f6288cd09e8591b5c,2000.0,2026-09-04,2026-09-04,False
0xe8a4e6ad13815b1c70759a6788cef86afe73fc94,2000.0,2026-06-03,2026-06-10,False
0xe9b83403605d288f7739cd034caebd1665e5e0a1,2000.0,2026-08-12,2026-08-12,False
0xed9ac0f3a62ddbb9e586f63dc6ec427d4497f7a6,2000.0,2026-07-29,2026-10-01,False
0x9fba1d3f7a5b103267052372f2418b16dfab8290,2000.0,2026-07-22,2026-07-22,False
0xfae76e6712855bada2780d698fe0b4d8d593b955,2000.0,2026-09-13,2026-09-13,False
0xa8d391179683f11e4c12ee9e65fa56068533f10a,1999.9999999970435,2025-10-30,2026-01-15,False
0x2d5b949503d0e0e7d4934631efa91e41c72b4315,1999.1240440054669,2026-09-25,2026-09-25,False
0x8c4cdc68f05f1df4f30087a2fe62c5a6a1b07caa,1998.5251088914679,2026-09-20,2026-09-20,False
0x4f15da934c77eab045bcebf119ac91a26b104376,1965.9991723891567,2025-12-31,2026-04-02,False
0xbc058786f9dc90bec5c8983f15dd481d0769ed1a,1955.9608062564923,2025-10-30,2025-10-30,False
0xab211a6f6655df79e8e2448366827d3131d247c2,1953.1492922830973,2026-01-11,2026-01-11,False
0x56b36e8be79c2e841ec1ca96b0631eba30ef3da9,1930.4417389020846,2026-03-22,2026-09-03,False
0xa24099142a1c5fdf36e3b81e7979c6badcb36222,1930.20759378005,2025-11-01,2025-11-01,False
0x60ec9cf15a51269785bec8ca1f9e3e230ec52164,1929.8643768949985,2025-10-30,2025-10-30,False
0x09121917266082f75933957ed25b13aa3af2d043,1920.9299999999998,2026-06-03,2026-06-03,False
0xbbbbbbbbbb9cc5e90e3b3af64bdaf62c37eeffcb,1913.7114045598596,2025-11-17,2026-09-18,False
0xd38df657eaaa1db06d96d14f3fd006e43c52bd7e,1900.0,2025-12-24,2026-01-14,False
0x50009ded1e5a27e908abf403314a4ff5d1a2ff12,1895.4739593415961,2026-09-30,2026-09-30,False
0x03d61be437b40e459f9f512d7f73e3675fba00d5,1838.6242424525506,2026-05-24,2026-05-24,False
0xccf89a34b40a271c78972b6cfe921b644caa3251,1822.8173203876868,2026-09-18,2026-09-18,False
0x0d8f1d25539d82b5061162b8981908e53db0bc3c,1820.0,2026-07-14,2026-07-15,False
0xcaf0b671732cd6998e0fd67908525a2de3aa6473,1808.877520595345,2026-08-26,2026-09-28,False
0xa38a2eb23c7f328302f08866e8790a97de11f1d5,1800.0572819656763,2026-09-01,2026-09-01,False
0x0d895d6271b78900d1fe1e46d2a7ce042f9c5b79,1800.0,2026-08-06,2026-08-06,False
0xe89cafca69ee3cb72dbeec776d098348f9a8ee67,1784.2735478634004,2025-12-04,2026-08-06,False
0x2310be3e6c547ea9e3b0a4c4a4ad6fb3a04cd3c3,1764.8782962799933,2026-09-30,2026-09-30,False
0x07964f135f276412b3182a3b2407b8dd45000000,1754.5475846723623,2026-06-17,2026-10-01,False
0x6020f952f64151bc57141d8d482d6ebc0ceceb39,1751.0540769290706,2025-10-30,2025-10-30,False
0x261744c605f103b993f0226d865a94610b393b65,1729.0056431692842,2025-12-12,2026-09-25,False
0x34294bdf5bb069c5a0886c3edfd8e4d99b1fb771,1707.7346663788403,2026-09-23,2026-09-23,False
0x59bcea065f9033e9a7d5feb21ab24c90a42e3868,1700.0,2026-05-25,2026-05-25,False
0x05fff97db4083f36233dad97aa120386ea97ff32,1695.3749434094746,2026-05-21,2026-05-21,False
0xb4038ca2e0f01021405f25154f1bbf3253622a07,1692.8310001937525,2026-07-16,2026-08-10,False
0x7d0557986cc087573c99d57671fac8d73e60240e,1674.8134641598601,2026-03-10,2026-08-17,False
0x37da9493ff275cd0c59598453bee3db1322fe920,1648.093431396201,2026-02-07,2026-02-07,False
0x473e6684ccf795039a474ba156cf107bba5d6248,1644.3786427747834,2026-01-01,2026-01-01,False
0x6b33afaf34e6b031756293aa2c38eef4e7c6eb20,1610.7690074348418,2026-03-03,2026-03-03,False
0x36e11f4960bc95587c2be360bb56dee413413240,1610.6372016785306,2026-08-12,2026-08-14,False
0x7fe1eaf51af60216417f6cb0564308956d181b59,1610.0,2026-04-02,2026-09-29,False
0x41705228d6c51909373271aa6b216284596b5bbf,1604.4302498489417,2026-02-20,2026-02-20,False
0x9c8ceeb5999b6039f95fd7445f24ea0b48072d38,1591.1623699193347,2026-04-20,2026-04-25,False
0x0030dea0d192d9d56665ff2e01d2268b7438c071,1588.7954579688992,2026-09-24,2026-09-24,False
0x18723ead8c7561c28d793bbe1626dc2a4f3f5afd,1588.2060555515523,2026-09-09,2026-09-09,False
0x0a98b0ef69afdac31c0503ba8a3215e0d08f4b0f,1578.2318098081182,2026-05-28,2026-06-02,False
0x87fa7fa0ba9615524acb65874ee64e272bee2ae0,1570.5788801275396,2026-09-23,2026-09-23,False
0x564a515928e377e0fa4b55dbd82d52b952b68041,1569.507071027273,2026-05-04,2026-05-04,False
0xe6b738da243e8fa2a0ed5915645789add5de5152,1566.25,2026-10-01,2026-10-01,False
0xbd5e2586b14f238eb364a6e729fa8358ed57bb08,1558.6872921762451,2026-01-14,2026-06-05,False
0x6444dd4cff626d8b57a6d54281540295ca45a7fb,1556.6422034007269,2026-09-23,2026-09-23,False
0x1d358edd39bce460f67e9de992c9f7fe894a3be1,1553.904681738372,2026-05-25,2026-09-25,False
0x7e789ab0ffe4a28b83d9b0d22b9c0eabb9b9ed26,1549.3033095136218,2025-11-18,2025-11-18,False
0xa204b652516c64655061bcc6486e7720c2ed21ef,1547.3278699868279,2026-02-18,2026-02-18,False
0xb4cf8d1bca68008645c6d4ab3a2e63f29349e483,1538.1263578342878,2025-10-28,2025-10-28,False
0x572d704b6bb246544fec628643ebe4958f7d89be,1519.6206521350919,2026-08-01,2026-08-23,False
0xd4c91b20da9cca0167cc6f99b22d3a206a415c77,1513.1169122503454,2026-08-23,2026-08-23,False
0x23e8c0b6147539463760a1fd0fe9db116d027984,1511.0119501999466,2026-09-17,2026-09-17,False
0x0c634e0d1dfb21bc2ab08f579838602f1b25d7a2,1503.8019780411473,2026-08-06,2026-08-06,False
0x8b4de173488b1e159679bf5184095392db382e04,1501.0,2025-12-13,2025-12-15,False
0x743515d55e07e0dcb2dbaf7a4ac49d56c708e23a,1500.0,2026-06-13,2026-06-13,False
0xc40b85cee9881659ff05f64af2b6014b72e31176,1500.0,2026-05-17,2026-08-12,False
0x75db958fa4eabbbcd6bd5f5050068ee29db35038,1500.0,2026-02-02,2026-03-03,False
0x015e102de85670d94713b01c3fd1dd8bcfe806ef,1500.0,2025-12-22,2025-12-26,False
0x374a4420ddba57fcec6a68061e6aefacb86a027b,1498.0,2026-02-16,2026-02-19,False
0xe431604ae0864531ff8e95ae5f2114b9e8281e9b,1482.4310844326258,2025-12-16,2025-12-16,False
0x669b5f9c939fdfe088c0c894c9bb6b48d3932865,1479.1588435315089,2026-03-05,2026-03-05,False
0xd00a344e41a4739202a65fc594c5ea0792560451,1479.0,2026-05-10,2026-09-27,False
0x8c82f1414dacaef9e657999638d758329f516b94,1472.047486250081,2025-11-21,2025-11-21,False
0xcc7160a819d6a3ff39a32103d9f8e014086283e2,1466.9001616935695,2026-05-30,2026-07-22,False
0xc1ad3186d9867ca14e920de62a21140ebf7b5b3c,1446.557372694697,2026-09-18,2026-09-18,False
0x84628e1a9d702cd3d6da05f955b1da909cfcc195,1429.5415650659806,2026-09-21,2026-09-21,False
0xab9052db1f5428f7b56d25d82866f064aa200139,1420.0,2026-02-11,2026-09-29,False
0x0683a84d6556d35c73c2c8fffc5f4b42fb6c880d,1403.9491738764268,2026-09-23,2026-09-23,False
0xf3e617dff33402bd80b12923bb230a3032796fc4,1400.0,2026-01-03,2026-04-02,False
0x569cb450393ea3d9e8f38caae6ee9092f8f1571f,1400.0,2026-04-18,2026-04-18,False
0x9952e49e2251ff12cd71ee96cc41917e299b71b5,1400.0,2026-06-13,2026-06-13,False
0xbc97d698ad24e1b47de339e39396e4a62d6d1168,1400.0,2026-07-16,2026-07-16,False
0x11111193880697e1c891f932501b4a2aa17a7b03,1391.943622549915,2026-09-02,2026-09-18,False
0x14f70a0efcc871fc8c138d3ea3e19eeef5dc9d15,1391.1690284593215,2026-06-14,2026-06-14,False
0x973a2653d53e263c0ab97e003f52cbcfd9f565e3,1381.0,2026-05-10,2026-09-27,False
0xedf3e06174bdb2c4c1f10ba01f7944402a7e4278,1350.5485588486983,2026-05-31,2026-08-29,False
0xd9f0d45db3a2093e092e7a023f1d75f8ad3fc46f,1308.9944705965454,2026-07-03,2026-07-03,False
0xe0f4dfdeb421345b85ce6f9a0ce47b1b2c9db5e3,1307.380038348584,2026-09-02,2026-09-02,False
0x44e18d618238c615350612881c315a6af3e302e0,1292.476,2026-07-15,2026-09-18,False
0xac72d2fe7854ddf188837ee04e0e44a4a87f0591,1280.6206021474695,2026-09-17,2026-09-18,False
0x2c626a2362860b100bafe9bbe54e39234c540010,1279.0,2026-07-20,2026-08-25,False
0x1243031d5f89e7d598f497ac11781c6e1420ad7e,1278.9104845587865,2026-02-14,2026-02-14,False
0x2e8f4aea84d8e072c5bf3992a1abe1847b93cf13,1267.6212871049904,2025-12-21,2025-12-21,False
0xffe495065d88f514bacb9bf7e245765c4dd88f51,1263.81,2026-05-01,2026-05-01,False
0xe7d9d2bf1f415f033df7046151851e8815ef200b,1250.0,2026-07-15,2026-07-15,False
0x253346c12c6ebc462943ef8c2cd55df5349bef7d,1248.1582125888692,2025-11-02,2025-11-02,False
0xba1333333333a1ba1108e8412f11850a5c319ba9,1245.6249208599193,2026-01-19,2026-09-30,False
0x3819832288f3552109b8487130d3b41ec37a34c9,1242.3372260960011,2025-11-03,2026-03-27,False
0xfb29f69a6e11abb823e7e6faf0e36da512fa8951,1241.7948977417318,2026-09-18,2026-09-18,False
0xab891ba3a00903e0f209d9b8bfa504ef5604165f,1240.6609317015232,2025-10-27,2025-10-27,False
0xf4f7f1bd0905efe61382de895ec3c1ed321b995b,1239.0787263267764,2025-12-03,2025-12-29,False
0xef4002bbeba26baf7da3e5fe721c2306a5882b76,1219.7782414818107,2026-06-26,2026-06-26,False
0xb7043d003f38bd24b26f633b779b0f2a193b180a,1200.731643136749,2026-09-19,2026-09-19,False
0x3c2508991eba4e0fff4ed5a9e32fdb0406b0ea6e,1200.0,2026-08-06,2026-08-06,False
0x2cffed5d56eb6a17662756ca0fdf350e732c9818,1195.8837113367604,2026-01-19,2026-07-15,False
0x3d3047493ea0f388133486aef1357763875d4a75,1193.4647272851817,2025-11-28,2026-09-19,False
0x9ec98f8f96adfd892d011131367251b1f0a1fc7a,1191.2899171099557,2026-08-10,2026-08-10,False
0x0b539ebf4cdfd513d9bd11790c9f453f0dad54d1,1178.7330761451506,2026-09-18,2026-09-18,False
0x9f2e1cb0642b42f4b09536d8a264d3413f898131,1175.0845746264592,2025-10-30,2025-10-30,False
0xd537c1e6ea50c257a0af2ccc0c366d54a0dbfbd3,1169.5257763769293,2026-06-08,2026-06-14,False
0xd707c3b0ce7f002128a91a2370b8c3b65dbdba28,1168.242138758429,2026-09-25,2026-09-28,False
0x230b87753fdf978a1aeccd6a7763ad253833244b,1167.989644433125,2026-09-18,2026-09-18,False
0x9d515189b8e7157111822352a4737d37913e7062,1160.2597714407664,2025-10-31,2025-10-31,False
0x05f9047ab663c8c883266a4ec0269e6f0c28931e,1137.3003484795372,2025-11-28,2025-11-28,False
0xf9d3bb1a3495e1c87938ea8966508b71b7713177,1136.625589306346,2026-09-19,2026-09-19,False
0xde7259893af7cdbc9fd806c6ba61d22d581d5667,1133.9224443581807,2026-01-18,2026-09-20,False
0x40e1147c59e36b6a84626fa588ce5f7ff196ce4b,1131.789197011519,2025-11-06,2025-11-06,False
0x1b82602fe53632c3088dcbf043a2cd01d1236a98,1121.597596997253,2026-09-18,2026-09-18,False
0xa688edd08e75674bfeebe33fe78300e3d800bf08,1120.5080364822534,2026-09-22,2026-09-22,False
0x73691cee20db22f55a6fd0d5948ab00e0fb973b1,1120.0,2026-04-03,2026-10-01,False
0xf86f9628d0b0a396aa0fcafe28ddbace67f353c8,1106.3134767917188,2026-06-20,2026-06-20,False
0x779873930dd24be451b727ead5949d410f1fb27b,1095.2731823488148,2025-11-30,2025-11-30,False
0xad0a4b6b27ee2f07147cc9df18f36a64873e10d1,1089.484780982586,2026-05-10,2026-09-18,False
0xb283e988c671286df2908ea69ab42dbcc48102b9,1086.6767796164431,2026-01-02,2026-01-02,False
0x709572c67145e4328aa72e8c0620ddff29447896,1081.979394578958,2026-05-09,2026-05-09,False
0x4fe83d7ef9151e924df5c5df1f9d328729be8ccf,1065.0015336690335,2026-09-17,2026-09-18,False
0x85001cc4867c5e1c22da4b79bb8852b9e2a06da0,1063.6076792675863,2026-09-03,2026-09-18,False
0xd9cedf6405f3326536e3ccc8e0a5bb4609ec18d0,1061.2875129741649,2025-12-24,2025-12-24,False
0x50aa4480960c7b7ed85bacb022e856e8e0f8b8b1,1051.9762804907564,2026-09-18,2026-09-29,False
0x088c5048337af50e4f4051ca239173fce9982cc2,1050.42091131,2026-08-02,2026-08-02,False
0xdcdf5f75c4bf0391301e505f3562649d633d0097,1048.0,2026-05-10,2026-07-05,False
0xf142e07bd7cbae4599cd41bc8a8d12ec26cdb245,1045.58935331674,2026-09-18,2026-09-18,False
0x3ce4afd671a655bacee7bf220bb97f80d1e739c8,1041.08725490718,2026-05-24,2026-07-23,False
0xf1229aac2662c5304b6dfa24a5ae9340f972ca38,1037.5805936289744,2026-09-18,2026-09-18,False
0xb1f94eb9b5bbef25b2fcde134f1714f3a9206388,1036.6379071392314,2026-09-18,2026-09-19,False
0x2fa7d1ee6085d6377f07509eae7373792ac4699d,1030.4817501519376,2025-11-02,2025-12-11,False
0x6304fd0ccc384e927ad0a2d4b0077e78d91b39bd,1023.2064102886172,2026-09-19,2026-09-19,False
0x3886d22d68abc5b4cf293261ac6ce65701f0d90e,1018.2411301976485,2026-01-16,2026-07-01,False
0x2f6c826c8aad1dac60583704a7723cd0bfb49ed3,1013.846941098505,2026-09-18,2026-09-18,False
0x37de95ea33ea46103e569dc8c791d2b343c06da7,1010.0,2026-05-22,2026-05-22,False
0x15c285c7e1e85cd8914355575c4e06f7c4e20b54,1010.0,2026-05-22,2026-05-22,False
0x5c1d76934af2ab24ba9a221458fa0637c1aaaab3,1008.0660649938778,2026-09-17,2026-09-17,False
0x44d9c1f2a75579e26d45ad249f092d8a83f116e7,1008.0,2025-12-04,2025-12-04,False
0xe16c5301c1efed4c508452b00fe3711ef1d2efe2,1003.436435083834,2026-08-07,2026-08-07,False
0x36484cfa5bb4947ac3dfdce2d9eedc47a6b0de37,1003.37699162,2026-03-05,2026-06-02,False
0xf59ec67cc573c015c7453345e38693a28b8eefa7,1002.7510773993782,2026-01-14,2026-09-10,False
0xe890a757c43943848ed79e49a01081b821439754,1000.0000008250787,2026-06-08,2026-09-25,False
0x322ec64e23a20354808c0b40fbc81f1bf877a949,1000.0000000043,2026-09-18,2026-10-01,False
0xc62dbe98a6a12e44324fb34c650c07a92ce00260,1000.0000000005,2026-04-08,2026-04-08,False
0x691f6f2b981cc94f8c443893e29b91794cc23461,1000.0,2026-09-18,2026-09-19,False
0x733c3ffd74479075f18c47e598572529e9081711,1000.0,2025-12-13,2025-12-13,False
0x9df8052b2ed31c97c9818366cb2fcf91145d5524,1000.0,2026-08-02,2026-08-03,False
0x37548df2883faec327093b24bc8f526695c8ed40,1000.0,2026-05-25,2026-09-17,False
0x55f395e0b9bc32ebb93e35e31117b5f9ae52cc36,1000.0,2026-04-08,2026-04-08,False
0x8b35e723b3dd78853b4e4bdb6f6e034679cb3917,1000.0,2026-01-15,2026-01-15,False
0xf8978f6d839cd59c965106d1eb54d901dd75c606,1000.0,2026-01-25,2026-06-08,False
0xd4b9d65d6cdb10f91bfee96abe10f17f61b1a0ef,1000.0,2026-04-04,2026-04-04,False
0xa2dcb87cafe3aeafba7275cf6c038bdbf16ba4fc,1000.0,2026-09-20,2026-09-20,False
0xb2b64866567453653a620bc1f3be05cc38358a87,1000.0,2026-09-14,2026-09-14,False
0x9d88a1818fb8f998e8809b98c49dc1a45a07c5af,1000.0,2026-03-04,2026-07-05,False
0xaa56c7ccd1b070e55ffae820864517f92c4b718e,1000.0,2026-04-24,2026-04-29,False
0xc17c542486a1c0c6937de1698aa1bf1246195505,1000.0,2026-01-01,2026-02-25,False
0x2e70124f8c3511ea7d3ccff1dcdea30b0e9a84f2,1000.0,2026-07-27,2026-08-04,False
0x632987e529cd372783b181800c0cb3f6b95dbf7a,1000.0,2026-04-13,2026-04-17,False
0x03b7dcc6c652b52497b044b455abc7da37a9bb0b,1000.0,2026-06-12,2026-07-07,False
0x4e71089e07d617b32d479b821889ea2ac1783087,1000.0,2026-01-15,2026-01-15,False
0xf80f57ab931f52465278cf175069e0a680d3aebd,1000.0,2026-07-20,2026-07-20,False
0xd05d961f5631662d7ea44c1ac3e6d57496a30bd7,1000.0,2026-05-03,2026-05-03,False
0xf5567a911902993109020b9bd724a80829f6b0db,1000.0,2026-07-21,2026-07-21,False
0xf65e73aac9182e353600a916a6c7681f810f79c3,1000.0,2025-10-27,2026-05-02,False
0xf67462c224379983a8772c4c27605a7347af38fd,1000.0,2026-01-20,2026-01-20,False
0x75ea2e2a4240960f03da0bfdf1ecaeb011362a4e,1000.0,2026-08-20,2026-09-06,False
0xd73f57065c6c9ec89db341b2a156692e6fe0c1d9,1000.0,2025-12-25,2025-12-25,False
0x04bc9275db61557e28de844f11b2850a6099d638,1000.0,2026-03-15,2026-03-19,False
0x9db897efb53a5950c8e7a914ee7fca69526d4247,1000.0,2026-04-29,2026-06-03,False
0x1ec901d09697a52533656a1770769bd7893f993b,1000.0,2025-10-31,2025-10-31,False
0xb031e1b8a6785409e7d5dd52ef40b2d8fd40d11d,1000.0,2026-01-08,2026-01-08,False
0xb125e5c2fbf66caa98569d7890bd422ef8c8928c,1000.0,2026-04-10,2026-06-04,False
0x7a8d49e048611da366f99426f5fa3d078c8ce76c,1000.0,2025-10-27,2025-10-27,False
0xccb5bd53be82e1732e31ff0800ac27bfc0eca4bb,1000.0,2026-03-13,2026-03-13,False
0x19176fdfc026f216977e3ec54f1e05f59f4b05bd,1000.0,2026-09-18,2026-09-27,False
0xe3aa27d0316930ed5b023f03ba629659b61e9ba2,995.8026,2025-11-20,2025-11-25,False
0xfcdd84f63c6eebfd3887b7efc66de9a77d942708,992.3342518999775,2025-10-29,2025-10-29,False
0x191650d69735868ee6fa9791a73286eeb29fd8ff,975.7285928168337,2026-09-17,2026-09-17,False
0x0afac81ff3566dab3e3d1fdd4a54352dbc0b722d,957.9752856319172,2026-01-14,2026-01-28,False
0x45e6379fa7047a37d40c0dd674ff7224c62d6389,954.5094931722265,2026-09-17,2026-09-17,False
0x942f9ce5d9a33a82f88d233aeb3292e680230348,935.6053752630904,2025-10-29,2026-06-11,False
0xe38600a68658cdfa2590d51191e01ba4b6aaabf7,929.5040525133654,2026-09-26,2026-09-26,False
0xd32c062c12c2d10bec0187dd334cc15e0367f9ac,926.9475403433061,2026-05-02,2026-09-18,False
0x391276932b5105c2db8ee928dfd8872564d6d246,922.2378062101544,2026-04-02,2026-09-17,False
0x702737109e2a5d5e3043341707cfed0c1eb4883b,914.4103046949664,2026-07-27,2026-08-10,False
0x3847fd026ed1827cbf0948d72467c07afb6a8e80,914.204172622578,2025-11-21,2026-09-30,False
0x53869b88306eb505f0fc66dae482d42033f85253,908.4960663492469,2025-12-17,2026-04-15,False
0xd663360d79c4f0a73c89c6bc8f76fe0a9d12f2aa,907.3914167291248,2026-07-08,2026-09-15,False
0xa70b44a1a0e59ba9e6e86e088c279cef5d5390fd,900.0,2026-04-15,2026-07-09,False
0x536d0e8e7c8479e783a956450023b4ba0cede2f1,900.0,2026-03-05,2026-09-18,False
0x702467613ba76afeed2a1685ddcb9f15646e957f,894.6747471363291,2026-09-18,2026-09-18,False
0x1be1b5c25c3ddd7195701b523dceef72df6107d1,886.753730021093,2026-06-20,2026-07-01,False
0x422fdce86a59a12834a8ea079ef3a4f1f71a5ec2,884.4271053937058,2026-09-30,2026-10-01,False
0x612d2f3bacaff514e635c82d113a507696092b2a,883.5759235809343,2026-04-18,2026-09-27,False
0xafacdcbe0a04488467e6b0f7a6be5a21f4c6b899,857.5707801229973,2026-09-17,2026-09-17,False
0x907074670c081dfffbdef0bba8b42d55b92fbd3f,847.423671283953,2025-12-09,2026-03-04,False
0x6836fe7f75e967071179a456cdd8167ffc9a7d30,843.2316323150476,2026-03-06,2026-08-31,False
0xa9fe814e231796f15c85ffe598c11f75a690685c,836.654688010454,2026-05-09,2026-07-22,False
0x0099b34999e835501f0cd6d84b73b4785abbbc89,801.7583539184004,2026-04-01,2026-04-28,False
0x69c5c424a2e606d931cc21fc676b1d8acdde9b8f,800.765297249819,2026-09-17,2026-09-17,False
0xca5b3bbb368db39d223a9fa57a577f9a98a03638,800.0,2026-08-28,2026-09-27,False
0x1e27d9b13abf485ee538a9f45963b2f416435f6c,799.0363109334854,2026-08-06,2026-08-09,False
0x6704a66f98424a6dd95dd2ad7eab89d54981ca59,797.6290561335685,2026-09-18,2026-09-18,False
0xded51d040bca569bfac6f78afd00ec81338f8b89,795.4970367903327,2026-05-24,2026-05-24,False
0x1e14e68b683cc9a5ae4f932d804136a4d16211c3,794.9500254673562,2026-09-17,2026-09-17,False
0xd0da7568716cd3a6f1b57caf8ad504fce7014f5b,784.8472445797439,2026-03-09,2026-03-15,False
0x9291cae23750a3c982e18a529fde080846d5e48b,778.9236911458332,2026-09-23,2026-09-23,False
0x41c5068d1c7c137861b55afbb0bf6f0686e2a0ce,772.6245963944566,2026-04-07,2026-09-22,False
0x862e7c39dcdf18d6c153476a60222af0382ff8ae,769.2588525464421,2026-03-03,2026-08-24,False
0x912d3554c2543f2b0fb037d9ce8e0bec24f105f8,763.237231697706,2026-01-10,2026-08-16,False
0xd198587618e9ac0096d6b4c77d8960c0356edfc5,760.1224850593095,2026-03-13,2026-03-13,False
0x3ef238c36035880efbdfa239d218186b79ad1d6f,759.95579008203,2025-10-30,2026-05-22,False
0x58b8c982d3d9eebb5a7d82bbcbd50315e30705e5,758.6147973558905,2026-09-24,2026-09-28,False
0x743eb927a409b3945ca9359b9fc78d2ce42b18d7,750.0,2026-02-27,2026-04-09,False
0x1b60b3a9daea74d7d0519a1ca3279db11c071c33,746.507304363465,2026-05-20,2026-08-09,False
0xc6486b7453e13066a5103d8708f23a0ef6ad18e2,744.6974527612679,2025-10-31,2026-05-11,False
0xb789707bfbff8b5fbc4b216a410f6b6d12c4f87f,742.0,2026-06-14,2026-09-27,False
0xd91bc4caddde5b032d2e47658131194340c12adc,740.7341793225983,2025-12-19,2025-12-19,False
0xf426522906b18ecfd6dfc2702df519f54e3a9919,738.9757443358378,2026-04-07,2026-09-25,False
0x087784e991699def5be283c92aa20f2fdd07b586,728.8618918897033,2026-09-13,2026-09-17,False
0xf4b7189ba2ac7ff60aebe7fe435c933096eed894,726.4462440899176,2026-08-25,2026-09-30,False
0xf9b1976ac230a183b6298bd56e488bed3b8b325e,723.7667253714816,2026-09-17,2026-09-17,False
0x377255565621e8018de5b7238c85f16bdb03c17a,716.7853721435589,2026-09-18,2026-09-19,False
0xd0a67cb08be17475f4315a04c5f0be3e200ef66c,713.2424797177864,2026-02-10,2026-09-18,False
0x0de7e1b3171b66c01f44e3cef6924b474e315ca5,712.8300849056252,2026-04-03,2026-09-13,False
0x1a8395dda4f34be5497d1fab5bffa526b0553eb5,704.499743396969,2026-09-18,2026-09-18,False
0x889ee0b380b34eafa171764db2b6c4686977e9aa,701.1109391952975,2026-09-29,2026-09-29,False
0x750256fcdc501c7d218ec83459723302c32db9e0,700.0,2026-07-30,2026-07-30,False
0x1c731242ce5d2b1a108a9322d3d6f2a8273e64e9,700.0,2026-06-29,2026-07-22,False
0x7d5523fb5aa962b56bad5e254e27baa1d11d55f8,695.6668145035043,2026-09-09,2026-09-09,False
0xd465e99921e77b9028f77e512d5c1cc41ccb463b,693.176824017563,2026-09-23,2026-09-26,False
0x612ddff95ce2abfee6cddd6d377271ae8f68f487,690.0,2026-06-12,2026-08-06,False
0xd9d56bfd7f0ba1579f551e1f1dd99435f43505dc,689.7784633023138,2026-09-17,2026-09-17,False
0x4d07a1bae1232b1a94824a2628258f6fe9c30dbb,685.9272284936714,2026-04-07,2026-04-07,False
0x00700052c0608f670705380a4900e0a8080010cc,679.269021884425,2025-12-30,2026-09-29,False
0xdb9bd315c27a1b00292a38e84d90dbb4d46938c5,673.7998042152698,2026-02-07,2026-03-24,False
0x31df84b89dd227d2047042fa5819ddfee250c1da,672.4446335873527,2026-04-28,2026-09-25,False
0x854dfe006b5daaba4447b2036e01a1b69864b58a,665.0365128034897,2026-02-26,2026-09-16,False
0xd1a865680d47c16b810f07449f4cefa9484f30cc,663.5572310597413,2026-04-03,2026-06-20,False
0x3d80717e5a286d50db3a6b16f2c74f5bac6630d9,661.5809577540958,2026-09-28,2026-09-28,False
0xa26ddfe78e3ef3707f1b6217a5f9919df065b38c,659.6244515112284,2026-02-01,2026-08-20,False
0x7c69d47b59b389eb7df0231e6451e074320f11e9,657.8195723461472,2026-03-23,2026-04-21,False
0xfa676f5fbd540ef51a038f48996a46a347bde1e9,652.98207950669,2026-09-17,2026-09-17,False
0x1575963f5f696aab0f4f1c0c8355276afa386467,647.3475863260899,2026-01-01,2026-01-01,False
0xf4b650abf829cb8bab8ed80aeff364cb226e49c6,643.2018151982752,2026-01-15,2026-06-12,False
0xb27dadca18496c42212c8b07617a930e51b4678c,642.9499141620497,2026-08-17,2026-08-17,False
0xab2dc5f9c73d7e26b2f0a07088d6d6f13facaa99,640.7623520941621,2026-09-17,2026-09-17,False
0x685ef273157e28cea6287107ad51de28d480d684,637.7505686468368,2026-09-18,2026-09-18,False
0x147cf09e7373b8fda6f12021f1b0f98d6da1a566,635.3816017143566,2025-10-28,2026-10-01,False
0xb83e51fe16b46df8a1e8c66cd2b8909f0c563c27,634.1531393030664,2026-06-20,2026-06-28,False
0x72dba7923d9c64c4bb243a31d69e6baff52acccd,630.4014648777353,2025-12-29,2026-01-26,False
0x31347f0e163769ac588f558592555c572661349e,628.8784359728528,2026-06-16,2026-09-27,False
0xaa04931b7220c007ae3e846f80a909e941802050,628.7745117520301,2026-04-05,2026-04-05,False
0xc719ff04b7df4b74f5b0950eeadfd20566cdef54,624.555362579715,2026-04-03,2026-04-04,False
0xfbc8c94c29eb6da2dccfe7d7e3835f7c95d3143e,614.5118047020422,2026-09-17,2026-09-17,False
0x855b8657ea58ae25f9dbd666007b882e5a3c3ad2,610.4306651585101,2026-04-26,2026-05-14,False
0x103eed222e41153e08ea18551d01469696b057d8,610.4045388156732,2025-10-28,2025-10-28,False
0x4fb6bc130041563c7501adbfd6ac9d4c30e44264,609.560608403219,2025-10-28,2025-10-28,False
0x677d342e3773872662b5e28e663b5320fe884519,603.4816823946059,2025-10-29,2025-10-29,False
0xd31a52a4f25cc5fc2cc86e77af3c244cbd10981c,600.0,2026-04-13,2026-09-19,False
0x2bd6db44a6872539e22c8c9d8f5ec89a0881f8e0,600.0,2026-03-31,2026-03-31,False
0x814137af8af74d2bee42062687e603f2d6b3f4dd,598.933175662852,2026-09-18,2026-09-18,False
0x918dae9189a978984b92436a3a1df05f28745e5d,598.6211596029144,2026-02-26,2026-09-24,False
0x7344e4f2b54f8b02928b7047fb7420ee0f09deef,584.3719391181245,2025-12-16,2025-12-16,False
0xd67c777afb32e8bbc3695a82b13acfc84242910f,573.7489625033663,2026-08-09,2026-08-09,False
0x3c8b6ff2eb679f0a69c98af2aab62260ba247cb3,572.9672105384758,2026-04-13,2026-09-30,False
0xe296a4ee84ef94a6db41a929cbd1a8e3c2d6cc8b,570.0575996114109,2026-04-26,2026-05-17,False
0x86fdcd8051dd65359017d547edbed81709dec582,569.7954302074785,2026-08-15,2026-08-15,False
0x40458c2f0ffdb0488ca5de5ac4c6b15befc14ba2,567.0,2026-01-25,2026-08-20,False
0x647d0306c625457841d8a9bab394716360465d2b,566.396315011863,2026-09-17,2026-09-17,False
0x405c6fa52d90474ef9a4fa38a783ebeefb977197,557.4075572760827,2026-07-17,2026-07-17,False
0xedc71062cb44fc80eaed242e9bec2c261b1238ed,553.8135942547332,2026-02-02,2026-09-10,False
0xdd6c8c55300f891914e374c7e862e890ad02a590,551.5186989826196,2026-08-13,2026-09-01,False
0x4a00d2e63732932d00f3005c006141fe85000000,550.7159545403239,2026-09-07,2026-09-18,False
0x833589fcd6edb6e08f4c7c32d4f71b54bda02913,548.0004914775024,2026-09-23,2026-09-23,False
0x3e07be15370d8b12d80a159a7ef14b9e51869497,545.1039317700805,2026-08-02,2026-10-02,False
0x781ad2a020fbe32a3f98135df5315590810ac8b8,544.6649746297383,2026-09-17,2026-09-17,False
0xabbdf48af1b287dcd0c322439af94ad2aed911c1,534.7966513350494,2026-06-21,2026-06-21,False
0xf98cceb594186006b35a7018a9b87f0e83ab96bd,533.2908137829356,2026-09-17,2026-09-17,False
0x7f967afaaffec93c356577a38923392755d97d2e,532.165612509416,2026-01-06,2026-07-02,False
0x896212da5d35dbf0e7c57a37133f0c97033f82b5,529.1309915544708,2026-09-21,2026-09-21,False
0x9a1b27cccd11d340ce6fb552ed8d6583e7122469,524.7842978413604,2025-11-06,2025-11-06,False
0xfda8e7cd0bcd43a69fa0e376afa057c83bceaa38,521.4831987665638,2026-04-19,2026-04-20,False
0x99ad062217e8ea86f5b82b42ed3829b3d95bffdd,521.4024031455755,2026-06-23,2026-06-23,False
0x4e447d8c831406e28128321fcda0bad603ca125d,518.633237,2025-10-27,2025-10-27,False
0x5d9b14ba8dec657f1ce077da8b54b2cac97f5052,514.3111678427646,2026-07-26,2026-09-28,False
0x983f4a3e146a2d5b9fc5b61b13e6fc1b3aa89b3e,510.0,2026-03-19,2026-04-02,False
0x25f8f911d08ec404845475b6ed4f7f6c832e3b65,507.75594388868046,2025-11-10,2025-11-10,False
0xf15c64378ba0451cde0fd3b64bcb31ec1b0b9d1b,505.8784171713023,2026-04-10,2026-04-11,False
0x60745f5a9742fe905bbde2f57808416edf2b8696,505.4556250034535,2025-12-06,2026-09-17,False
0xf625d71c47a434edf0fb623a3d4ce734987bb704,504.3317283492681,2026-01-06,2026-02-05,False
0xa22ebfe0ca50651a227123a523932b0782b551e9,500.0000000105,2026-04-12,2026-05-01,False
0xfbc18173ccea87f0804de6b70d2aae34f7596865,500.0,2026-02-25,2026-02-25,False
0x49807a85f1adaf55072f79d245a38d8164373457,500.0,2026-03-12,2026-03-12,False
0xf25e0879c82ce6d693e48696e2caf78adfdb3d2c,500.0,2026-03-12,2026-03-12,False
0x06fd73f3c54254aa9933100b15167e07ddada9d1,500.0,2026-08-18,2026-08-18,False
0x5f36d58a28cc90c7da7725cd8591f4fb2eaef171,500.0,2025-11-03,2026-05-09,False
0x1a326aabeefa6fbdf92fd26ed6e48d8b36d28c7f,500.0,2026-05-26,2026-05-27,False
0xdfdb93d383c43ef66bd75bf297035f9f12cd7578,500.0,2026-06-01,2026-08-17,False
0x179d89263f1b1b85d84492936895f2ed7807f743,500.0,2026-09-11,2026-09-11,False
0x5f370dea622374b9042c9038d0e19ef831eaad50,500.0,2026-01-01,2026-01-01,False
0x5cd5e91f83d12a98082ed18cf62d5c08813a5793,500.0,2026-08-30,2026-08-30,False
0xc10f8ba00c00beadcca3dca748bfd1be1becd59b,500.0,2026-03-27,2026-05-18,False
0xe38500d61e1b4508ce6098bef8e17719b46a1aaa,500.0,2026-04-07,2026-04-07,False
0x8cb90e9c3be21bdfede660708ec758aba0f716fa,500.0,2025-11-27,2025-11-27,False
0xf7de5458c2ad118cec745375d3eda6a5b267f2f0,500.0,2025-11-22,2025-11-22,False
0xe53718e99afe3f2eb1b01c059169e42cfc511fb4,500.0,2026-02-28,2026-02-28,False
0x3e587a9c58cfe44f114a8834d29be86e519d467e,500.0,2026-02-05,2026-02-05,False
0x8c67107fe442d715027b584318c523c6f96c4578,500.0,2025-11-22,2025-11-22,False
0xac8aaf3a56f6401d285a67b8d80181b7655a744e,500.0,2025-11-22,2025-11-22,False
0xd55e274f6c72f66d92b6c355de656d9b087a7782,500.0,2026-01-08,2026-01-08,False
0x4107662e4501eb7e1fa8972747bb97dff02db225,500.0,2026-03-15,2026-03-16,False
0x289e5efa84001e42c8fea40892ae6ca37bbf5c0a,500.0,2025-11-22,2025-11-22,False
0x6c167d953ff68cd24f40b55f8186ed2c32815313,500.0,2026-02-28,2026-02-28,False
0x2f99968b6df441404e1c4174b2276e1df21b557a,500.0,2025-12-18,2025-12-18,False
0xb536973b3f53a8933cd016091d7915707cc594b6,500.0,2025-12-19,2025-12-19,False
0x82e5816d47ca6eebc4ca04dd03a7326cc1867741,500.0,2026-09-23,2026-09-23,False
0x83721f82031cea99aa95dfbccceedb75460f28ed,500.0,2025-11-22,2025-11-22,False
0x9e3a5f884cc5e6c698eb19d48a8988825010058b,499.4270761054287,2026-06-06,2026-06-10,False
0x51c014dfaa3e4f56b2d04db38d55d2c168fd08e7,498.55382092652405,2026-03-04,2026-03-04,False
0xbd59633558de07f47f9e2c10f6b5d804138fbdae,494.9979552030598,2025-10-28,2025-10-28,False
0xa674647339b69676730718d0bf35867ee1dffba2,493.93565708232535,2026-09-17,2026-09-17,False
0xd427abc74a276005ed3043fa7243ffaa96b887a6,492.1637398490099,2025-12-03,2026-09-18,False
0x694a1e4c424c8a6c2391c4f5b610b98102269e5d,490.237818674858,2026-10-01,2026-10-01,False
0x7ca102059c6b1373393f7fb155bcb6b91e473464,483.13045799709954,2025-12-25,2026-01-02,False
0x052a0e1069ac4dec06573aee3a966ce29a2eb348,483.0,2026-05-10,2026-09-13,False
0xdcfaa982ebe35442158bf4928b38870c1ee63a00,482.0,2026-08-17,2026-09-28,False
0x962bd75ae8be8d8848e37ff6b61ec5fbe2b1b700,479.93512808991954,2026-04-17,2026-09-17,False
0x8e2a9d954e7c88a00d3571eeab3d5e733a309426,479.2240257758641,2026-09-17,2026-09-19,False
0x72ed1d07c287ae99aab986e4b4c0a22568715c05,479.1218735497387,2026-09-17,2026-09-17,False
0x8f29b889299bfc201fbabd58c686bb973bfc8ad2,478.3756756269998,2026-02-02,2026-02-02,False
0xb8b72f96aba236c69c29a12f554f92137b680ea8,477.665437226497,2026-02-19,2026-02-19,False
0xe3a3a1c7e37b21610aca46713b877ecd3a036272,477.34420056937745,2026-08-21,2026-08-21,False
0x5b99a17dccf81090f2946ce74f4d3c29e22e3af5,472.3174518896586,2026-03-06,2026-03-06,False
0x1eac7387d968938742c49102c9013810351919ff,468.1448411031213,2026-09-18,2026-09-18,False
0x31e9f1acdc4c70df4cac27013047500c25a47a4c,465.57206245621785,2026-09-06,2026-09-28,False
0xb312a6942ba6b5b414bbd2bd09f91e1f1937e3bc,462.3265183351953,2025-11-06,2026-03-27,False
0x2c5fc9b11d5e463e469307b3799df6ce5b967265,460.2992915727425,2026-02-04,2026-09-30,False
0xb5b41e6e8f94d54e41be11454a0f45b77e3309d7,452.9294535002855,2026-01-13,2026-01-13,False
0x0ee0df0b6d6efd47d0420881888ebb3c256d6368,447.68723741883144,2026-08-30,2026-09-08,False
0x49c604e07338ce062efe23570e9732727dc55f6f,438.5435300092396,2025-11-24,2025-11-24,False
0x1392ad4a853e5a6548c2c13998c09d2ebf7c9ed7,438.1,2026-03-06,2026-10-01,False
0x77e7c05a86218f414d4bf6ed97210dcbe4086118,434.9823713653203,2026-03-06,2026-03-26,False
0xa2399866e71c6f1c27a0ffa78a89c513ae7554e7,433.8392983092371,2026-02-18,2026-08-19,False
0xca1e9368e29aa30357580048b778500eb01b3e6f,422.51497444835877,2025-10-29,2025-11-30,False
0x7fedc0815e5b3cf3b4c291e2a08118d0999c859b,420.0,2026-08-01,2026-08-06,False
0x1505cdb34d4076a94bf282f13a21f6729ea8abd4,420.0,2026-08-01,2026-08-06,False
0xc593b12ec21c3e2b5c8dfaf833461a51a661864b,418.50582241036676,2026-02-03,2026-02-07,False
0xc0e926a0bc9687b4583d8e386cb8dd25c6946a68,418.2977153509313,2026-06-04,2026-06-04,False
0x911a8ff13623da98417ca61b309509bed8af6ffd,418.25287289376297,2026-09-18,2026-09-18,False
0xdaa3396efa8f451e26f94880b91f8136f3aa8c6a,410.8738471111381,2026-03-05,2026-09-27,False
0x6f64644622c83793e01b9cc76903b5b5d33b4bc7,408.7571111702121,2026-04-27,2026-04-27,False
0x372ad1c985c962e918f6f47421f3bbd9798043ef,405.0433453836457,2026-09-30,2026-09-30,False
0xfaa85ec147de443d2841638a912b494c2a6573ff,404.6329798715619,2026-09-18,2026-09-18,False
0x34894032f619f0bc369eb320855d1b333ff235b6,403.2683742452232,2026-09-03,2026-09-03,False
0xc233b54405b380f88c6b7eaed35fc21d7699f4e3,402.82455669122055,2026-08-03,2026-08-03,False
0xbeef02961503351625926ea9a11ae13b29f5c555,402.78086171868716,2026-05-31,2026-09-20,False
0xaf663305a7da21254f3c1a1fda7f80004132ffbc,401.17852514397197,2026-09-02,2026-09-02,False
0xa61d5bdaa430aa4a3e4aa7f87683916db05913b6,400.5868036852175,2026-05-20,2026-05-20,False
0x84787244d57e616dd773ef09ec81291a0db98c35,400.54567759689314,2026-04-11,2026-06-08,False
0x3a82ca4af99724fcf1438656c0864fe8f86a501c,400.0,2026-03-05,2026-04-06,False
0x5ebc94fd391ffdb12207acbe5af1d493160b3854,400.0,2026-08-27,2026-08-27,False
0x19fb84715ce5cbf9ed8f7ea51a04b5df8460ed9b,400.0,2026-02-25,2026-03-06,False
0x73243158e077e29b95d0d854e0ef6df0fa34fea4,399.4039928472674,2026-09-20,2026-09-22,False
0x0b3deb5fcbb53cb2e6fc8344f17cb1adcd5276e7,389.0,2026-07-20,2026-09-24,False
0xd474199898e6940266a55e87e3380afd41dad80d,382.5844631174569,2026-04-18,2026-06-21,False
0xce93518860a54c02f834969c32e9e0ff55dac7ac,382.5208952743491,2026-04-18,2026-04-18,False
0x2fbb38c621a76a0a01f632ac09f9df0541b7f63b,369.3273493175615,2026-04-21,2026-04-21,False
0x8fe83dab1d17185f091569b440b9e3c7ead1453d,365.1441706730309,2025-12-19,2026-07-08,False
0x6683b4758bd37e6bf210b84b2724cbe8992102e8,362.5109972288675,2026-01-16,2026-08-05,False
0x087281f0889559941382fa48cf2517f7f9666272,361.5,2026-05-10,2026-09-27,False
0xb6cb918d1bf209d1aa13e6714d223caf3aba93d8,359.06752800667573,2026-05-22,2026-09-18,False
0x8b1fb4937bab5d02248a0825bf2564863237b00f,357.84128725957027,2025-12-19,2026-07-08,False
0x16a6dee2326439ba8f28772f566232b7fa47b73f,357.7296140591032,2026-05-14,2026-05-14,False
0xaf216baed08484b5cd9f2d097855bfa204550e19,357.15149318307203,2026-09-24,2026-09-25,False
0xfa7cca6c4a90c926da5a3e0603fb6e9af43c7b1b,355.22007386968846,2026-01-15,2026-03-31,False
0x0000000000483326682634675c919731e910d296,353.36744688835205,2026-09-17,2026-09-17,False
0x3ab2d77ba9544347b6019567f324872b198a080f,350.0,2026-06-29,2026-07-08,False
0x6de59386a1c5c7e1e1cac9029d300f8114eb8bcf,349.60016220527956,2026-08-12,2026-09-01,False
0x1d707026c5af274f64da176ced450c307c910bb8,348.1953557422395,2026-01-05,2026-01-05,False
0xbd79d5acb330f93941646d44b909e2cfcb674ee4,346.0,2026-05-10,2026-06-14,False
0xec24849df75e514509de5800579a5ebbc9eac053,345.7170280709609,2026-09-18,2026-09-18,False
0xef88e35e43145dbe6adeca3f1254016c681f5c05,342.0,2026-05-17,2026-06-21,False
0x255d458555336c6c33fe6e1ff1e0b31ade77b18c,340.38809997317696,2026-04-05,2026-07-02,False
0x6128bb925e1e189050bf6ab7992b418c2e05c718,339.0,2026-09-23,2026-09-24,False
0x78268ea4a9fd06a7e15c39821516a8b0f1c521a6,336.34370965771063,2026-09-18,2026-09-29,False
0x73d20c1c72783401ce0a5ac04303cd7a9d26eee1,335.647656719902,2026-09-18,2026-09-18,False
0xf735e22c04d01f023a3ec9aa4c057187cc64da4a,330.61379362622745,2026-09-17,2026-09-23,False
0xa9e48714ecff7f1dfb83dd81ae5eec942d07fb22,330.0,2026-06-04,2026-06-04,False
0x04dbd2f62f507fda0c6f4f7d89c6a69d79b0e462,329.281783937145,2026-05-14,2026-06-28,False
0x2cfab82d944b9b0bafb2ce705c20d740730ded0a,327.9199107591973,2026-03-13,2026-03-13,False
0x69cffdc5b3d223ce914a0ab53f40c78d4deaa459,325.4598715711623,2026-06-15,2026-06-28,False
0x0725e558b4c4b6e3eb657001998808aef766b2d5,323.0080570345577,2026-09-18,2026-09-25,False
0x0383e506462dfa709a3d1b84f1f7888b11c4e39d,322.4365707242281,2026-03-06,2026-09-17,False
0x32eb089ada3f32c1afff85f97965fd26ee67711e,320.6256006184587,2026-06-02,2026-06-03,False
0x9839ebd5ab50595187bc03e9d88abaacb5bc2704,318.96952021000004,2026-01-15,2026-01-15,False
0x6c652aa7ecbda5037878090b76f389fcf445683c,318.94469145191727,2025-10-28,2025-10-28,False
0x8eb358f62bbc142114477f5b87d5726638fe653e,317.3563594990802,2026-04-15,2026-09-19,False
0x5dd4febcd94dec57be560864cdc7e451a8d8b4ff,317.135687596732,2026-09-17,2026-09-17,False
0x75780c4b092b932c4131fda729a77e841b5ee46f,316.63642145234184,2025-11-13,2025-12-02,False
0xf7745296976daeeed7b0143e212885af7bca6a10,316.49254693797474,2026-04-09,2026-04-09,False
0xc7d093f87f6ce14af9fa76cc2318aee8b79282ad,316.08443753603547,2026-09-18,2026-09-19,False
0xa47cb1684be307210b10a837c5aa85f01aff99b6,315.8033411009447,2026-04-22,2026-06-12,False
0x3349da2e81b4943e5ce257ed23a437a22d022bf5,311.57915400200716,2025-10-27,2025-10-27,False
0x508aeb71d0f3485af1c55330aad90547a31864ff,310.14292337903225,2025-10-27,2025-10-27,False
0x5f036bd5123360249745089a4b9ce29dba5b038d,310.09932668054466,2025-10-27,2025-10-27,False
0x0872dd19174b436a6794f0b579d24caee142a2b0,307.0,2026-03-17,2026-08-10,False
0xedc45efba148b78690c75383da744a16bea7b8b4,306.92925390508617,2026-02-19,2026-02-19,False
0x8c3ad503f06f9d32130ea4e7218cc1faee7832e4,304.76496514834366,2026-03-21,2026-07-17,False
0x5aafc1f252d544f744d17a4e734afd6efc47ede4,302.988902240197,2025-11-08,2026-09-30,False
0x7af3edc58487bad40a21b93d90f14453282d8df3,301.7127867301782,2025-11-01,2026-09-22,False
0x6a1c6d5a6f363932f6deb35f755b84f0bfb57dd4,300.0,2026-04-05,2026-04-05,False
0xf6599c47799d9fe6c193aa065b7613842b04c109,300.0,2026-04-05,2026-04-05,False
0x456ac542a1c64aca912885ca6660fa3d68fc1931,300.0,2026-04-05,2026-04-05,False
0x75d973f4d5970463db8e14cfe3329214e5b67cab,300.0,2026-07-22,2026-07-22,False
0x1f1ccc1250c90dfc1ffaf497053b40d6d79a33dc,300.0,2026-07-21,2026-08-28,False
0x422f41397a7115d490ad8025e0c6665e63eebcc5,300.0,2026-08-13,2026-08-31,False
0x13b9781fc7247db1bd782cf286cee56abf520812,300.0,2026-04-05,2026-04-05,False
0x98e72b99d9ab1ea12400ed8c10a902377e1d5e34,300.0,2026-04-06,2026-04-06,False
0xb83072697ff4cbac437c48713d4596747a48c8a4,298.2767195687246,2026-04-07,2026-04-07,False
0x10879725566953212bb0aa783ce2215946f6e2df,295.0,2026-05-10,2026-05-17,False
0x7bf1ab84c6bdbcf3817e457f5844068b73de21d0,294.7560577587867,2026-07-18,2026-07-18,False
0x6fabfe96206adc6596bb817e3e06c8b4f694f8cd,292.07867854374075,2026-02-24,2026-02-24,False
0x43bb5ea4453eaaede3bbe4c54b7a91cbdf416c23,290.0,2026-04-26,2026-08-06,False
0x09c9ecbc415dacea1895deb8278666d23bf0b463,287.37887287828187,2025-10-29,2025-11-01,False
0xe92b3caa6e4d74ddaaff9f88c4a4d191702e724a,286.870956634433,2026-09-17,2026-09-17,False
0x238d6ca8273aaabd1311b7e2fe0add3170e13136,286.35829773133196,2026-08-02,2026-08-19,False
0x68abc90263651053c70d12b77767b8267af9225c,285.124188173928,2026-09-17,2026-09-17,False
0xfb0f262f362e9f1bf21d6e010cbfbcc1c44aead0,285.0,2026-05-24,2026-05-31,False
0x3994f90fa7da9bf03ee08cbd9deadaf315424f0c,285.0,2026-05-10,2026-07-12,False
0xd08f6770b61462b0a20b3b080b75e51592298728,284.63841202523463,2026-09-23,2026-09-23,False
0x9e4107d7d202d922d1867173e94a0d2ff5065311,280.08159378494406,2026-03-08,2026-03-08,False
0x9be92a1e2a118fb6f67047c1719301a79e28f971,278.95941005594005,2026-01-30,2026-09-25,False
0xc427eb594bf7e6f83a522bc47007d6276ebaed14,277.93891057785135,2026-07-22,2026-07-22,False
0xfe0d67eb6c5dd591113ce23bf800c2eba2070937,275.13364269917656,2026-07-09,2026-09-24,False
0x6d3da16e81172b647d915d7491856f358675a9a1,274.2233057858907,2026-09-23,2026-09-23,False
0x7abcde506f9ed5e04b2187d83b16e0278bff7153,273.63460549878914,2026-06-20,2026-06-20,False
0x0000000000bbf5c5fd284e657f01bd000933c96d,272.37601425851784,2025-12-29,2026-08-25,False
0x59a886d85f07c587d801ba50808c12ae5126ad82,270.8434427914186,2026-06-01,2026-10-02,False
0xf156c03f60fffe0614bbf3a49ab3f1a4415ee395,270.8036864031051,2026-09-18,2026-09-23,False
0x0354f374b90ee8f42c7dff3817f0d89f52d472a2,270.7463444469811,2026-06-08,2026-06-08,False
0x99a612c867d7600cef8c3b052699b097093e8c8d,269.3419582771645,2025-10-28,2025-10-28,False
0xd714b5c19e85f1293217eba9098cea160f6a1047,268.86783760876676,2025-11-05,2026-06-25,False
0x0453da8d19e6ccd8dc2049e1820e7853759272cc,268.5892400876825,2026-02-18,2026-04-16,False
0x1b550cf4b4674d82d5140562e2df61c81fa88606,268.46244922783023,2026-08-06,2026-08-06,False
0x587d337d3297abd32394b2f396ac96ec8afeef97,268.074238003586,2026-04-16,2026-09-26,False
0x6e0971a97ef4e10acaecb46ba7752aeb8718b36a,262.99725248764537,2026-05-28,2026-09-24,False
0xde98634925a3e179b10b571ccf60c720c771dca9,261.22595478399563,2026-08-30,2026-08-30,False
0x67ed85de672537808db45bef823e19621f127240,261.03052047475296,2026-09-14,2026-09-17,False
0xa3df62300a7140cf73377be5342b90047baf48b4,259.5027919653632,2026-09-17,2026-09-17,False
0x34b0aef12d306d3d65eba5f291c45a5f9d4521ac,254.08474351570794,2025-11-14,2025-11-14,False
0xc06ebbefd94032b85424d51906e2a335efae264b,253.63546725127472,2026-03-03,2026-09-30,False
0xc31d848b5c07c59f1d97d847962a19b8206dd7c4,252.8824365304627,2026-01-15,2026-01-15,False
0x9b10c2ecf41f28ee4ce1ace2f7d69a8d5632753a,250.0,2025-11-21,2026-08-15,False
0x6266226a1ed548cf5508943cafcbd910d364b618,249.42741668812275,2025-10-30,2025-11-07,False
0x000aa7586a50758a5bc4e6c06bbf3866736b045d,248.4220568666731,2026-02-25,2026-09-30,False
0xca9bfebca344addce893a247bd9febd7ce52524f,248.08888585355857,2025-10-27,2025-10-27,False
0x7f261b7962a7cec1490910d6a0ff67e52687146c,246.4931595280489,2026-09-18,2026-09-18,False
0xad01c20d5886137e056775af56915de824c8fce5,245.74486578358588,2025-10-30,2026-09-21,False
0xb512e2b589c5937c9e9afa4c273d12c3202b70a5,243.17839049262034,2026-01-09,2026-04-10,False
0xec3a2123d1a20d8f57c207de215c75c0b366b6dc,243.0,2026-05-31,2026-06-28,False
0x99ec2555a3b33b937df2ddbdb1d1a5ea481aa311,242.90896236789538,2026-03-19,2026-04-22,False
0xb0e1b40319411219a5b65c902139c9ef03552500,237.25348868500157,2026-08-03,2026-09-02,False
0xeac6a75e19beb1283352d24c0311de865a867dab,237.0,2026-03-15,2026-03-17,False
0xad2dce85ecd7998338dd57fbaad3d13809920874,235.54889049977228,2026-03-10,2026-03-10,False
0x1ab135c5275659d1867098e3af2bf647442cfb53,232.7963444970715,2026-05-22,2026-05-22,False
0xaddee885626186017b1c6c3525d9e397a1d2e942,229.87998687937122,2025-11-07,2026-03-29,False
0x26fc7347cabc973ba6f4e3288faba17845566bc0,227.47216937782196,2026-09-17,2026-09-17,False
0xd51eddf53c77e85225cf6134bc7a0af6f4dc6899,225.06032717,2026-09-28,2026-09-28,False
0x86bc55d82f4a24c44fb3eb52e718a06f6602cd40,224.13676182690222,2025-11-10,2026-09-28,False
0xdeadc0de0000e54725ad1bf220324717043e02bf,223.35753035806383,2026-04-26,2026-08-03,False
0x615615aa55c2704194ef249ebae02d0b201671ae,223.0,2026-06-28,2026-08-09,False
0x374ca4c4fbf20e2b4e74092bb0ba3a83ec669798,213.79522941586828,2026-08-19,2026-08-19,False
0x7f7d0c4436f4039ff3baaf00143f99948b6ca30e,213.2054163501767,2026-08-12,2026-08-12,False
0x2875e9fefd6485b41cffde4eaabb1b45a049b428,212.0,2026-07-03,2026-09-22,False
0xf20500e767f98a8ed9ba660c97f2dfc07c12efa1,209.03390841267117,2026-04-19,2026-09-30,False
0x33ca8bd35ac515b81456bf5a17addfd6607eefe1,207.61659756519384,2026-09-17,2026-09-17,False
0xc0fc3ddfec95ca45a0d2393f518d3ea1ccf44f8b,206.955221378317,2026-05-25,2026-05-25,False
0x5c299d58ed5e429b3a3714385b49dadfd287581a,205.0,2026-05-24,2026-05-24,False
0xb511433220abafdf8ef73311373ad115f6b18266,200.6292315905103,2026-09-18,2026-09-27,False
0xbd1572904ef0be1ade8709a4561fa3adf8b5f749,200.0,2026-09-17,2026-09-23,False
0xbb98a8cab9591fcf7dac60cf2bd7499a3d8ccfa5,200.0,2026-03-31,2026-09-14,False
0xcf696a8021ffe46369a2754fe2823c94ecafac14,200.0,2026-03-11,2026-03-11,False
0x984073f5095511fc8f34959c624a9c68f3e4901a,200.0,2025-12-21,2025-12-21,False
0xf8e44b3354bb5790a51dc06aaac7c2f616f75435,200.0,2026-06-11,2026-06-11,False
0xe892b7d6a0da2bdad557a3c0c2030ddfbf83bb0c,200.0,2026-05-04,2026-05-04,False
0x661451ef3e807dd462948559f0103b76bb7b6505,200.0,2026-03-05,2026-04-05,False
0x7c14c491f964a4d84a0fd7de597cc983554e38db,199.0,2026-08-31,2026-09-01,False
0x8a190f46f0de8f5297b81066be887b2e3f15cecd,199.0,2026-09-28,2026-09-29,False
0xbc82d6dc5f96df4b455d4f28a55aea5776326886,198.627331602853,2025-11-15,2025-11-15,False
0x0b56e53c1121e4d33f3582296d52bf1db5e55118,196.59560650932357,2026-06-17,2026-06-17,False
0xa46071937da3054cf7fe273377e1a3c8cf21c0ba,196.5916737389114,2026-01-05,2026-01-05,False
0x7ef638a7bb4421c04758558313595ac5f54513c7,195.35333307889343,2026-03-18,2026-03-18,False
0x2c7040ec470606db01c493191b6f26ef99ba16e5,193.2167884929718,2026-07-17,2026-08-11,False
0xc11b2571b1bd3a0687acf26dbacbc125ba0384b2,193.02571342464057,2026-05-24,2026-07-10,False
0xeea6c084dccf7e7b653ea44f12e350ae23d7e481,192.86980840639836,2026-09-18,2026-09-18,False
0x1f2f10d1c40777ae1da742455c65828ff36df387,191.21967353740885,2025-10-28,2026-10-01,False
0x585a3dbf57b281dd9b327af876c38b291df66279,187.8452197902109,2026-05-28,2026-09-27,False
0xec689a89aade1c4eba83657fc4d80a7cb3d260e5,186.43670685627995,2025-11-05,2025-11-05,False
0xf2bc13f2a913e4063e441cbb95fee45d0a4d28ec,186.0784631065507,2026-02-27,2026-02-27,False
0xc6eca0cadca72d40897f4bfbe2d5c5d2089548ba,186.0518273876488,2025-10-27,2025-10-27,False
0x68cbe77063dbcf7de7f59cd8c0051e0b2a23bf75,186.01882581477605,2025-11-02,2026-02-01,False
0xe78b84da3297a423c8e789cb9754477fb4497ce9,186.01808429288437,2025-10-27,2025-10-27,False
0xdd14b63581f275d16ef224d1513110f33be6e30f,185.57274929036512,2026-09-17,2026-09-17,False
0xbbf4a1dbaa6507625e5060786740efe9b9093e83,184.48565693498477,2025-11-07,2025-12-23,False
0x10c46dd5dc076137812d470df1b98e2829523e7c,181.82370007435134,2026-08-10,2026-08-10,False
0xd63d44fc3d05aedebbfe8546224190e0e2c9bd94,178.90411896605713,2026-08-28,2026-08-28,False
0xfbc08a43c6e38c3335f32700b5cbd8ea277e7539,178.2500866418478,2026-07-18,2026-09-27,False
0xd9c031124b86185b30cef3a01d297d7b22908ee0,175.210086691869,2026-05-03,2026-05-03,False
0xadfce5b21096010a18c971e7ae1456eb16a3a95c,173.0,2026-05-10,2026-07-05,False
0xf9f31a795ff920b56f6668f5db967e90c235fbf8,172.45592509000002,2026-09-30,2026-09-30,False
0xa9284b4996a81f7c5f4e669e470433b3100cddb4,172.0,2026-05-24,2026-07-26,False
0x38b1bb4959d324520b84b6e908061f5a76f9b226,169.80391136174086,2026-09-18,2026-09-18,False
0x7771478ebb3bc14370c77994402738c9bb5d4cfd,169.0,2026-09-20,2026-09-20,False
0x3d6d421f8e9c2b894dc9b0e19b25b7ea8ab4ad1a,166.3378052213299,2026-09-17,2026-09-17,False
0x8ef2c41e80198e352810997b8be1b65de2b84f84,164.9671847082118,2026-01-07,2026-01-07,False
0x19624ec376d30370678b3fbf30940da0032f0787,164.53601307899999,2026-03-05,2026-06-26,False
0x140022b7000081000001094700609300d2187dab,164.42917934082766,2026-06-24,2026-10-01,False
0x09a9b1aae5d3ac01a1f4fe60b347d8b0a0b8fd22,163.3453119895459,2026-07-22,2026-07-22,False
0xcae83b7162d64022f7da3d011fc96761cb14116a,162.37097094917806,2026-07-07,2026-07-07,False
0x1b99f7f45decb5804b7989533cd2269ae2f42713,160.9892493320902,2026-02-03,2026-02-03,False
0x0f3dd99293b80bcc18573e4f81068434588fecc9,160.80410789653234,2026-05-13,2026-05-13,False
0x537ae362ae32589f67d8e0f98034f94c695110f6,160.65722354686295,2026-03-24,2026-03-24,False
0x901538d5ac2c18bd77eda2b08607e7c8248dcf02,160.62574320279256,2026-09-18,2026-09-18,False
0x2b15a7914fa2757a72da16762186a1eb849f878a,160.2276007496976,2025-10-28,2025-10-28,False
0x16dd937fcf24aceb4cd15faa1596eb32e1b3124d,160.1574411709687,2026-06-12,2026-06-12,False
0x967fb0b324a96257fe6360138ab0e0fb867b3177,160.15165464845944,2026-06-12,2026-06-12,False
0x72714c41bae91a9c66229d3b9db4b35fc4df1e72,160.11262779484463,2026-09-27,2026-09-27,False
0x6aff231632d4115260d9e2637d82be27c93d5d6e,160.0,2026-09-06,2026-09-06,False
0xcacd4783cb406f7c6a5145e7c10655faefb55cb5,160.0,2026-05-10,2026-05-31,False
0xbaea15d66af206142b79c4c6b87f52b0fac8d9cb,159.7878555022878,2026-07-03,2026-07-03,False
0x1c0aa8ccd568d90d61659f060d1bfb1e6f855a20,159.53159542993646,2025-10-27,2026-08-27,False
0x2e5ef37ade8afb712b8be858fec7389fe32857e2,159.1532556233034,2025-12-30,2026-08-25,False
0x00000000000ba9cd9f5175108141a82b6c24d727,159.14503747583967,2026-09-17,2026-09-28,False
0x42312850f9bd4621000b3dcad49278d6a2721318,159.14444481653265,2026-09-23,2026-09-25,False
0x3951d3427ea3a0a5411e06ee85fa6f6d64db2d4d,159.06838378426195,2026-04-15,2026-04-15,False
0x99e04bfe1509a379e1a8d53db9c5fdfa2c127898,159.0,2026-01-16,2026-01-16,False
0x4eb996fa518d4c7ad9cae7a33383504ff6ef580c,158.89993988888887,2026-06-15,2026-08-08,False
0x626346326e934506c3306b1ae90a2409f8b8af41,158.39622439910693,2026-01-17,2026-01-17,False
0x5148cd275abcfc46ef4add4b204d0c2df90a9630,158.3451721435211,2026-08-01,2026-08-01,False
0xbbb2efcdb84ca2a5d8eb20f6c306d1fad7e29093,158.21558516720336,2026-05-07,2026-05-07,False
0x2ca26ef7cb3862695bc87eb568771a11d84392e7,157.6700586776057,2026-04-05,2026-04-05,False
0xbd23165227c813565ae7431bf73c18345e2c8910,157.49812211681402,2026-08-25,2026-08-25,False
0x102cf679163e728d9e86bf0411e25153222dc327,157.30341053990426,2026-03-30,2026-03-30,False
0x9f5c35c78c3cc0500842f5c11bc8c5e676c18e08,156.89081705726724,2026-07-09,2026-10-01,False
0xbe24bb22d1187f584d8301013e505a32389eacd9,154.55447153412135,2026-08-07,2026-08-07,False
0x35346ae87106d0639c76a9ad14eff6eaf9c57c47,154.0737236277777,2025-12-21,2026-01-14,False
0x891e1c7790edceb218538d5d545323a2c7335c9c,154.0,2026-05-24,2026-05-24,False
0x83c4586c744832e4c66f3b58e773687fa8e64a09,153.0,2025-10-28,2025-10-28,False
0x82d9a407f99a95db4671e7021d625cbd0787a407,151.28250803648226,2026-08-28,2026-09-22,False
0xe0d177b2071351a78f9234d47342991533eca72a,150.29762441970888,2025-11-07,2025-11-07,False
0xcb6369c440e47233418107363b25acfc75f651c1,147.38719249140829,2026-09-18,2026-09-18,False
0x46f49293c6d8b3bb01731328fe88a6c9622e87c0,147.12548834210608,2026-03-31,2026-07-16,False
0xab557c6f9ce292b1e5467ea0cc1b9666a88b9dba,146.06241416132602,2026-09-17,2026-09-17,False
0xbe73a67ddc4accb1fd8a7422ca3ae49e3ecca3b1,146.0342718151062,2026-05-19,2026-07-30,False
0xff065639e863f0546a027843c183bd665e546eb3,145.86595603836273,2026-02-24,2026-02-24,False
0x2eff7a1b395478aca9e35730e471c195c8ab6bc7,145.0,2026-06-21,2026-07-26,False
0xbdc41bd8c9e7279b139105309de24ef87c3efd1a,144.76725708568227,2026-01-21,2026-06-29,False
0x9d3701ae00475a0127f31a4a97d120f0577c6613,144.0914864640274,2026-09-22,2026-09-22,False
0x6474195f597dfc71856273f244620becde5e3af3,142.0735687523459,2026-04-10,2026-08-19,False
0x2b81f249684fa1e54cda4b2e910bf9d8d4bfd07d,140.0,2026-08-01,2026-08-06,False
0x4230ec10fb78f7ba87d41f48e42c5919c75f6b1a,140.0,2026-05-10,2026-09-20,False
0x7351d2652ac578b1dfbf93b2d537ff676dccd695,139.0,2026-04-08,2026-07-04,False
0x3b98429e09519c5fe5ea9419302113ddbb2a8e16,137.81432495811384,2026-07-30,2026-08-01,False
0x74198a7650be62347ad1093923ecb044e59991b1,137.04614506624984,2025-11-10,2025-12-26,False
0x1f9bde6217ac8b1f9b86a4c410380a0d91cb6fbe,132.06529409259971,2026-08-02,2026-08-02,False
0x0d05a7d3448512b78fa8a9e46c4872c88c4a0d05,131.23000408994864,2025-11-03,2026-04-10,False
0xfbd29f6c45649ca60f646d01ab77202d9e37d875,131.17446348297582,2026-06-23,2026-06-23,False
0xed41540dd6012dfca3af7bdbc11461abbf547ded,130.88106573538772,2026-09-25,2026-09-25,False
0xb955c5250b9e6dd694e77337132f6878c9909da0,129.84672893365584,2026-09-23,2026-09-23,False
0x13e5ea89ff4431a381c218e8b510d5037cdbec79,129.28852069067028,2026-02-10,2026-09-18,False
0xeaa517ba54cd2a69846537b0bf8d0696973e1367,127.0,2026-05-10,2026-05-10,False
0x038e8d34dc9b8614bf2fe8f9e49353f3795dcae8,124.84371585502726,2026-01-05,2026-01-05,False
0x2e388f0225e402267072cecc0c56824fd64589ed,123.39107700478023,2026-09-18,2026-09-18,False
0xf5696b39bccf7c123233eb60f7a627aded3c24fd,122.0310295618765,2026-09-18,2026-09-18,False
0x15a84bbc9e324bcbd43bf423d47d3cf4686f9834,121.0,2026-05-10,2026-05-10,False
0x36b182758e40ed9225160970dc32fb4e346f3209,120.38900473225931,2026-09-06,2026-09-06,False
0x9f8618b937c9daa26d791b05d4962766033e3039,120.09617440526698,2025-10-27,2026-09-18,False
0x3985bdf6ad3d131733f48ca21b7f2435e1d0dae2,117.84858404638342,2026-05-26,2026-06-26,False
0x06c2846605473d60a3fb2f7180aec05823f9f4e4,113.00781917730382,2026-09-17,2026-09-17,False
0xef899429b6a01562b20ef99f047b84aef3ade8f0,113.0,2026-05-17,2026-05-17,False
0x52432412cad6b017fb6e38baae1c6fc75cbae0e9,113.0,2026-05-17,2026-05-17,False
0x1c1a0aa47743421ceabba3ae8ff8e345201b8fd2,112.91550271334009,2026-05-20,2026-05-27,False
0x1db1e24afcee1ebb019f466e94234cd22ea9f119,112.354713915473,2026-07-10,2026-07-10,False
0x03c230b3d81dc599d1f6af952af7994ecd86347b,109.92917316862987,2026-08-17,2026-08-17,False
0x9573800fdb63b5d4e1b89772474f7a9e3a1e7f9b,108.9429320265753,2026-06-27,2026-06-28,False
0x9d577e3364b9993ac7c3f79bfb5a006e6f312885,108.0,2026-06-09,2026-06-10,False
0x623abe342908e4df090af2e0e26779029206f5f1,107.0,2025-10-31,2026-01-14,False
0x1f59f2af6d99923c252b847b2b2a319f5cbf034d,103.51070202563965,2026-05-16,2026-06-16,False
0x17911f94f6d592e7bcbc583966a0051dda81ec2a,102.26593024714992,2025-12-29,2026-09-25,False
0xd1d423966804fb513ed0b5b8fcf69118e220c749,100.00000001000001,2026-04-08,2026-04-15,False
0x6017dd0ced1760db2ece143ac5e38a33ed511cad,100.0,2026-05-29,2026-08-13,False
0x77fbab30a668c6c9375dc0d2545652b5e995001b,100.0,2026-09-18,2026-09-18,False
0x79815007af4fab0cefc24914587e7f6f102d19c2,100.0,2026-05-13,2026-05-14,False
0x32e15480f9e6271e66959afc871454e7b765aaae,100.0,2026-03-10,2026-03-10,False
0x7900315e4e0cab920055b4cab3ef69ba720dfb27,100.0,2026-04-25,2026-06-23,False
0xca4cf5d5301ccc84200d36d1038deb6d39fafc6a,100.0,2026-09-18,2026-09-18,False
0x334fa4cc7ac1d6f277903d1b8701ae00d9200ea7,100.0,2025-12-30,2025-12-30,False
0xcd58db0ea413eaf2b7fa63e580e8a2b28e1cd9b7,100.0,2026-05-07,2026-05-07,False
0x8778c5cfc953194db94855577c4b5c6f37ea1f2a,100.0,2026-09-21,2026-09-21,False
0x2734c40f6d442dd4cff427e13d86180f85b0a7be,100.0,2026-02-09,2026-02-09,False
0x1a7526849c5bfb72376e9d5d555ba9468dfb8957,100.0,2026-03-11,2026-03-11,False
0x696c2007e9e2e37b68012c7c43d1937933fc02f9,100.0,2026-01-13,2026-01-13,False
0xcd8b6a2f2186aba4e8884120f8dd299b1a5cc057,100.0,2026-08-12,2026-08-12,False
0x7a45f2f87167fb7ec15a42b9e31fec802d76efa5,100.0,2026-04-15,2026-04-15,False
0x0a24ddaca79344516116928ff62688fde80aa9a8,100.0,2026-04-17,2026-04-18,False
0xc19eced01eb40235b6fbaa03d0bda34d4fc1ae1b,100.0,2026-09-30,2026-09-30,False
0xb9a0777c021927f05cee9803c2e370cd3a583ca4,100.0,2026-01-24,2026-01-24,False
0xbb6083c2b3f67c752ed287048469c1f60c174da6,100.0,2026-05-13,2026-05-31,False
0x0faef86c34c3e93c68bce3d72f6fcbcd68449eb2,100.0,2026-01-14,2026-01-14,False
0xd414398c2786edda8aa993da04426773e3c3df47,100.0,2026-03-06,2026-03-06,False
0xa43b1324b088c11122471dbe02b8b440266a8ae9,100.0,2026-07-10,2026-07-29,False
0xb57da84e2af806b842579735fc291bf4ba03303d,100.0,2026-05-22,2026-05-22,False
0x7fb95a00beaf777c9169d8bfc0120593a67c35d4,100.0,2025-12-16,2026-09-30,False
0xd606e9c016fc3d4e0d791c5ebf76bf5602a394e9,100.0,2026-01-27,2026-01-27,False
0xe0ae7607cc0abdc5130df38e4672d5da5787129e,100.0,2026-09-22,2026-09-22,False
0x8e98baff3a1a207bfa7ae54a6e1157a0460dd1a6,100.0,2026-08-22,2026-08-22,False
0x8093f5d609abf7f04a90757e08a692dfda0af656,100.0,2026-04-05,2026-04-05,False
0x2951c234e5130e5e2efed03d964ad976efff01c7,100.0,2026-02-05,2026-02-05,False
0xd1598cc0967405b5dce3c6f7342483e1435b66bd,100.0,2026-04-10,2026-05-30,False
0x21acb7c5db88840b32a598f2060af4c57980a45a,100.0,2026-01-01,2026-01-01,False
0x9bd9fd3a6f55dfde64963adcd1c198b12f2f23d5,100.0,2026-05-07,2026-05-07,False
0xf6284c41831079418e844c10796a2db2fd19ebf3,100.0,2026-07-22,2026-07-22,False
0x33367ef1bd64d90ae8c43a9a9699088d60437623,100.0,2026-01-29,2026-01-29,False
0x4b660cf0c02c8ee8689bfa701458090c87579059,100.0,2026-02-08,2026-02-08,False
0xf003b4a07bab5914bed16636083dee012931bc5e,100.0,2026-08-10,2026-08-20,False
0x4b026fb1b9a26aec839499c2fe9252f0ebbf2a5c,100.0,2026-07-03,2026-07-03,False
0xdb8f460a1b784df8ef3f969ee17ac37a261a4df2,100.0,2026-08-01,2026-08-03,False
0xa14bc45caec3934894d3415786cdc2fca44a1016,100.0,2026-07-09,2026-07-09,False
0x2202c80bff37cebf8a45ce3071417490b005cdc6,100.0,2026-01-19,2026-08-13,False
0xe5ae1c88b5361249daf1cb863931980034aa1026,100.0,2026-02-04,2026-02-04,False
0xb976db95b2070986d6a93fb4b9a1a3bc8b4cd065,100.0,2026-08-13,2026-08-13,False
0x94072da358eb523dab19222fce4f0699306658e8,100.0,2026-08-01,2026-08-03,False
0xb67a458e83d3d1464a56423ccf18cbff2298a784,99.4473308876109,2026-09-14,2026-09-14,False
0x1f360e152fb355b5ed8d5e7f6fc82dd7de1b4663,98.11474175628497,2026-07-22,2026-07-22,False
0x2ec0719e26b60f28022d64c768c127f0dd02d788,97.18079340773389,2026-08-20,2026-08-20,False
0x455f553d9486e7f0106725e6cbe6f95c5fee4287,96.92161737765908,2026-06-24,2026-06-24,False
0xb08a59c8473ed0c52e0c37de1f7db30542293f6f,95.7756542645501,2026-09-17,2026-09-17,False
0x853ff7f13d4f62305bd5239143b8ec2e7243c826,94.9698425283454,2026-05-28,2026-06-26,False
0x54151fd79a8d216509bee34d3d400d02fd86b641,94.9556874016556,2026-09-17,2026-09-18,False
0x4b17af6c4b8fa40ec403824b69096504002d94e3,93.0,2026-04-19,2026-09-17,False
0x9b10eee21c857394e0b2f5354e944d358d3a280c,92.66492801652142,2026-03-03,2026-03-03,False
0x5bb8d3ccd40905ef571eb456f56856250c3accfb,92.128220856285,2026-07-13,2026-07-14,False
0xbad6fc93b9c12b34d5beba3fd6b5eb3068f47d0e,91.83821353267594,2026-09-24,2026-09-24,False
0x4ba13102569af816bc3cfbad0c95d478fa3df58c,90.0,2026-01-26,2026-09-11,False
0x36331e299247e5d0d3261e1d9852f6e0cffee95c,89.05022400940389,2026-03-09,2026-09-18,False
0x8586b1bcffa41ffba0c6d658f7ff54edc4667597,88.0,2026-05-10,2026-05-10,False
0x4797fc6f11a232052e83bc14cd1e024bed9a4f7c,88.0,2026-05-10,2026-05-10,False
0xece3c2fb89ae77cc0705700881649da1b8a72674,87.89599273677275,2026-05-18,2026-05-18,False
0x7f31aac21959312d2e96ddadfb1e91c23609bce2,87.0115961942636,2026-09-14,2026-09-30,False
0xcda4e71981aa98d5761a6b82cbbaff754b0a0c5e,87.0,2026-08-30,2026-08-30,False
0xd2345839a2aad56bc114340882acde0e3d8c019e,87.0,2026-08-30,2026-08-30,False
0xb44722408e9dc832e60cb6c71f7062d7934cb9e7,86.831328623673,2026-08-20,2026-09-19,False
0x28cc0df96589512c966b2f8a066e8d39ca2a425a,86.6861178659788,2026-03-21,2026-06-01,False
0x40848e93e20a2935e696e16a7f739013ccf56315,86.57118865179994,2025-11-17,2025-11-27,False
0xe9274c493d56dba64d3617f6ba9eb880aac9f9e5,86.1526622771479,2025-12-23,2026-10-01,False
0x12bf42d9ce4c460938958922ca77d6be3a3825cd,86.08789403575106,2026-02-09,2026-07-02,False
0x3fba0c350835af4f1a3f237c543ac3e5869a5d13,85.81,2026-03-05,2026-04-07,False
0x0b748bd26cc6105d468f0e45d4c6dbcef3dcf480,85.14487968706467,2025-10-29,2025-11-28,False
0xbc3b19352d67e1ebf7852f31a0e436057875093d,85.0,2026-09-19,2026-09-19,False
0xe9e5f08410eef5ce7c2ed58155d8d1d62bf377c5,84.58209279953033,2026-09-20,2026-09-20,False
0x3af2500d3390d5acd8ec4cee800970e758a48a14,83.74945778888878,2026-05-02,2026-05-15,False
0xb16aaa3ec4ddf6e4330acf953a1aba8c56d3a92c,83.2945659377283,2025-12-10,2026-02-04,False
0xc5879b094c010d31a769b24264a5f058175d94d1,82.76991363181807,2026-07-01,2026-09-28,False
0x93b4027e76f7f5edcfd1a3ba6c57725c9a96af14,82.63558683667722,2026-09-18,2026-09-18,False
0x2b65f25e475641d5caf239437281dc910270ace5,82.49055596289229,2026-09-19,2026-09-19,False
0xf5d77918cdeddfd80cba90d0f98ceafb40bc7cd9,82.40559307948097,2026-05-06,2026-06-19,False
0x5d02efa65eea519dd9938b68c5f4a394ac4926f2,82.0,2026-05-10,2026-09-20,False
0xa579a42e9b6a8c4d7144979ee018ef88634c9753,81.97520255210479,2026-03-31,2026-03-31,False
0x196cf9cfe0f7ee8077752b8d8c6c1e602c7dbcb4,80.52254679513257,2026-09-23,2026-09-23,False
0x296f5c137b8940776f2e602c6213719bc60f3ef4,80.0,2025-10-27,2025-12-27,False
0x3079fc3cc832f99a22d837976062073944daaa0a,80.0,2026-05-10,2026-05-10,False
0x05c60b1d1b32dd4883533e1301f139e3adf88152,80.0,2026-08-02,2026-08-02,False
0x2768f72ab0f3f9a37145d1cab4bb473f239e8b6e,80.0,2026-05-10,2026-05-10,False
0x43444d66a97a0965d0188550353d8a23b2d92756,79.06181313123523,2026-08-10,2026-09-01,False
0x8317c25734f1e9dcd5560cab667868001fd73814,78.779582813414,2026-05-20,2026-05-21,False
0xa7ce38c4e9b2da0bd07c6f412618659485b55db6,78.03279672662107,2026-03-15,2026-03-15,False
0x374a3e1ad6c86850da9bb99476df75f0f5ec2895,77.0,2026-06-08,2026-06-08,False
0xb356cc725e077202717edec0dd01a5f5ffac6cf5,77.0,2026-06-08,2026-06-08,False
0xfa3e40a4aad904159affaaf69d81f519f8e1fb65,76.97894834175271,2026-01-21,2026-01-21,False
0x1ac8f30b0680d6f1311b38b8d0932e94db05af8d,76.91020397068074,2026-08-06,2026-09-28,False
0x6ec85b83d60b0ad3c2c2782c1cd554671980d734,75.96850543293073,2025-12-26,2026-10-01,False
0x8ddf346e056b957e34c2d2e4a30c53406ff4ce70,75.94669858291016,2026-09-17,2026-09-19,False
0x28ec4d93e212ebe31aa11c82208807c9573677f6,75.58136350078601,2026-06-07,2026-06-07,False
0xb58bf2d5ffb52c1fad60f6750b639156ab249f53,75.0,2026-06-21,2026-06-21,False
0xc7cc5554425abf4ee7600f7df5b5841e65e48f0a,74.10933405994588,2026-03-06,2026-10-01,False
0x417b80531e04774fb0e511a92a547f1b99fd3ef4,73.03505552591038,2026-02-10,2026-02-10,False
0xb3bc3d13aaf0f724c03129b25df52618eabc1eab,72.3563263433734,2026-09-17,2026-09-17,False
0x52e8446c28f5b842ff32ac21d185340cb21d2573,71.97699170607679,2026-09-23,2026-09-24,False
0x22a9360150b4cdf6b8682baa8c571b14b3b02e00,71.51998444847871,2026-09-21,2026-09-21,False
0x7a791f5c1bc4b3c23c6630b999d7e9efde585edb,71.45051146611327,2026-09-18,2026-09-22,False
0xd0ce470e7c8a0718023565f1cb1cc76bcfa15816,71.04919770636769,2026-10-01,2026-10-01,False
0x1138511d98b7c80bf3e26282bf2ad80cdecb72e0,70.57285209747523,2026-06-20,2026-06-20,False
0x90150004628bef76d51838a9346b381e974ed43e,69.0,2026-06-14,2026-06-14,False
0x8d5707844f876b4478f2d3437e63bed8cecfeedb,69.0,2026-05-10,2026-05-10,False
0x210daf4866ea82ed7cee19e7627947bc70fb4eb3,69.0,2026-06-14,2026-06-14,False
0x445a0020366162dee5fac7e38e1514db674fae57,68.9254691555244,2026-06-30,2026-07-02,False
0xe552d4514beba30bcb62ebec871bf366559d3852,68.37604158277075,2025-11-30,2026-06-12,False
0xe2dd92910796997ccabe468500142c44dae5ede2,68.01875997878443,2026-05-26,2026-06-26,False
0x3910e002fa6f7cc04eb9c4915c51d70046dfecbd,67.62157832308918,2026-05-07,2026-08-17,False
0xfba6ef242feccc5ccc10a913b7e1c1f4092d571d,67.17888618573521,2026-09-18,2026-09-18,False
0x3a63769d1cc23f52877e087cdc3b58cf52511726,66.7942148108208,2025-11-14,2025-11-14,False
0xce78ca296de146f3ae712fc2d1104a8143ab0362,66.53099514766225,2026-06-30,2026-06-30,False
0x10d2ed14337ab27212610abc13949eb0ddefead5,66.0,2026-08-09,2026-08-09,False
0x7d2fd9a5eed3bb5819f8541fec6374c090c800a7,65.60349356050327,2026-06-20,2026-06-20,False
0x7ca59586338ff416769846be369e1706b18f4f89,65.43910092637864,2026-05-27,2026-08-20,False
0x0766f3df9dcfe539240523af53bfd9567a47ca2c,64.35720383060828,2026-03-06,2026-05-01,False
0xeb1c27753b3560491fd1590200e3a2ee1f1bf8e9,64.0,2026-09-24,2026-09-24,False
0x5c2e112783a6854653b4bc7dc22248d3e592559c,63.70909406882596,2025-10-30,2026-09-28,False
0x9238e79dda10d924bb068c93ec71b1f1ffe92e55,62.59096748175237,2026-02-17,2026-07-16,False
0x498e4aff4c77597d591cf36fea1887844dde34ee,62.421581591736015,2025-12-01,2026-09-17,False
0x3af30884ce1f7ccb44fdb2dbb17450295382e599,62.01073365379358,2025-10-27,2025-10-27,False
0x83963ea308464260c9245f73e6da01fdc7c320ea,62.0,2026-05-10,2026-09-20,False
0x035d93a92363832ed586f47965fb54786e2f742b,62.0,2026-07-03,2026-07-07,False
0x1d4b8d13937c2fa4c0ef1f45069c557d62c6b009,61.227057372785524,2025-10-28,2025-10-28,False
0x27d279dac8d9ba9c52d9a9931472392870e3066e,60.677560598803325,2026-09-25,2026-09-25,False
0xd021b0c1b3686b3cdedd810def8acad67877a709,60.0,2026-08-16,2026-08-16,False
0xcfa2759020465bb51cd99d1d414acb36593fc5b2,59.195014252468845,2025-11-27,2025-11-27,False
0xc03a22c93d7b6f325d2b32f0079880959f8e69a2,58.889849460724136,2026-08-23,2026-08-23,False
0x9522ca7202080637463b7a7afba90c9714167852,58.699162424211465,2026-05-25,2026-09-20,False
0x28991b8df6abb14f52aa9488baa48994b6f6ced5,57.40471756508874,2026-08-27,2026-09-20,False
0x6ce76fcafa0ceeac66d45c83303a25cd4b633b00,55.94723409326282,2026-04-23,2026-10-01,False
0x00000047bb99ea4d791bb749d970de71ee0b1a34,55.5,2026-02-13,2026-02-14,False
0x970e85647d4fe1a43b2ef72981c446bc7371381a,55.43338396430963,2025-11-10,2025-11-10,False
0x48622eba93dc81a9b34465b9cb1744f8d3c85c44,54.33294545216813,2026-04-19,2026-04-19,False
0xea12fcd9b908e09b07a087021682169e8f45f370,53.0,2026-07-15,2026-07-16,False
0xee94f4a1a3dac9a1b3fab2c76ac91d897c37f8e1,52.20649258584349,2026-09-25,2026-09-25,False
0xd03c593231f380014c7255c3d992e55ffad1679a,51.826577638076024,2026-09-23,2026-09-23,False
0x14ad5831d8767692d38e25aa0a8fb48e2cd1ba0e,51.48703935764457,2026-01-21,2026-09-17,False
0x251e1b35bc7979eb2d3effa55259517a68fb64a2,51.26695789733166,2026-06-15,2026-06-15,False
0x1c4398caf1312dfb93106fa7f4113779f61fc2c6,50.166111654139016,2026-02-03,2026-02-03,False
0x212f884252792ebaaa811fb0678444b21c7c2879,50.100544695167834,2026-04-25,2026-04-28,False
0x6af02d9534afe06659b89ef339875618c0994bab,50.0,2026-02-03,2026-02-09,False
0x0961dd65161bcf9c76e1d932b1253e740a4564e9,50.0,2026-09-17,2026-09-17,False
0xd485eee7ce940e928d2f5c7a55ee9fcb58cb683f,50.0,2026-04-16,2026-04-18,False
0x18f6ce899abb6c1e2e1a06d890e8b3d462074072,50.0,2026-09-18,2026-09-18,False
0x57ccdaf51c9ece53f811a1f3d1f3c1811dded4b7,50.0,2026-02-25,2026-02-26,False
0x8b5b95371e0acf86db5402af68fc46f8444a5eb3,50.0,2026-01-14,2026-05-11,False
0x8fb02d11021e8ce0d54c43e3b3d50cf3f708f04b,49.985110264889116,2026-07-18,2026-10-01,False
0xd33284930474fd9cd8b09735026eb1613c8a80a6,49.90302804261131,2025-11-07,2026-01-19,False
0xe68e0f45d0ba98ae74c2fbd6d7adf9ca7acfc5d2,48.396242357843875,2026-06-22,2026-08-20,False
0xfb635c37f49ef68c4500053f93d3f43b1a3a83c4,47.827080787140865,2026-05-19,2026-09-12,False
0xceeee5a0bf090b092a65159d03f1e24ce754b37c,47.0,2026-03-17,2026-03-17,False
0xc6c60ce0765dd7a22aeac4111769f0b8fac12b0a,46.78524746135822,2025-10-28,2025-10-28,False
0xe244569081c3332c46f06487280fcda6a9272e5f,46.7231310428183,2026-09-18,2026-09-18,False
0x0b6d5dfbcf505fcec89ceb43939b538bf69a18e9,46.46426425,2026-04-14,2026-04-14,False
0x26e913716b38540fcbcd93e640ecc8fd30f59042,46.397189974613966,2026-05-16,2026-05-18,False
0x394b2ee23f0646f47cf4f0585ae3bff21c5e5a15,46.33655615348482,2026-02-12,2026-02-12,False
0x984573e30a7db8575ba4d71c4af59d22933e173d,45.55396773202022,2025-10-30,2026-06-11,False
0x1b17d5787454da4f9cce4c54d645cd5b72c0b07a,45.53091335229965,2025-12-25,2025-12-25,False
0x1f2a039eaa0226a918b6436c720179a84570a699,44.875332041002096,2026-01-12,2026-01-12,False
0x991e2f6a4186adb400a95903b5aadd5aa36d901f,43.31181724226187,2026-09-19,2026-09-22,False
0xae3f17a1d02909e92faf48bc28f560f68b5f1362,42.57415682550762,2026-05-25,2026-05-30,False
0xa35a19d43b2b9517502728fd20b36718b54bc16a,42.15634107934698,2026-05-04,2026-09-14,False
0x15d1d9f8d8ace218b019c9c335ef6f4623d413d3,42.14095003558305,2026-02-02,2026-03-20,False
0x6f44beff727829e1c97874edc42c8b534afecae5,41.91117240008633,2026-01-01,2026-01-06,False
0x12f433cc97c19dd9aa8c605db4da47cf7c147f23,41.240921658986174,2026-09-17,2026-09-17,False
0x143151c53fb8b28da75801c7293b42244f4d51cd,40.00476906844422,2026-06-21,2026-06-21,False
0x8d53bf4a3eb5dfddf7affd176c3cd700c4aa8602,40.0,2026-03-10,2026-06-03,False
0x0cf84f01c311dc093969136b1814f05b5b3167f6,39.897331079298226,2025-10-29,2025-10-29,False
0x1e3a5fdff1d49f355b476442ffdccb1b1e07faba,39.43933316145212,2026-08-02,2026-08-12,False
0x12a5c9eeca7424afccecd84ea030cb371a604892,39.1564449121603,2026-09-17,2026-09-28,False
0x0819a0aeed3a1f239d42230e32241172e26a08a3,39.093551328304486,2026-07-09,2026-07-09,False
0x9207bf471f6d7ad4f839cde8231df5dbf9290b8e,39.05643796662271,2026-09-01,2026-09-01,False
0x64779a051eb29e11a4f4b9eb1fa07966fa78cfce,39.0,2025-11-07,2026-03-27,False
0x509ac91170cb30c8f9cd7615c03671a87e1d3ca5,37.92208103706755,2026-09-18,2026-10-01,False
0xc7ce6bfe1e69e58557a21ad6e832d26ca8fb03ae,37.651869179447495,2025-11-12,2026-05-06,False
0x7a6f7160c154c3b42b7d7046a6b4bf7bc5e17c98,37.49642650340864,2025-12-03,2025-12-03,False
0x8add0887dd3c55635350bbf6a786a22a6440060e,37.158894,2026-05-22,2026-05-28,False
0xfa00a9ed787f3793db668bff3e6e6e7db0f92a1b,36.84605051415159,2025-12-24,2026-09-18,False
0xd7bee8acf8f08de5c02a2c9fe07477a9b425a5f6,36.32892402276067,2026-09-18,2026-09-23,False
0x702d53ab4455acf51e03373fd04795a906c01a60,35.272362281921296,2025-12-23,2025-12-23,False
0x8b479315b6095167da260a4c22897834898220ab,34.615738580881754,2026-05-03,2026-05-03,False
0x74f2061089bb4af712cc1ccf36226208577e7853,34.33247864223902,2026-07-01,2026-07-01,False
0x9a7f7f197cc0b2efa0268a7c6b0594d2ff2a0588,34.12482533261332,2026-05-22,2026-05-22,False
0xdddb9a95e443a204eb8650d5ea578ed707fe2123,33.51005827416517,2025-12-18,2025-12-18,False
0xd839ba970e69c2dd3bb4d35200fba8534081f4d9,31.76514699228417,2026-05-07,2026-05-29,False
0x489c82a82030b1197eb812f2a5a4dc7ec542b741,31.1062768971224,2026-09-18,2026-09-19,False
0xb0c6071582e9eb0e3125b6ce85ff6d57077ccf71,30.47408444873953,2026-09-17,2026-09-17,False
0x6817b90d18b5f044e77fa14166a4fd33109f9fde,29.87819782150753,2026-09-18,2026-09-19,False
0x13f84428689e3020fddf08dee13ddf0cd9802646,29.579266945463555,2026-09-28,2026-09-28,False
0x4326d2522ea8af112dca8ec222e3865a2542bc4d,29.531380191772577,2026-09-15,2026-09-18,False
0xd204b82dcde9de2165ff0ac0589ad2f060f488fa,29.333549635459327,2026-06-19,2026-07-27,False
0x008d36f5191e6a48f6a43ad9482a2b4c097313f4,29.29315077980676,2026-07-14,2026-07-14,False
0x6a051dba80baa3dc1a601fcbb66ae4c0658cd76d,29.27695615662882,2026-09-02,2026-09-28,False
0x61ba4194ad420c7ffffe60030df2d46700f291bf,29.109469939024866,2026-01-11,2026-02-19,False
0xee02486cc7061861c4f9651cb7911c24148cb2fc,28.74200056275044,2026-03-05,2026-08-10,False
0x54914a963c4197172130c26d496a367bd6609d88,28.697208069593387,2026-09-18,2026-09-18,False
0x025ce8a8f8a6f496c4f94213cd10080e058e0140,28.65921056589573,2026-05-11,2026-05-11,False
0xcd80e34be4221ecd236454e9bb41b26f188b9ebb,28.454666096714803,2026-07-04,2026-07-04,False
0xd19a5e4442f1f3b3ed6e1d6231b77e1fe842e3a7,28.42816472418354,2026-09-21,2026-09-21,False
0x11206becccff37c6a36a995d21708f6af0bc7529,28.022221236217053,2026-08-08,2026-08-08,False
0x1f1643b6b5d160587b80f4d41f7073e19730d313,28.0,2025-12-29,2025-12-29,False
0x8e4992a1d2eb53eb0a290b98ec2be0b2ffe1a669,26.24539343215923,2026-07-12,2026-07-12,False
0xaa5cebeaece75077e3c37684367c5e9fb2be117d,26.194028436570783,2026-02-10,2026-09-29,False
0xdc3e1e07dc7f57f9bca42a6f521d5ebfdc8f93fa,25.370159296244225,2026-09-18,2026-09-20,False
0xb7b186c82d0a10a17fd3d281c4dee1bc33c48fe7,25.0,2026-09-24,2026-09-24,False
0x72ed5e9b2774fc59b4121b12b1628301b4512b17,25.0,2026-06-30,2026-07-08,False
0x0cd67ab9fb2102e0759345273d0297306bcb539e,24.74604101714782,2025-12-29,2025-12-29,False
0x9520def47d0ed9b047e86bc2ba6d9526d479a601,24.409590360115406,2026-09-17,2026-09-17,False
0xcfd59c0f530db36eea8ccbfe744f01fe3556925e,24.08308284536505,2025-12-02,2026-09-17,False
0x00dcb47d8b27e6f87b38f2e11764b6f764fdad8f,24.06011947932984,2026-01-24,2026-06-02,False
0x71722950dcdd4e09c0421ef9c240bf72dfd74d5e,23.0,2026-07-30,2026-07-30,False
0x9ab6164976514f1178e2bb4219da8700c9d96e9a,22.948616399606067,2026-04-17,2026-04-17,False
0x828f63fcdbd458a5b1b23ad1391523b0cf6a8e07,22.25033264308312,2026-09-17,2026-09-26,False
0x49cd6a444395b7baeec987c5c3a5025e35575173,21.597744641646987,2026-03-23,2026-06-16,False
0x6dc195f10c93d01bb1f3e020527996c021e2a59b,21.368479452054792,2026-06-13,2026-08-08,False
0x3919722e1a8d3e843b2b9a137b14166dfa7658b9,20.531203788075,2026-03-07,2026-03-07,False
0x122b91e567748a0ea3c7343dc387d880b3ed0e2f,20.000000010500003,2026-04-08,2026-07-13,False
0x52f3442d97b814c5edd06eb43c78dea3280bd755,20.0,2026-03-10,2026-05-26,False
0x1270b46394007e9f8b103853c27f4670604d9e99,20.0,2026-07-17,2026-07-17,False
0x0ca8facf0d3fdccad67465fecdad7eb4fbb16374,20.0,2026-03-10,2026-05-26,False
0x07ef89749bdacc47dee521065f988777b5ddefdc,20.0,2026-06-24,2026-06-24,False
0x682cf68fc214d99b0cbb2438d44bcd921f763b4f,19.84,2026-09-08,2026-09-10,False
0x77861d8392e3f77706bd5004f413abb280ac9007,19.50986065773654,2026-05-02,2026-06-09,False
0x9285ea03e1f766e40b787bdf123c4bfccee5d046,18.96277337706852,2026-06-08,2026-06-24,False
0x9ab51f0bbfabbb5788a442bdf88e38409b991498,18.702659,2026-06-23,2026-06-23,False
0x45c335f687fa0d3da96535d9cc08ae176318ca6e,18.34458707695489,2026-04-22,2026-09-16,False
0xceccde0e1e2bd93aeffeca22fa8381f0f0a3e1cd,18.182897525537157,2026-02-18,2026-03-01,False
0x2cae6f5b24c3dc0ac7e289019803d5fcaf1bcb7c,17.975746069091006,2026-06-24,2026-06-24,False
0x2cd81e16f3a6561bc8463a823d2d467494ea9453,16.004056374280225,2026-03-21,2026-03-21,False
0x7544127fce3dd39a15b719abb93ca765d91ead6d,15.92282695826358,2026-03-24,2026-03-24,False
0xcf5540fffcdc3d510b18bfca6d2b9987b0772559,15.738025773029143,2025-10-30,2026-05-25,False
0x0b8435263c171c11bd9f2a6a3867bf01ad1adad7,15.675161902701115,2026-09-18,2026-09-18,False
0x1a6ac253bdf99ceff261664a096294417ded3f71,14.940286723515191,2026-07-04,2026-09-19,False
0xf5e350570723d602270689932b732f50c8960005,14.697777516999173,2026-03-02,2026-03-02,False
0xc715dfe52ab1241ec0044a0ffb7d8db10b86a565,14.644271667194197,2026-05-25,2026-08-02,False
0x741f9bf7ef48965fc3bbd1bd4934c816511cd24f,14.60977075241061,2026-03-13,2026-07-21,False
0x9f6601854dee374b1bfaf6350ffd27a97309d431,13.739522980836766,2026-09-17,2026-09-17,False
0xb41dd8d22f951b415b32859df36c3477ae66315e,13.105327782955403,2026-02-25,2026-05-05,False
0x410144dec85bb1929057829d54fb3b8d3f0ea4a3,11.782219228887111,2026-09-18,2026-09-25,False
0x456f445e031ad6cf6dd157f7183669ac6adb1c87,11.6552826025107,2026-08-09,2026-08-09,False
0x9010fcf0c5094cd93bf69337817c013db134b689,11.419179868301295,2026-02-18,2026-07-10,False
0x6432a15aa13ac4390c2c6a09cc24797255a387ef,11.297341,2026-06-23,2026-06-23,False
0xe1bd24871aa047254ecef09888df744afc73b8bd,11.222222,2026-02-09,2026-02-09,False
0xf954bcc5a2d46f46c1b94db7da681d17cc471ef3,10.931838231117844,2026-07-12,2026-08-25,False
0x6a01dd8e6384fe7835cb5cf124201bbd8a670056,10.808161088415986,2026-09-17,2026-09-17,False
0xbb356f7ad001f0d7582d6ed2c0f1f629319e3b69,10.6954726068621,2026-09-18,2026-09-21,False
0x879e1bad466148276c621744d39bec9f81a08fe6,10.693572207966632,2026-04-09,2026-08-14,False
0x0e331a293bb22e93e2e5e417d84d755ae185da02,10.649771308118773,2025-11-15,2026-09-24,False
0x0f5c5e967707e5db4fda7a33bee834de5f48c161,10.649691659052445,2026-09-18,2026-09-18,False
0x849e735bf78a182e235b42044c8d7f47b942caed,10.567622929785573,2026-09-19,2026-09-19,False
0x2e4b7b4a71cd0cce05507e304803f6563ab527ad,10.426806449475365,2026-07-20,2026-08-26,False
0x0000000000eccd2f8bc2f0e8e9f70315c821083b,10.420066485724279,2026-09-17,2026-09-18,False
0xf2b3df99e3a87984cde3c7fb2ff0d99ffb9905fd,10.351856022970571,2026-08-17,2026-08-17,False
0x53989d754f1eefa8b99f921829f37b0778047484,10.349238177120313,2026-09-20,2026-09-27,False
0xf7dd72a5eb8c535e2d9a8fd07f1fd04b80709f6b,10.227711834040303,2026-09-18,2026-09-18,False
0x000000000000000000000000000000000000dead,10.063742667697623,2025-11-13,2026-09-18,False
0x9b1f716e42d695e548db18b02a8a716343f07ffb,10.0,2025-12-18,2025-12-18,False
0xb0ecb4dd8a10fc3131e2a7323ca537701d5c18ac,10.0,2026-03-11,2026-03-11,False
0x7a6e3635694952dc00f6ba4d4ad1a7b892028789,10.0,2026-02-12,2026-09-11,False
0xdff031c4e88334ee073bf6c060352fba8da549ac,10.0,2026-04-26,2026-04-26,False
0x82ead05d397b8c380eef9fa3e6dc38036c773824,10.0,2026-07-21,2026-07-21,False
0x395ac1be8e9c4f6cc11008fd536a3e9eb94d0994,10.0,2025-12-27,2025-12-27,False
0x8be7b4a20b63138360665d5b1fe671bfb518b024,10.0,2026-06-15,2026-06-15,False
0xe340371845820cb16cb8908e0ed07e2e1ff40024,10.0,2025-10-27,2025-10-27,False
0xd8da6bf26964af9d7eed9e03e53415d37aa96045,10.0,2025-10-27,2025-10-27,False
0x3356ee7a7bc7063d4dab3180194975b64618bfdc,10.0,2026-01-31,2026-08-05,False
0x1a8ac52e26c001ef7ae735bbc4335bf9c785dd85,10.0,2026-03-11,2026-03-11,False
0xbf844e75b9d6d7d9c266654cfd6441a6bbb85719,10.0,2026-02-03,2026-02-03,False
0xfc9023d388455ae11e0c379704cc38bdc167935b,10.0,2026-04-02,2026-09-18,False
0xbfc916160d3c9d013cc77e88f18a5e5895f2f309,10.0,2026-07-15,2026-07-15,False
0x4b14a0b4f770a4c527e27e83ccda7ff112a5765b,10.0,2025-12-08,2025-12-08,False
0xa3650cc4668192b2d0e7261da137e8cad21ef6f4,10.0,2025-12-09,2025-12-09,False
0x1e4d9a3cc39dd5a8503f443b81daa23c81133f0b,10.0,2026-04-26,2026-04-26,False
0x81aeb1c936d23db72e367ec2172800206c6ddd95,10.0,2026-07-15,2026-07-15,False
0x3d3d8cada4ae176801222fb6693520a5329fa9d1,10.0,2025-10-31,2026-07-20,False
0x8006d6b4bd3abf76149a8263c7743fcf417a40a3,10.0,2025-12-07,2025-12-07,False
0xb3bd304d724cad84d77c9abb7d822e7225607b1b,9.998073511378736,2026-01-19,2026-01-19,False
0xc20fe214a6328173d34c01ef566719f3fdcc6b23,9.609267179562972,2026-02-12,2026-02-25,False
0x2bf727373cec40c36c9407b96f4c070cff4ac64e,9.552502588830583,2026-01-26,2026-08-20,False
0x264f72f81b6a593b4f7aa08d85ab06dd04761458,9.401210496300731,2026-08-28,2026-09-18,False
0x56e3f7cabdf333accb9459516a0584e9d0d12ebe,9.343981323968789,2026-09-17,2026-09-22,False
0xb64d75bf6e43997e34ac776969111fe9e02f0468,9.220764937092806,2026-06-12,2026-06-12,False
0x1fcba7aba79faebd13b6f5ee3f25c2dcecebd4d8,9.0,2025-11-18,2025-11-18,False
0xa34574eac83464d0689b4fc564b97d48dcdef1f3,9.0,2026-06-30,2026-06-30,False
0x9e52e60ae8c348f3c1cff9cea05837cd90e8219f,9.0,2026-05-14,2026-05-14,False
0x4b7c569b2191239721433e55904f579d8141887f,8.900596266139926,2026-09-23,2026-09-23,False
0x27d7b57b0ac6fb227f64a863d96bd147b785a627,8.8409688446396,2026-09-18,2026-09-18,False
0xb6811ba9947b8e68a8f3ee70fd49abc31af72324,8.609608289173757,2026-10-01,2026-10-01,False
0x195853e5e754a01d2afee6be396e9cc4b4d35449,8.075,2026-09-17,2026-09-17,False
0x90cbe4bdd538d6e9b379bff5fe72c3d67a521de5,7.946925,2025-12-03,2026-10-01,False
0xefc6089224068b20197156a91d50132b2a47b908,7.3715384085858044,2025-11-20,2025-11-20,False
0x3ff4649f973170b375fcecdf86f000e2bb63ff18,7.13884011757584,2026-09-19,2026-09-19,False
0x90dd2b47bc4db6a0ed5bf927740fdae1acb8a576,7.083077292523954,2026-01-23,2026-02-07,False
0x9f83b9903cb7caa9b32bba266bd8d0b990c466d5,6.84739802975984,2026-09-18,2026-09-19,False
0x2de880f89a6d80a038fc57ae55783cae391011bc,6.218872150253661,2026-07-14,2026-07-14,False
0xb08e694763a37d98bede9e41dc7f045f3d35c074,6.195643811644705,2026-08-19,2026-08-19,False
0xff0864bd66178cfc73b2c5612b6ff05bc10eff25,6.083551920430833,2026-03-02,2026-03-02,False
0xffe29932fde509020f551ef7ef4d1c2144160b79,6.0,2026-01-05,2026-01-05,False
0xc43037bb5ee2886bac9f777c0afd937003bb4e93,6.0,2026-09-30,2026-09-30,False
0x13e9ccb379a26aaa09cea075dd6df5ad8e671fdc,5.8185923291558925,2026-03-30,2026-03-30,False
0xf1535ec5f8ea9d699c5fce7f9a5febcf69c56b33,5.74267035706,2026-09-27,2026-09-27,False
0x3caeba8ac5bed5a83c75d56f5eaa8b69aef73b35,5.661680375922697,2026-03-16,2026-09-12,False
0x672061b75f770331b0c7c2a566a9ac0a9ba331d2,5.433919288784341,2026-09-03,2026-09-18,False
0x45d5e73b17b14785deefb4872e5689f8a06cd5ce,5.428109812143212,2026-06-07,2026-06-11,False
0x468f1bea83fdad49e0b11a940e781e300f3967be,5.343007616297375,2026-07-22,2026-09-30,False
0xed332f68c939b5eca53c6784a4e3c9734622c0db,5.329249168574694,2025-10-27,2025-10-27,False
0xc352d91dfb772d10cd8c353c2980ec7b666490a8,5.147218957295481,2026-09-30,2026-09-30,False
0xd85cd96e4c2736d465652846a3731f7448ac8ef7,5.133456789123457,2026-07-29,2026-08-26,False
0x35411e0677806426154e401df7e4ac400d6a10dc,5.132617721981531,2026-02-03,2026-02-09,False
0xa106c26be69188e77377301579b93486b99ab37c,5.058094046167202,2025-11-07,2025-11-07,False
0x5877ec6894f2bbf8ad7268f2da99252f16b26399,5.038839599745933,2026-07-02,2026-08-06,False
0xe8a501985f83b218a22ec81ec3025fbd2d198ddf,5.0,2026-03-05,2026-04-12,False
0xb872dc1d3970e637d1c97e37f8733882044453c0,5.0,2026-07-23,2026-07-23,False
0x3796ef6924d110b8973c0f5416ddeba78ab28de2,5.0,2026-09-14,2026-09-14,False
0x30f946da3c8be824a8b89b94677c17f34326479c,4.852902210123858,2026-09-25,2026-09-25,False
0xc1e861b60859e9447bb6aa2d4323ed51ff880c00,4.712824779153017,2026-09-19,2026-09-19,False
0xf1360b816f7bdff6c79154a8525e5aaefab1f9fc,4.194660506349601,2026-09-30,2026-09-30,False
0xade0f0861c8132f9cab7f4e72814baf4b1163154,4.113456789123457,2026-07-14,2026-07-14,False
0xa42ff1c619486717f196b819bd32b2eb52fccd6e,4.0,2026-07-23,2026-07-23,False
0x6179bb790dd1d08290249a64a846063a7330c816,4.0,2026-07-20,2026-09-24,False
0x24706e328311b8e3ceb648b30250d71d05a96671,4.0,2026-06-12,2026-08-10,False
0x12c280ee47ddf0372b86e29a7065880108895fe7,3.99371526336317,2026-05-25,2026-05-25,False
0x76bc681ea13c3e971750825a60a31715ee7e116e,3.9005432108765428,2026-07-14,2026-07-30,False
0xb6f3ccb6e18854a49307c6381213a102d600b68c,3.89,2026-07-14,2026-07-14,False
0x9205a569b0ff45df1e4f5ae48e21bc7f0656f0bb,3.849657861265193,2026-07-22,2026-09-17,False
0x80f596e6dfb34ba0731adb02352c9b760caef019,3.8062370521297404,2025-10-27,2026-04-27,False
0x1e2ce2fc318bb58ef0ae0f89ca072ddc8cc2c59f,3.7713894168351474,2025-11-05,2026-09-03,False
0x2660107f1ae2ce01cdf1161db613081f0c302784,3.7164887332991814,2026-01-20,2026-06-20,False
0x7b31e40d6a066ab600f988414e3fe2230ae80381,3.457345905241764,2026-09-27,2026-09-27,False
0x3faf3ea812c84dc2ca237f6706a27579151f92aa,3.296,2026-07-14,2026-07-30,False
0x8fcaf86d066b8a68591ee026695f82691836b804,3.0,2026-08-24,2026-08-24,False
0xf401008dc3a9064174ae636071b3bfb7323517cb,3.0,2026-07-23,2026-07-23,False
0xb9d00655cae73b4d0905d199150c82d3b124da7c,3.0,2025-11-07,2025-11-07,False
0x86bebbfb4492a9e7208849af0cd58537a6724ae1,3.0,2026-03-05,2026-03-27,False
0x63a8d63e836131aa9aa99fbf321317d65c425320,2.966760141061606,2026-07-29,2026-09-06,False
0xd2df2ecf096b31536add061b1095131d2f340ac1,2.9418853405434184,2026-07-14,2026-07-29,False
0x015c972b91fb27393dbfd36fb14190e7fc7068af,2.88999,2026-07-29,2026-07-29,False
0x84f187005360e9140a6d03533c1cfe134e796f5d,2.8892400382636296,2026-05-27,2026-05-27,False
0x6cd2ba79676912282e26070bbb60933d2f45f164,2.7874898047895855,2026-06-10,2026-09-17,False
0x8316f8280d9bc4d1f7925a283401327173e1bd7b,2.7384084664445436,2026-07-01,2026-07-01,False
0x478b79787d6b3caad5e068e1e56a4566c9a81f24,2.6909631548128394,2026-01-15,2026-04-26,False
0x53f21dba705a4858d9465a1d7e1cd01592acac36,2.259400814364594,2026-03-24,2026-08-05,False
0xbc0db9db9e14d734671dad1ebcbb31dc3b983229,2.0530864217530866,2026-07-29,2026-08-26,False
0x1409a00707ddf0306170a92fd4b114cffeb0fa51,2.04,2026-09-04,2026-09-13,False
0x36934eacf0a4a60bb0e6f6c0120a6b2fb2384c5e,2.0,2026-08-26,2026-08-26,False
0xa9f196e3b646682cb285285e972e4632d1cf4e70,2.0,2026-08-24,2026-09-09,False
0xe99864a99280e153f38d6c1968be8096b99d8ebf,2.0,2026-07-23,2026-07-23,False
0xfe7ecb99fce1c009858b034f9ce0cfaf07e543fd,2.0,2026-08-26,2026-08-26,False
0x652c1c138aba9880c8bb233790b6665619c75464,2.0,2026-07-20,2026-07-20,False
0xf58899cce58fb537e8ce75f914848b1e1a435aa5,2.0,2026-08-25,2026-08-25,False
0x29f2af62348f48fb63c69ad8390014dad196852a,1.98,2026-04-25,2026-04-25,False
0xeda49bce2f38d284f839be1f4f2e23e6c7cc7dbd,1.8197531916786638,2025-12-25,2026-03-12,False
0xc526c20a54c24072f1b1831ce25927afbc1dfe6c,1.57062,2026-03-21,2026-04-16,False
0xa04b3e98be1370a36c46c685eb99002c94cfbf99,1.562707932577568,2026-09-18,2026-09-18,False
0x6664e3f653a7a09b3bbb68138c80734fec8c3843,1.5337188913484257,2026-09-17,2026-09-17,False
0x64ea060810d4ee5098a96194bc2a5fd01484b124,1.5105863396111414,2026-09-06,2026-09-06,False
0xe398373375fde9351b175b0925e3ea95aac11799,1.5091618130379059,2026-02-06,2026-02-06,False
0xf11c4d912e7abed36ae9c078c93cda9b452e97e9,1.428077638842408,2026-09-18,2026-09-18,False
0x42e213a3ad048e899b89ea8cb11d21bc97b84748,1.3304135362607006,2026-03-09,2026-09-18,False
0x5b49fab8aa39f4568814057ea44b887a3aad1d51,1.245315624420966,2026-04-04,2026-04-04,False
0x3f8a6bdb4303c40fad39ff72bc71f5f2778b8bbf,1.243714201959799,2026-02-14,2026-09-28,False
0xb5c74ad286941a35035b8d0eb04ef582848b3be3,1.224536325419245,2026-02-03,2026-02-04,False
0x682513d4f43159db635dd483fbece51b13bcbeaa,1.178234535592403,2026-02-03,2026-02-03,False
0xd2ea0ecb7897b4437eb6141c46cfeb7da17da6ba,1.1772507795907763,2026-09-20,2026-09-20,False
0xe407bfd4e9632420ad8c817979512e8459fef921,1.0490012812576466,2025-10-27,2025-10-27,False
0xcb6c10ffe4293311b6956de3cedf91ba9a537089,1.0228484565926035,2026-08-25,2026-09-12,False
0xb9f3025d78c486e73d0d42862a0b2f6799402ac2,1.013681837811497,2026-05-03,2026-09-19,False
0x2ac30ea2e7edd13e536a5be9fc0e8ef5f7cc99a5,1.0,2026-09-30,2026-09-30,False
0x51af434778da74d7894ad4ed2f217ef6744f8c13,1.0,2026-08-17,2026-08-17,False
0x65cd3e293c4d6bcee3d145140301e9d49d390bc0,1.0,2026-08-25,2026-08-25,False
0x9e2a22a824d44bcddf07f412e51e18f6b8d1726f,1.0,2026-08-26,2026-08-26,False
0x02452a492f468895a4f6c4040a2f24fa656dfd3d,1.0,2026-09-10,2026-09-10,False
0xbc4eb13db0a8f08d0bc9ccf959aa5b5f245dce5e,1.0,2026-05-10,2026-05-10,False
0x5d97db910fd0b4a3315bc585c0d94e8dfd515d86,1.0,2026-08-26,2026-08-26,False
0x5f6d1ddead49574ef139d361756dca48ff16d270,1.0,2026-01-28,2026-09-17,False
0x226bc5ff37b7ba5792d23abab428f26021a5350a,1.0,2026-08-19,2026-08-19,False
0x5a74945774bbcd8027d49158fe0c6f8dcb88c122,1.0,2026-05-21,2026-05-21,False
0xd7cb27ea9ea7e14c3518c120a3e4688e8b220bbc,1.0,2026-07-23,2026-07-23,False
0xaf98c0df5ff3cb41a7d278d9b8e84e63fa233c0e,1.0,2026-07-21,2026-07-21,False
0x7541c08c1e38701892f7cadde22438b843741ce2,1.0,2026-09-30,2026-09-30,False
0x1ed8001afc28edc1511ddfc2deafcb0c5de976b1,1.0,2026-01-06,2026-03-21,False
0x8378b5c09e9fe15034ecc7fb5eed2435b5b4fabc,1.0,2025-11-13,2025-11-13,False
0x4fedf9c8f0faa935abfeb926082cd54192f94824,1.0,2026-08-24,2026-08-24,False
0xabb8d8e728ececc818666545f50371823762f343,1.0,2026-07-10,2026-07-10,False
0x8494f5e42d06226115de46db14ee9faa16a875a1,1.0,2026-09-09,2026-09-09,False
0xaee4e9f709057b2261e2e31df7b145387122f8b4,1.0,2026-08-14,2026-09-09,False
0x1ce06a0dd65299d179986e01a9f8be83b3ce24a3,1.0,2026-02-22,2026-02-22,False
0xe609f944ce151e23bc2a9e2a2c3fab8a6d76b820,1.0,2025-11-12,2025-11-12,False
0xc494510062c88138c60b9b57ae1e7bbf5adc6e13,1.0,2026-08-18,2026-08-18,False
0xeafe7129ddfa67afce1a5631a5fe4bffa02e8937,1.0,2026-02-09,2026-02-09,False
0xe691cdabc7dc1cd2138e21f75caf0bd048696133,1.0,2026-03-06,2026-03-06,False
0x462de939de1da32eee2e3e9cfd7c2b386554e08b,1.0,2026-07-20,2026-09-24,False
0xfff4d553e26d76d35a4d64ebe38bb948bbaaf0de,1.0,2026-09-29,2026-09-29,False
0x04953443fab4512326c2c72c7df7c39663c798aa,1.0,2025-11-07,2025-11-07,False
0xa64b730f6c86a1b10aa557b922b60baa9f65779a,0.9999955419363689,2026-06-20,2026-09-28,False
0x87619578c6091203fc9efd5fc3043f2a0b917a05,0.998956249175172,2026-07-22,2026-07-22,False
0x8668080f42905ee1e280b44c473f208d5e68303a,0.9950568191654828,2026-05-07,2026-09-24,False
0x72faf01f5c6f4969955041829d2d957aaab7989c,0.9927375777757338,2026-09-23,2026-09-23,False
0x31c578a9ab4d92547076e72a596e74a56b49d6e7,0.991257210100914,2026-09-19,2026-09-19,False
0xdc7e58b86620e51db1335c72bc87fc2157723cfb,0.9876545918268823,2026-09-19,2026-09-22,False
0xba2304d1f48ac01cf01427fc9d9ae3d21e71b536,0.982926377408958,2025-10-29,2025-10-29,False
0x4647ce81b1e094962384a28a6e1f2fca3c159d01,0.9819270174297203,2026-09-18,2026-09-20,False
0xa6a0055ef36fc98f5dbf9a3d6703529a3b8d303e,0.9803315986545519,2026-05-08,2026-09-26,False
0x23f2494bd24a7478b7678c43a9045a3b3f438225,0.9767360123202352,2026-05-20,2026-09-24,False
0x87195f632d7bf705a1f308581a3b903c22721757,0.9761404194932667,2026-09-18,2026-09-18,False
0x340eb9725a9b4e9fd0762c80287d0c8fe5c28c34,0.9749932426790149,2026-09-18,2026-09-18,False
0x9d77a4e932a3192ad95701709bf5a98074d79150,0.9721043410329999,2026-02-05,2026-02-11,False
0x587fc93acc9d00208f15c0c81e007f3e73fd8035,0.9700962333473919,2026-09-25,2026-09-25,False
0xde28a1980c3a0c35d1f7b43c245885bd92555a01,0.969810813661873,2026-09-18,2026-09-18,False
0x8578151d2a3f48b8b7d4bc897e72174bd20c008a,0.9691776322764615,2026-09-23,2026-09-23,False
0x5c9f7de354e0b3a79ab5f3703eb8f6532ac24bc3,0.9632696075879102,2026-09-23,2026-09-23,False
0x4ae19adf4e68d833ad0e71d1e4c3ff8ad6ab5e8f,0.96,2026-01-27,2026-10-01,False
0xf601fc3efe5aa2b90cc314e06a0eaab0173498c3,0.9459866538060421,2026-04-27,2026-06-22,False
0x259a5d09fa662de97ba455468ae777edcd921efc,0.9440842163062202,2026-05-17,2026-05-29,False
0x19a4e7de65f619224389c78c4fcfd1e7d9d13fbc,0.9397511948357206,2026-09-09,2026-09-17,False
0x750bcedbbf3953d595bc7bc70942528402a4b58b,0.9396193288217985,2026-09-18,2026-09-18,False
0xfecce090b24ddb40f46a07eaf4a648875c063d51,0.938328930204173,2026-09-20,2026-09-23,False
0x63e232132d41b6cbfb0bafd2779abde9ce9c9c68,0.937737061990536,2026-01-26,2026-09-23,False
0x1c9400a6b064ba27fb4757cdf5bc67358f8dbccd,0.9363257844253053,2026-01-14,2026-01-14,False
0x75cf77ceb7c6521d6815fe574dc1afe34f871e80,0.9341038164582838,2026-09-20,2026-09-21,False
0x115d4175ae90cd733fad002f4e9e80f4a2bfad4e,0.9320957964161367,2026-09-20,2026-09-27,False
0xc04dd79dee6b502065fce31d347b709b91fb8615,0.9294827273902603,2026-09-17,2026-09-24,False
0x83ccd442b52935781d82dda999b195b97851c03d,0.9214985980985314,2026-09-18,2026-09-26,False
0x9c27294549960557d615c8b09ec68444a2ca5275,0.9195318602058766,2026-01-13,2026-01-13,False
0x2bad5496ee1322f5ec99ce3a61ecbdef207c9a20,0.9157026512762699,2026-09-23,2026-09-24,False
0x8f22ce5a4ab37c50926b60419a817010cc0cb8ad,0.9153712967132498,2026-04-04,2026-04-07,False
0x572876f1cd2b40c9680b540eabb414ba35041d7d,0.9150782751266437,2026-07-30,2026-07-30,False
0x4855af18a213eec0bdcdf632479a6edd505370c0,0.9149729369983969,2026-09-20,2026-09-21,False
0xf1650eb093564253457f633cba4f9c5445727cc1,0.9143512980195087,2026-09-18,2026-09-23,False
0x5484e2a6283e700c5bb0b2ef114999b9a1bff134,0.9045392427644803,2026-09-20,2026-09-21,False
0x79e99fd8da927ceca9d3ca7330e210f40822c7a8,0.8992047873965352,2026-03-06,2026-09-09,False
0x75d9e1b1b734109a152ef0a8b5071349357cb4fc,0.8990349752904476,2026-09-19,2026-09-19,False
0xcb027ef8dbe461a0009f05bd0844b0c50e94f8a7,0.8982553713982432,2026-09-18,2026-09-27,False
0xfdc92d45f951036f3c2ad419273120a179b3cb89,0.8957299140243693,2026-09-18,2026-09-24,False
0xc43f2ba6b8ae6c56c6db5138cb5830a9f98861c5,0.8950976730302226,2026-09-23,2026-09-23,False
0xf291a66c7d260e696318eeaa6a6dd0dfc1c5f781,0.890265592618517,2026-09-24,2026-09-24,False
0xdd051ad2ce6779a66ca25ade897d296c982f0b1b,0.8894196987033651,2026-09-30,2026-10-01,False
0x16492f0ef855407868ecb09b2e5f17fbccbc2341,0.8761889761651568,2026-09-19,2026-09-19,False
0x335bd1a80f7ba99e705c9b673be417a40e20f780,0.8753962480895436,2026-03-03,2026-09-01,False
0x54d4f979141c5db8faa5bb92788a6b89e63e0091,0.868826299947058,2026-03-19,2026-10-01,False
0xedfe9579c77d8415ea19b4ea214c1555b452af38,0.8623364069359972,2026-09-21,2026-09-21,False
0xfa6f4f4d919f99cc51e4172a3723dd3f0b1dcd56,0.862175719280578,2026-09-23,2026-09-24,False
0x84d753a1d049348d2b7634f86ffc1bda2f5a482e,0.86000000001,2026-01-12,2026-06-15,False
0xa7957d80ef3a649e2e9c012fcaffbce0c481879e,0.8578962504945286,2026-05-14,2026-05-14,False
0xce9ed7c234690359632d7168aba8d795b0b8c216,0.8578719538447741,2026-09-24,2026-09-24,False
0xb0ba26dedc9c1ddae319de606c3b1279e26be57e,0.8578323843955802,2026-03-12,2026-04-13,False
0x127e7ea957659811a779edf8d92a9275633f97b4,0.8553382394723491,2026-03-15,2026-08-08,False
0x572ab540aa3300cc7ec3ae53c3300b7a605219ef,0.8533391178308983,2026-02-16,2026-02-16,False
0xef5f5d1695b4a0e8e87a1c71a0cd01af85ca9819,0.853293296627571,2026-09-19,2026-09-19,False
0x528d132a58c42206ed65468613dc086881d569c6,0.8445067751330289,2026-01-08,2026-01-08,False
0x210b4b142179c06f4825f9b809847d4477e20bc1,0.8438355680831702,2025-10-30,2025-12-17,False
0x690af1e238fc93c74fd0082112dc2c06abc216f5,0.8412787658120328,2026-09-18,2026-09-18,False
0xc302621860246c9cba1e940f05c7e985eebff56b,0.8353712611491941,2026-09-20,2026-09-20,False
0x464c25662ee95df7c93d8456bd4ec584da305eb9,0.8341606396351621,2026-04-16,2026-08-29,False
0x37bab29dafe65278552bc74adbbabc15904b5502,0.8305469012929697,2026-06-12,2026-07-04,False
0x02418fff62303fef2aa5c1c3239b186e97e9a5bb,0.8304796344590963,2026-09-23,2026-09-24,False
0x3e950ef515a286aa997abb2c64b0dac4135c10b6,0.8268450637433992,2026-09-24,2026-09-25,False
0x8c7542c3cd99ac2b1810adb8dc3babb24c66a4a7,0.82260110277,2025-12-02,2025-12-24,False
0x3c52d1e1a8da51c6c639616c06fe85ec74f5ea77,0.8222021746536244,2026-09-18,2026-09-28,False
0x533724a880dec98e3a1c8d82a220fc0bfc3eeb38,0.8096834297315585,2026-09-18,2026-09-19,False
0x633ab248a43ebe83d742ac41df3db0c7d287c1d6,0.8084009094139779,2026-09-20,2026-09-20,False
0xf132a22dd3653e582d6419a434fbc90d82b38c6f,0.80821883,2026-04-22,2026-07-11,False
0xf48354876ff61576c82bb02635170d08b048b1a4,0.80530156,2026-08-23,2026-08-23,False
0xc020d84331616e3c0ae0383890314441a1bfbb38,0.8045780459737425,2026-06-03,2026-06-03,False
0xe5c3475f8373a8858a66dbd2f634ef2433351717,0.8009365164026955,2026-09-02,2026-09-25,False
0xab1023d1d028f2cca0b4b12e0f97ab32b2049dec,0.7983025541930486,2026-01-08,2026-01-13,False
0xc026e70a3ebeb18f95d8d9bf31aecdd78523d464,0.7933948148480753,2026-03-19,2026-03-19,False
0x6c7afc644e186ac9cd5767acb5af027c0c52c261,0.7899796991466292,2026-03-18,2026-03-26,False
0xa6309ad2c4524b991bb795227edf6482ebe927e6,0.7877783312987114,2026-09-19,2026-09-19,False
0xda59adfde30893f358afb015dc52facf58d7d72c,0.7688570264484185,2026-09-19,2026-09-20,False
0x821f73d71af0b8a7dac03858bb7071a0fcb0d0f8,0.7670324665879403,2026-04-16,2026-09-15,False
0x80f5904d364e9533039276d77b1e74b560830564,0.7653874,2026-03-05,2026-07-15,False
0xe9e6953a0bd5bfc05b11724f85859f29cf91c858,0.7617166318632982,2026-09-25,2026-09-29,False
0x43de80b45c44038d54579a769d30e9ad0b1ea58e,0.7590430089089999,2026-02-07,2026-02-11,False
0xf4e3b22cd4fcc4717c67f6bab5e44518b61f82a0,0.7588007368179069,2026-09-19,2026-09-23,False
0xc08565809fdca03673f441d98da8400a873aedf2,0.7546879384995048,2026-06-25,2026-09-01,False
0x6ba6f04bb47aa6cfda4efdedb9e374a40fa64e92,0.7541204965999129,2026-04-10,2026-09-18,False
0x04a26e411f815f4e63f7c2be3b2f543419943914,0.7540807284332803,2026-09-25,2026-09-25,False
0x794eabbe0c58f2f855ed4e0216ee94f3156d42b4,0.7539470209125024,2026-06-24,2026-06-24,False
0x460411e1ea9bcd1b14043df317497b509753b913,0.7539363901003844,2026-09-18,2026-09-25,False
0xe4c15f38c6a86f5a51017f8065131232145fdcf8,0.75373049782,2026-02-03,2026-02-07,False
0xff93ef3631ca6b9df26177cd6d13df889754113d,0.7534717380544036,2026-02-13,2026-04-15,False
0x1bd355933be74c42eb0f88dc781d873c892a0264,0.7524786336894349,2026-09-18,2026-10-02,False
0x86613d6d900845118e15048b2737693292acc754,0.7502512015910844,2026-04-08,2026-08-27,False
0xbd5126f2abac3b8030fdf0125e6fe5f03740b700,0.7498852398158417,2026-09-18,2026-09-23,False
0x13160e357d18c815b567e4c330092bd4827a0ba9,0.746309584142424,2026-05-05,2026-05-07,False
0xe80f820fc92398e30958ec37b254b75985518006,0.7448020894813254,2026-03-24,2026-06-16,False
0x07fe778a439aebc7cdac18d0f608166873d17039,0.7432431443481367,2026-02-14,2026-02-14,False
0x435d193b24acc73b531f67a16acfc4a05c1c57d2,0.7420989725229429,2026-06-03,2026-07-14,False
0x9dcaa90bce775f419f3961fdd6e0e2877269d8d8,0.73380672,2026-08-13,2026-08-14,False
0x6bada1e437b7bd64ace61eaf63478bf2919bbc1a,0.731920550391354,2026-09-17,2026-09-18,False
0xf835484238d9e8f34933bd8d726c1c896b973f2a,0.7315444848047027,2026-09-18,2026-09-24,False
0x0e0b8d7bbd749026cbd2c3dcc10cf0d2ff40e041,0.7312843971886757,2026-01-08,2026-01-22,False
0x7947a531be79b93bb039c10b8a139c439266f0f7,0.7307958388652889,2026-09-18,2026-09-18,False
0x39c53fae7310ffadeaf5b53d2b1908effea4f2ea,0.7247066299776205,2026-06-03,2026-06-17,False
0xa0d60aec03f9f02ad0c3736e392ee5bfa7857403,0.7245755215149557,2026-08-08,2026-08-08,False
0xa11e181e86dc32ea40f609a6dc81b1d50cc99025,0.7174930737641422,2026-09-19,2026-09-21,False
0xa2c748056947f6cb9023be101aae94b016ec9a62,0.7147202427773905,2026-09-17,2026-09-23,False
0x86065b42e69753ad3ee0bb6aa6b3aad6363c2ebd,0.7081122882718291,2026-09-18,2026-09-26,False
0x060804c83b90d781e84203954cd775fa955b7121,0.7027207831397538,2026-03-04,2026-10-01,False
0x911d3a600009bfe676dae6e0dcafb76b37c027aa,0.7001715423747134,2026-09-20,2026-09-20,False
0x428668c9ecd340d8cfde620ed6be5e41b2e174e8,0.687159273514729,2026-09-19,2026-09-19,False
0x369aef9bc34b188b33f298a4df1c1408e7c43241,0.6851131581533412,2026-09-23,2026-09-23,False
0x3ce5bb159290b06e6d2258728812d64852fc765e,0.6785749643888045,2026-09-22,2026-09-22,False
0x933269e48d19de190b4c56d75566b35bc08857ff,0.6778279769673031,2026-07-06,2026-08-27,False
0x0e4165997667eecd9f2a5e809f320925346850a1,0.6750488879088886,2026-06-11,2026-06-19,False
0x7238bafae08c0fc2a34c5fc8fea892a5c949681d,0.6735206821923498,2026-09-23,2026-09-29,False
0xcb532e221a013ff8f51e464d39372c94a02655b1,0.6708996248397248,2026-03-13,2026-03-13,False
0x10961985b399da9ec08ebd1ba9f3540222edde47,0.6704864793052461,2026-03-06,2026-08-25,False
0xac5d346d9d7d56ef0c52c54221416a1c54e61d2b,0.6676465382670402,2025-11-26,2026-06-09,False
0x6cdf877bfce131c0b1ff81876a5a7baf3a5d1dbc,0.6649819113457575,2026-02-20,2026-09-29,False
0x1adad5d32b0a61205a3bca701ea79bd81f20cbdb,0.6636762544035482,2026-06-01,2026-08-14,False
0x327ce92e3d284e4dc4ffff97c1829ca3594c8776,0.6622800300728174,2025-10-29,2026-08-24,False
0x43895577d61ef1263bd037bc47ad1aa2bf9c6690,0.6588985614940024,2026-01-04,2026-01-14,False
0xc81080b03b8f7c66bf8d7e490bdbce97d4660368,0.6575591446970508,2026-09-04,2026-09-04,False
0x17fdb467b3dae3ee92127fb7bd4fb0db3397cab0,0.6562059515,2026-04-08,2026-09-06,False
0x892cd5104290eb0747c9e206baffd74eebd9db26,0.6526146502963452,2026-09-17,2026-09-23,False
0x05e913919fe520259272505169478ba050618874,0.6448805091418662,2026-09-18,2026-09-18,False
0xa12ffb73efa3b5f2edb0c528cbff7aee34d60e37,0.6408976617366801,2025-11-28,2025-12-03,False
0x4bda123817a3ed1e9dc102aa55cadd4ed147722f,0.6400067133857085,2026-09-18,2026-09-19,False
0x0eca32722273b01f44fad0604c709f15d6469dd9,0.6247478785224712,2026-05-20,2026-08-17,False
0x9e46cddae6027f93e772ea99f312cda3afad1232,0.6230558268322787,2025-10-29,2026-09-18,False
0x2917e2432f3c191093afa735543c7f44846412ec,0.6200827317574736,2026-01-25,2026-09-29,False
0x9b82ef38c3a7e68e0379d640b9a7a4f3ecf82617,0.619999872,2026-08-28,2026-09-22,False
0x3f3cffc93f38e56390b461f086dd95f8216d6419,0.6112768324391671,2026-02-05,2026-03-24,False
0xaa0d34d4745aa866c9ea30ca77e5966fbd859229,0.6105240487589972,2026-02-05,2026-08-27,False
0xb2fd6c65299e81df7de9e13b19ec8fbb5ad5ce60,0.6089607993682601,2026-04-06,2026-07-03,False
0x15b91064de47f596514a4b2e1afbcf0a9009a45a,0.6061118262539545,2025-10-27,2025-10-27,False
0x13855f72142a86d0b5abeb8db99409ff18f2be04,0.60276824,2026-03-05,2026-08-13,False
0xea55e262da83cccbbea8e0988783738a09f230ff,0.5984757914793619,2026-09-18,2026-09-18,False
0xbb49379ed8c9fac2462964f1ba8369807576026e,0.5964385936221994,2026-09-17,2026-09-24,False
0x554927d96f4b5b0e1c6c33e4898088a8abb762fa,0.5959411700631891,2026-07-31,2026-07-31,False
0xdd9980e7f7fa890c949b3b916c1fdaaf081295dd,0.5909133494227921,2026-09-24,2026-09-24,False
0xe9efefe0f8c269405027994b9936dc45785a414f,0.5900768244442541,2026-04-09,2026-06-06,False
0xb2329089278ff8061e1241838e142114675c614d,0.5896097604340508,2026-09-20,2026-09-21,False
0xff2463e27d089535d1a2547cd5702c2eae90a876,0.5813015571349361,2025-12-17,2025-12-22,False
0xf65200997304e81d21fa059b8b29711fe4a6fd32,0.579053613371435,2026-01-26,2026-01-26,False
0x1e3cd3fc2966580c76d2bede95c843b729883a65,0.5764416290227864,2026-07-26,2026-09-18,False
0xaf445bb35b9c428c36ee5fe7f1b227d6c5512d0d,0.57312661471673,2026-09-18,2026-09-18,False
0xe5755137a84a1536e4e8010f1d6fdd4742f38393,0.5711132644717204,2026-02-03,2026-02-26,False
0x31c89b408169c47e7bfff2633562bbd2dfb3f0b0,0.5701052987305429,2026-02-21,2026-02-21,False
0xd5ef5b664d3b52b4a142a37cfad82ec524fc6fe4,0.5663196132884427,2026-04-18,2026-06-24,False
0xd723a834e8c2c669940430636b6f58dff3b829a9,0.5639490871411207,2026-09-19,2026-09-19,False
0x086c001a8f7c12c4aa6248fa1e17181122a9a827,0.5633799166835396,2026-07-27,2026-09-15,False
0x1491fb4269c805bbef26a8be74532fa7512dd633,0.5631732044065179,2026-09-17,2026-09-20,False
0x36efdaa43553067df7fb8fad0f6fb11ae062aec3,0.5629346231882315,2026-02-04,2026-03-09,False
0x1586c09b4c868507d5beddeb9f482ed5c844d957,0.5595584562975101,2026-09-23,2026-09-23,False
0x9732370615151b744f51ee997df68cacf4059a0a,0.5582659054449486,2026-06-25,2026-09-24,False
0x4b701123a52ca32a445fb68f7da5869c897cf709,0.5570307673938558,2026-05-25,2026-05-25,False
0x0a78b7d0144c894ef68a363168143982b8df3e27,0.5461414039446406,2026-09-05,2026-09-05,False
0x3ae6ba5deda1d7b10e64dea8189d750b30a427d9,0.5456758933540966,2026-09-18,2026-09-27,False
0x1f315e5a83b7a0d0c661ee3674906cedf8ee7bdc,0.5422903736024108,2026-09-18,2026-09-23,False
0x95e299620ceac5631815cf4a4ffb9dc54d9285d5,0.5373265148696907,2026-09-23,2026-09-23,False
0xe7504348b57c07b2f22f9a8daceab250bd84782c,0.536652911080555,2026-04-22,2026-04-25,False
0x0b0c2edd9bcd29d5083134b7ef632e8c8f36b4c3,0.5341600261126904,2026-09-23,2026-09-23,False
0x89095134aba557f6946c4daef89ebbd1720c9a37,0.5311576258107944,2025-12-10,2026-01-25,False
0xda03704894ab8cd6af22ceaf5124fba3b7e32f73,0.5308841423364531,2026-07-25,2026-09-19,False
0xde0f39241efc9697417900e6981e81fc98f27111,0.5275939043564073,2026-01-08,2026-03-27,False
0x822e560f9c5399663f744b86dcf09e79b01b9507,0.5266490200129483,2026-09-02,2026-09-16,False
0x8d1aade42646b715470b20485e7abe43ee35c1b9,0.5226407058172653,2026-02-09,2026-09-01,False
0x10e4d39e8175234909c6c7840c522b1314245e15,0.5220829735341345,2026-09-23,2026-09-23,False
0x65a229ba7077bfe575fd74709f16162e69e61484,0.5190479706853958,2026-04-04,2026-04-09,False
0x8daedcb4d672d53d9599a55d3718882ad44d4dc7,0.5140949481297539,2025-11-08,2025-11-09,False
0xb637817d733b91368f48f94c20f42bbd5a27bf6b,0.5140441423917793,2026-09-19,2026-09-27,False
0xd9a51019e713f74349d6a69f5eda3ee0706a10e8,0.5030628264618392,2026-09-20,2026-09-22,False
0x475fba1e3fe3a560b4077b56691fc44561236cb2,0.5012445076481858,2026-06-15,2026-09-29,False
0xef4b71337d87dce0fdcd4d507fcf3a2604d34bbe,0.4971913388880277,2026-05-26,2026-05-26,False
0xbb7c5e2b5a4f2b6c3f47e18495b1e1218cf45f15,0.49464429781241287,2026-09-20,2026-09-20,False
0x77c45907a51d2939cdf8d05c9fed671316face61,0.4931496375438632,2026-09-18,2026-09-19,False
0xe60af7afc590e2b5b742d2e9941e4f1b9091697a,0.48816928255610903,2025-12-26,2025-12-26,False
0x8fe38dcad1db8163778c9e4ea6671f9f1f158a8b,0.4855007515510306,2026-09-18,2026-09-18,False
0x13eddcf7d517665c14bfcda9acdb3e85e8ff8c7b,0.4749673485833631,2026-08-24,2026-09-21,False
0x18157800c6d9673f94b24236f3a3477c6c9ddcb3,0.47490502787560607,2025-12-07,2026-01-26,False
0xf154940c312931efc88dd33dd37225a63ba3b472,0.47466203828803955,2026-04-25,2026-04-26,False
0x306e99cd23f452b34dc949fd86d4e194d492dfbb,0.47456224234274635,2026-09-18,2026-09-20,False
0x907555c63fa713cc4cefe57cc103d3ac475ee8e6,0.4701466023054168,2026-09-19,2026-09-19,False
0xf9568d9cb86cd3f48dec87d73763c3e28497fc5d,0.467609745594515,2025-11-11,2025-12-09,False
0x87761002700635a6781408845921bea8c98ae5fd,0.46220527847629095,2026-06-03,2026-08-06,False
0x24e8eeb996bb2be264bb8ecf89d3159b97c0c4ec,0.44348013643677614,2026-01-16,2026-07-13,False
0x8a5b342d490ff72c03d72df0c7ff30d899c24a57,0.4413946847663392,2026-07-03,2026-09-18,False
0xddb982ed44584a5fdd08d59a057b4194c87747b0,0.44096956380295127,2026-03-19,2026-03-19,False
0xe07fe5f2d9eba416a54aa2526b7759ce79bdef52,0.4378094394041317,2026-01-09,2026-01-09,False
0x383da0c93a135b16df8f379307db2de9293272c6,0.4350877873418153,2026-09-18,2026-09-29,False
0x23f6e958829641c5b7ce6fc289bd7c4aef65b922,0.4330828203829305,2026-09-21,2026-09-24,False
0x6d83851d0729b235680820059306a1cb06231c0b,0.4313847882765977,2026-01-07,2026-01-07,False
0x95223e7967b6aff7dab9c126e691ed3c392143af,0.42755975255949896,2026-02-04,2026-02-04,False
0xde6b30f1159fbb220b5029de4e0df984f021beea,0.42673937,2026-09-18,2026-09-18,False
0x28a16112039489a7acd1f45bac5108e3412ce673,0.4201206634235841,2026-09-18,2026-09-18,False
0xd621da89ca522ceb8682fd6763104c1cf08ae23a,0.4193684450873712,2026-07-17,2026-08-24,False
0xaa542452f7add05d200b63cff7f5733b901309f6,0.4099176693855618,2026-08-09,2026-08-20,False
0x76361e7372536d46c4474fd70d244d6e8ad4d9fc,0.4061596658159735,2026-09-18,2026-09-18,False
0xe97979687da9d4f3ff8a648bb6ff31907cefad5d,0.40486869569903666,2026-09-25,2026-09-25,False
0x18d79f84dd184f25f241ffdc0e111d2b5c62e5e9,0.40452,2026-09-18,2026-09-19,False
0x6fd6bc3da65da66bea184ca36999d67a5674cc82,0.4044708029973131,2026-09-01,2026-09-19,False
0x4a41bfa17d90a9497aa4e9dd4059aa3fd3b7b94b,0.3991210794385387,2026-06-08,2026-09-25,False
0x9c9a62483381ca4c1528f890aa8cda8a600b02a5,0.3982399229977716,2026-03-05,2026-08-25,False
0xde850e4727d71e734532274180fdb16d23683c5f,0.39726026,2026-07-16,2026-07-16,False
0x49ddefd4b2e34a1481c43e3ef8712f3d62542bb1,0.39444359966094655,2026-06-20,2026-06-22,False
0xc13904bd9ab36b09822276a86547380353889f19,0.3937342543163289,2026-09-18,2026-09-18,False
0x1cafffb2cf8df7fd4ed3fa5e647a1ed26668ae80,0.392564080975718,2026-09-30,2026-09-30,False
0xcf804a68c520b427b65f21f646a84851cf39ddad,0.3922114757878324,2026-08-13,2026-08-13,False
0x0934ab176bb5e9503a4c02599f19b08505472519,0.39030473852509184,2026-04-22,2026-08-08,False
0x2007ed0e92bb7447be4a1d5a64468cee83bcd4ce,0.3810759055212448,2026-09-18,2026-09-21,False
0xeae4044d5b4f4e9671338fa5f3dde6306e038f3f,0.37962611101733934,2026-09-18,2026-09-21,False
0xd82c9efb0e1cdee60f3bb37f34192905535a47a4,0.3696191108773696,2026-09-19,2026-09-19,False
0x6a2f7c8a01354253a89ad1f00fc43dfd1330f817,0.36649351040554673,2026-05-27,2026-05-27,False
0xb4e7458f3cebeec0ae628205b84f38a5a25aaceb,0.3646236883129084,2026-06-03,2026-09-17,False
0xbfd99159107c48e1616c73a962f13cb5722fa38b,0.3584263,2026-03-05,2026-07-02,False
0xf72663d33ddeb484002cf914b45b31afe1fbae0c,0.35563621497204356,2026-09-18,2026-09-24,False
0xf19fd4699a9d80473a12cd89a5cfc25514de72dc,0.3546645287010582,2026-09-18,2026-09-27,False
0xb61971a65c6ec36544df50ba4416549c1eb6973e,0.3529320339961635,2026-09-19,2026-09-19,False
0xf99025f4e7b4518f8e715637677ffe76609a62d3,0.3513792138773307,2026-04-10,2026-05-27,False
0xee82abcef0841a200e60f0b4c8b580695233a93c,0.3493808180033997,2026-09-17,2026-09-17,False
0x7e30ee701f518a64846e2dee40067f6321cb4ede,0.34932040810409265,2026-09-23,2026-09-24,False
0x296556eda4e41587d1f01edcd734de934f659651,0.3489053966441073,2026-02-11,2026-02-17,False
0xb7296996b63a737bab92deb1c20a7c47650051eb,0.3470502226349863,2026-02-06,2026-02-24,False
0xd04b99545aaa4d69f69fceda6fbbadcf4134060d,0.3391029506002628,2026-09-21,2026-10-01,False
0x13e061cd9db9b0f1759ec6d619a66f2b82637776,0.33671851491426696,2026-09-22,2026-09-22,False
0xf072402237071d46e6c4e873697ad1204e418c42,0.3342666400781429,2026-02-10,2026-02-12,False
0x743c60d117b36249a98a4f5010a98d55a5287638,0.33311074371595417,2026-06-18,2026-06-19,False
0x7dc3123794122c06b8bc1274377c015207c64bd1,0.33183118852737903,2026-09-18,2026-09-19,False
0x4b1d0d4bae850579bd363e8755c88b3b23e12dbd,0.32310836811866456,2026-04-23,2026-08-08,False
0xb923fe6b2ae7015235d1d90db39a1ca2023e064c,0.32212139298009373,2026-03-05,2026-04-06,False
0xe51cd0968035f4ea6bfa1c6e5ed99037bff7caac,0.3191671079630671,2026-09-18,2026-09-19,False
0xc4da779262e5011cab487e102357fbb85ef7c08f,0.31101539780225207,2026-10-02,2026-10-02,False
0x0759e5ee85d18dce5a77d2d89b75fc10ba774c45,0.3089837507411508,2025-11-14,2026-07-09,False
0x7422b6af4e46f0feb99f0b6a110fba2e2fcfd9cb,0.3084735811524385,2026-02-27,2026-06-12,False
0x0a5abc4eef196994abb9cd34fa8fe9229ce53e4f,0.30660965932864126,2026-09-18,2026-09-25,False
0x8ae51d11bb29d70ffd1a02bd8e5c9c2773854d84,0.3065678931211548,2026-01-19,2026-06-21,False
0xf7528f967bf9bac9bc64f8eafa04179f6e94ae60,0.3060938595223739,2026-03-31,2026-09-21,False
0x03588d14a7aff8a566afd539a4b44cdecca00fdb,0.3036763434402326,2026-03-27,2026-03-27,False
0x38b3d872ad2fd455b9dd5a2183be74ad91ea994f,0.29709614475653434,2026-05-02,2026-09-06,False
0x3f1b758de4fbd435aa2d8c461a8229367e46e3af,0.2964499030597427,2026-09-25,2026-09-27,False
0x625be6396269cd6877518bd7f3d2f51e8b7f7ed2,0.2964314223502711,2026-09-26,2026-09-27,False
0x7d6d07b8f6e5201daa56a0e04c4f9519493101df,0.29613336053548384,2026-05-25,2026-05-25,False
0x36f20ad6358a376423ef45f25705cec89ac2b59e,0.29242223844550913,2026-09-19,2026-09-19,False
0x6482439086a3183db03e8d75abdd78e405bd8ca2,0.29015412541121305,2026-02-19,2026-05-05,False
0x3d2b037a87c43999e8e42957c2860e6f3a93ede2,0.2896922124669334,2026-09-18,2026-09-18,False
0x0075085e50bcb135275a2169b731d27ee4c450f9,0.28378751040980416,2026-07-03,2026-08-28,False
0x502f754773cb554c9f3b3a873e1b6c848e2a0a1c,0.2830489880294766,2026-07-23,2026-09-19,False
0x73aec4a7bb08c2ff8fc9bede2d565fca6fc766bb,0.2783815062870079,2026-01-21,2026-09-25,False
0xdcecb7ff930ec20b2362aafbeaa5858f4065870b,0.2773106008431518,2026-06-15,2026-06-15,False
0xb661b6505ad709f0a9bf4af76af147bff1630b3c,0.2750355573446369,2026-09-27,2026-09-29,False
0xe82c750317eed992924b2fa8aba4ee58f7b523b7,0.27306853950337323,2026-06-12,2026-06-12,False
0x7bf1f81300ca49dca0a59b1fee1c55a99c21a0eb,0.26524139516225087,2026-09-19,2026-09-19,False
0xf9f93c07993ed37b27c5d2da7865c36db707c271,0.2644909549982394,2026-01-24,2026-01-24,False
0x9692b205216b4425166e7cd3033ca0ba9c8d5cd6,0.26273698,2026-05-31,2026-05-31,False
0xa324f728cf3223cce5f0422e86c0b7fe8fb8e6eb,0.26182225085391236,2026-09-18,2026-09-18,False
0x6e1f20e9146e731af0352bfb95ea35adb266a5f4,0.26066182681247846,2026-09-18,2026-09-19,False
0x99aaa7ef2c23ca8c05a7fbcd06ba9469c37d7293,0.26024302959792683,2026-05-29,2026-09-17,False
0x5c2a90f684c385416ae123f7a828c022c9f46ded,0.2545957024,2026-01-21,2026-01-22,False
0x98d619b127172bf2cfcbec260ab91bf332cb41b0,0.2521164510083142,2026-09-24,2026-09-24,False
0x77c83e4bb300b622bdd6ab9ac18630230540b660,0.24907935766608774,2026-05-11,2026-05-14,False
0x0f85282bdbe55b707bbdcd871dfe6e98290f399f,0.24889870512213463,2026-09-24,2026-09-25,False
0xa0f0896cb26735cf8aefac4a4891eab34717e76d,0.24615551319691348,2026-09-28,2026-09-28,False
0x4c96208b640e07cab05a7d261f03f832456b978d,0.24061708785449692,2026-09-18,2026-09-18,False
0xf8974a77386b37d371cc8ddd259f18d9da422a28,0.23919857047989163,2026-09-18,2026-09-20,False
0x281e28a5825940bd47770efa9e49510175b9df7c,0.2334667891234568,2026-07-29,2026-07-29,False
0x3c6520118f8c53e1aa512036112a331414528b8b,0.23165328687430425,2026-09-17,2026-09-18,False
0xa5448cec3784682284b20703aa136f2e3ae21031,0.2265812694731678,2026-09-23,2026-09-23,False
0x29421ea6371a517b7e385fed37e2baed28ca9d14,0.225365875,2026-07-04,2026-08-24,False
0x5904bcbb064f67149b6c60a251db630d113d7ee8,0.2251689142403527,2026-02-25,2026-03-27,False
0x3486fb9f991d5dfda0219931835c183425819277,0.22394191463615404,2026-05-25,2026-06-02,False
0x8ee4a5f8e011dfc09b3c08f5c54b0d47e9ca705a,0.22353639122063443,2026-09-24,2026-09-29,False
0x2e9e08cdf65a8c590c2dbd617c3edef2a2e61399,0.21829330687449408,2026-09-17,2026-09-17,False
0xd887ec64aaaa66622676885c65b977d2183b1aef,0.21276273142634633,2026-04-30,2026-05-28,False
0x5c10b4cd020e4c3467e81f4bf90bffc09c3834e5,0.20870441042373497,2026-09-18,2026-09-19,False
0xd97c3d4e6f36d0aed73cf3bc83d38b9ce4ba91bc,0.20056969945810754,2025-10-30,2026-09-28,False
0xadcdb6b846559297a457ca9c254a159861902b2d,0.19585974781684948,2026-09-25,2026-09-25,False
0xf515ad52eb4ab669df21e0eef1a0d48fd4fbc9c5,0.19541812237540757,2026-04-06,2026-04-06,False
0x6464096fe7ff0f5562e6f545cbe15f3c316ab10e,0.19535654344758274,2025-12-17,2026-01-24,False
0x2915402e17e173255f3fb8ea35ba1f85a8814098,0.19501416184827766,2026-09-20,2026-09-20,False
0x7dd3705b1abc05cf736f6fdce4bcac1069058a63,0.19317290516605332,2026-09-17,2026-09-30,False
0xaf17e9c25410aa67f2eeaffdd27c114d478e8479,0.19211795090375977,2026-06-30,2026-06-30,False
0x9601d152f15c0b6ca80c984d1e9c6b584c8c57aa,0.1854973224475463,2026-09-17,2026-09-22,False
0x8e8f983b4726aa84e21f5cf2c5e2b4353afbb20d,0.1766829538141549,2026-09-18,2026-09-18,False
0x6f407ac0d6822698f8cce4a12ef860df755495e2,0.1757027,2026-03-07,2026-04-21,False
0x2435ed340454ecbbcafdd00985766f8632d3a78a,0.1738473552353497,2026-06-22,2026-07-22,False
0xdcf4713324e105f74a3802d646e871f33d803d20,0.1726152387192934,2026-09-18,2026-09-19,False
0x677cf3b2e19b52a016d042113107e2bf2e55a3f1,0.17237123691989767,2026-02-20,2026-02-20,False
0xdfffa655557cf1e119d4010a1a6bb217ced2ff69,0.17155220802361748,2026-09-23,2026-09-23,False
0x56d46a22b46011e14bdc4aa826060f7d0b9cffe3,0.16642837854501843,2026-09-19,2026-09-28,False
0x7145fd0dee051535809aecd1436c54c254ab1033,0.164510038,2026-07-12,2026-07-14,False
0xdce4f65aa650b3fafea9892e807c1770d6e9c618,0.16168328995680367,2026-01-07,2026-01-07,False
0x8149dc18d39fdba137e43c871e7801e7cf566d41,0.16001327394330778,2026-09-20,2026-09-20,False
0x4bac42f2ba0f137bdabd0f8f331971b7c3bee473,0.15771562337290643,2026-07-01,2026-07-01,False
0xdaa6a6e3cf2c08e08d130cfdae60ade89421e5f8,0.15643891428518414,2026-01-14,2026-09-25,False
0xe7595dae208002b2a15251e969473f1640979d86,0.14404402057048007,2026-09-19,2026-09-19,False
0x884890d2ebb5de6b11428a5b21a36267d496b23a,0.14191442230266926,2026-09-19,2026-09-19,False
0xc05b3b868d363af1205496671be5e2883d137655,0.13546420085091743,2026-09-19,2026-09-19,False
0x70699a82f4a399d14b507e08530930c11f03d4a9,0.13436125477791025,2026-02-09,2026-08-20,False
0x62bd64db0b9fcbe933bd81ea4e0b43e7cf11773b,0.1331505,2026-03-05,2026-08-23,False
0x6ffc5848c46319e7c6d48f56ca2152b213d4535f,0.13026770281668124,2026-01-08,2026-01-18,False
0xa519c9d7450d03fbba03f88b8ea570e57f66ba99,0.12606639388775392,2026-09-24,2026-09-24,False
0xa1bbe8636d34d1b5958cd0b9101acb80294671e6,0.12292305283917705,2026-09-18,2026-09-18,False
0x903cf528c0c54ecb99991a69e0e095589917a0ce,0.11819806206749284,2026-05-11,2026-05-11,False
0x1889e0dda0a115b976b7899268f74e23eb0b697e,0.11787002482375264,2025-10-30,2025-10-30,False
0xc3dcbd6eee2a4356ba5819e8ede7dc3db00492b7,0.11449726779001235,2026-07-03,2026-08-18,False
0x4616a1263616f3f9d26e7a666d2c55dd98dcea2d,0.1071171299983778,2026-09-23,2026-09-24,False
0xf8caa4de78ded9f057699ed9730ed31730b549e9,0.10481773903072225,2026-06-23,2026-09-24,False
0x7b583643c3dcd381ffa8c34e3a06f42fe32f10ca,0.1037019151260627,2026-09-20,2026-09-20,False
0xc300f6bbddd67b8d1ad2e2b6ca584bb744257134,0.10340478685663783,2026-09-24,2026-10-01,False
0x5f2a24ae776af19aba6ca5a52fa49cfdbd1b4bc8,0.10163734,2026-07-03,2026-08-24,False
0x7ea0436e9acfcc86110a637ee30cc3590ed6cb0d,0.099973143096178,2026-01-05,2026-02-28,False
0x8ded9a88afd4b605b8f7c248b7be2c65e568b091,0.09623379099786308,2026-02-28,2026-02-28,False
0xec715eddc5d154c84c6b09f304fad0271a2bb90f,0.09081859704858866,2026-09-23,2026-09-23,False
0xcfbcc316fefdce133f11a0d9283745da9a8ede52,0.08725384649177156,2026-09-22,2026-09-22,False
0x8e6045bf65472a2f220f0fcf9a45f160b35e068b,0.0816013184997985,2026-07-01,2026-07-30,False
0x0a36ad7f07327c67cdd7badf38389817dfce5b79,0.08033991857148483,2026-10-01,2026-10-01,False
0x9b9175d04e6c1863805d9bee199c3a34b650e906,0.079532813943,2026-03-03,2026-03-03,False
0xcbbc6fa1c2317d3e5395a61d000e2b76b34c5525,0.07781601470467708,2026-03-17,2026-04-15,False
0x3462bc069272c0086633d2cbf00899668dad80f7,0.07772627826290322,2026-06-07,2026-08-22,False
0xc2a08a2319e8aa8734b5a9133033f364e05dc683,0.07548181007768393,2026-09-18,2026-09-18,False
0x7929aa899625aacfbda23424d3a9185272a0bb0f,0.07236540409292418,2025-11-19,2026-08-04,False
0xd5d7ec0c74c401835bd87820afc21b5a207d7ebc,0.07010863939334885,2026-06-19,2026-09-28,False
0x138fbee9b56ee02d14c312b019a0d69ba975c8cc,0.06316894617415096,2026-09-22,2026-09-22,False
0xf367667ebd6282c6cf49e0e505272cae58229654,0.059398683259584355,2026-09-24,2026-09-24,False
0xcafaa4f6c4325ed197028226dc05ec34a25f1e7c,0.058335317404510555,2026-06-06,2026-06-27,False
0xb862bac4adab3b08ab247d049d481f6f47654d3d,0.05689656417616841,2026-06-26,2026-06-27,False
0x655cfe1e4f27a45f3962e875ff82ce0279ec1b0f,0.05673062247287566,2026-09-22,2026-09-25,False
0x4f005ad34ccfc35bfff90b1945954343631367bb,0.05312124905919903,2026-09-18,2026-09-19,False
0xf98f53adde27c89d7c5f857cca89b67e77c31742,0.05060489361653382,2026-09-18,2026-09-19,False
0x542c03a46182c3dacb6daffe95b101afeb8a33e2,0.05,2026-09-18,2026-09-25,False
0x54c9f084115bca91569ccf12997dc71197ccc0f0,0.049162232333306535,2026-05-15,2026-09-18,False
0x5a7ca6697a07f74bde6e719be55dedca00127f27,0.045163367999545886,2026-09-13,2026-09-15,False
0xe4521aef5d669e42d6d5ff5fa7f38a623a4ba69d,0.04367724,2026-08-11,2026-08-11,False
0x542b50625e04f4361b730e3995a143589b774580,0.040725682816661286,2026-02-24,2026-09-20,False
0xed163926b4722f855569d6b0f73409d7a5c27e61,0.03969667255893728,2026-09-17,2026-09-17,False
0x9c64ef48827af8fc6a20ef611ab8550f24fb4cc5,0.03947772748267651,2026-09-28,2026-09-29,False
0x762a91ab7615e306547e2dd1385693dacb0809f5,0.03718975427744951,2026-09-19,2026-09-19,False
0x998dd0c24c1ee8dfd175aee831d45fac90954efc,0.03527534096051246,2025-11-20,2026-09-30,False
0x6173c31f4e97de3b91985e83415be7241a7ec3d1,0.034303644017026846,2026-09-19,2026-09-20,False
0x15621b0509ed649198a381353d374c7c96ac04be,0.029094268644131217,2026-09-24,2026-09-28,False
0x7f6908237bead5559b68ce3c38bb246ca9c70b0e,0.025186753915243373,2026-09-20,2026-09-20,False
0x2c1861481a47baf9298a18a093e936d681d1af27,0.02472902455404972,2026-09-19,2026-09-19,False
0x83a5ae6fe1279c202c78d0b048a6b73f24e3cd90,0.022209875730531705,2026-09-18,2026-09-26,False
0x94726055b453a2bd3609f588d5235f1d1b235288,0.020266125,2026-04-06,2026-07-18,False
0x85345be284fe2fda00e4f5a0232b5d0b504f3f9c,0.02,2026-09-18,2026-09-18,False
0x7f0bd861e5d85655159c5bb43b2f8dacafce4075,0.01842282522327192,2025-10-27,2026-09-17,False
0x892ee7c6919e47f285fc2d77063299537cfe344b,0.017994273864620002,2026-08-14,2026-08-17,False
0x7dd069daecf0bd7ad6cfbf0a61d445f3ec06af92,0.017025956798155356,2026-09-23,2026-09-23,False
0x9daff97cd626722953607d41fd37d5fd042f27c7,0.016900597636420687,2026-09-19,2026-09-19,False
0x50e845732e16248fb5f5077f9123e2db54d0790a,0.016150937302130526,2026-09-20,2026-09-20,False
0x3359be48a757428d998c94c4e8ecc3554e254a85,0.016060991418,2026-01-26,2026-01-30,False
0x9cba44f9033e0b3cd86263c330ffbce137e80595,0.01439560195282662,2026-05-11,2026-09-30,False
0xcc558fdcb0aa9164aca1ac2ba4059c241f32fb80,0.013840880633487852,2026-06-24,2026-09-30,False
0x1efe608eaf9079b1eec9d25a927b664a5d3da674,0.01066862598085548,2026-09-19,2026-09-20,False
0x7ac52eb33b2ecce3abf7a1c1366c58d03a2ebcd3,0.01,2026-04-23,2026-04-23,False
0xdc1d3cc91930deef03328af76486206303443bd7,0.0099,2026-09-30,2026-09-30,False
0xbd16180890d262861f2a387556c1c4b41d02ae77,0.009766454323247863,2026-01-21,2026-02-02,False
0x2195757f998777637499c246a293f94d0dec35b9,0.008437415146439841,2026-01-28,2026-01-29,False
0x264a62229525b435e167ba38122b461027bf761d,0.007777773405448072,2026-09-17,2026-09-17,False
0x298663a781bf7e7e7830449e7e6b4167aba05e7a,0.007169791863884076,2026-09-19,2026-09-19,False
0xe4e5e395e9efb3c1bb37d9c53ad2f115c6f91ffb,0.006876714689213412,2026-07-08,2026-07-09,False
0xb70b805d6729ef4544f461ddbce234e2be087d52,0.005505679656299036,2026-09-23,2026-09-24,False
0x8ead31c4801322619584f1dc324cb5925f538049,0.0055032447097937,2026-09-17,2026-09-18,False
0x00009102f53eea0024204a9581cfc5f6e0a1d13e,0.004599107121898595,2026-05-25,2026-05-25,False
0x0000000000007a8d56014359bf3e98f18b7773f9,0.004516317566396591,2026-01-25,2026-06-30,False
0x29fc0ebd5f097de3575ed5c15aff0556b999e05c,0.004445451949537494,2026-01-24,2026-01-31,False
0x948cd8f0114104511b8eac7ff0e77e0f91eef3eb,0.003986002412189503,2026-09-17,2026-09-17,False
0x017ece37366deb4a9e11d427e8eb3f530ed35df2,0.003927827645424809,2026-01-03,2026-09-17,False
0x6dcf30131687db0aaf851586ce66a670caaed17f,0.00347792743811087,2026-01-17,2026-09-17,False
0x25b63182d4635346fb38aa86bffac002a0047d45,0.003197269071805931,2026-05-21,2026-05-21,False
0xa92c682d393c9ff84af520f936b989db8552ce5b,0.002942532318294267,2026-06-28,2026-07-04,False
0x6553b7e4e23bc579459c3842b4e91174e5f3d26b,0.00261963,2026-01-07,2026-01-07,False
0x52866fd157577897ce627022b9c19bd2e622fd7a,0.00234332047,2026-01-15,2026-08-25,False
0x4fb69468020e025f864f385e29e116c2d906f7db,0.002279121507915339,2026-09-17,2026-09-17,False
0x37bcecfcd9406a36115025a6a1e131c586813393,0.002001671134535125,2026-07-20,2026-07-20,False
0x2795528340acb23161c005170f0607425c53df1c,0.00199,2026-09-01,2026-09-01,False
0xd4627ecb405b64448ee6b07dcf860bf55590c83d,0.001899008167221558,2026-09-21,2026-09-21,False
0xda892c989d07a18b5dd3f392d949f00df15c5736,0.001780389309045856,2026-08-01,2026-08-10,False
0xa34e51863c956a51980a2d3ff2451025b7cc6968,0.001400487992670704,2026-01-30,2026-05-15,False
0xfd0604a781318c45e200e45e32f87a0937ce6487,0.001089033931523802,2026-09-17,2026-09-18,False
0x1103fc560de8b710983e7f3ec09d587f3f848566,0.000707997508664371,2026-01-28,2026-08-01,False
0xa462d9acaccb141ce7f17213b95198fe248c27a1,0.000677237547299044,2026-03-19,2026-10-01,False
0xbea8108b5a8707edfe1507c3a06e2735d40ef7c2,0.000628782248919582,2026-05-13,2026-05-13,False
0xebba215965754314c3fd4675e0fa6e91ea4da579,0.00061077959494822,2026-09-25,2026-09-25,False
0x141fef8cd8397a390afe94846c8bd6f4ab981c48,0.000482758620689655,2026-09-21,2026-10-01,False
0x4b1d532131fdf4a8e6bacc84dc309442966eb3ff,0.00043489798870183,2026-01-12,2026-06-23,False
0xaa0000dc97008b87383600006100003b6b3c2020,0.000354338034378215,2026-08-20,2026-08-20,False
0x3405aa5cf9b5757a70ebe14db5c7291bcecc7022,0.000316445584674482,2026-09-24,2026-09-24,False
0x0c3ebdcfc7d43a0e6f637b82ef8c981895064866,0.000300000000121153,2025-10-28,2026-07-24,False
0x4fbb4aa3cd2dfe8f2cb2e8a8b468cca86e92b214,0.000197276613086772,2026-03-16,2026-03-17,False
0x529373543ec53d7cf808283ca310c8d43ebc113f,0.000158365467184807,2026-03-04,2026-09-30,False
0xf64e13bd64fcb85b7f393f676d45c0375da5f918,0.000148946367358094,2026-09-25,2026-09-26,False
0x1780bfb7cdfcb9070efef7e25a42ecd9ccd66b8f,0.000146716172688904,2026-09-18,2026-09-25,False
0xb8077be4afedb9a70066034145479c9f3d86ed26,0.000137783687528197,2026-09-18,2026-09-18,False
0xc074b0573c67830ea58c42790c50a287b06e9201,0.000130075538117221,2026-02-18,2026-06-15,False
0xd133ccf8474d6136b8e61ce5ab0bc521077a5d7e,9.1451256139365e-05,2025-12-03,2025-12-03,False
0x66fafc73f521409336d893869a766c2c96628b3a,8.8e-05,2026-09-30,2026-09-30,False
0xa91882ecca8de19cf7d53adeb3b26b64e18bf546,8.3747339150543e-05,2026-09-19,2026-09-19,False
0x3b5eb80f4f698b98c5cf830b43c06eca796e1219,6.5709348681098e-05,2026-09-19,2026-09-22,False
0x15aa4405992bcf1e74484a323cc496cfe4ead737,5.126257093834e-05,2026-09-18,2026-09-18,False
0x2e4cc65ce199cc65d927a1420f10576c8f29246b,5.1084886493986e-05,2025-11-22,2025-11-25,False
0xbdd9fa84f806002a2dfe01a06474c91d73188c47,4.71542e-05,2025-11-20,2025-11-28,False
0xcd8a46b5267dbf5b7a2542d07f53b9a4d8d505bf,4.285368128542e-05,2026-09-17,2026-09-17,False
0xce842b4286e9258bb19a517df1d1f93d0d735c07,3.640854848067e-05,2026-07-30,2026-09-17,False
0x30f940703e69453f6c7c2c535e6b3baca02d425d,2.4935433245845e-05,2026-09-24,2026-09-24,False
0x52e552d2edba7df3e001392cbafbe7a07c36c984,2.123505431378e-05,2025-12-23,2026-10-01,False
0x795bded00f50b164fa80e56c61b095e4ceb84465,1.8179996377768e-05,2026-09-17,2026-09-17,False
0x734ea1ca17f3c00f34f57944bfbd1f42a602d75e,1.59646262399e-05,2026-09-17,2026-09-17,False
0x3c9a802bebcef7fbdc2daa44f7e85dc7bb743101,1.5435649611654e-05,2026-09-17,2026-09-17,False
0x5ce636a5698d938d8526a10afed61842f9e9ef41,1.278321349485e-05,2026-09-30,2026-09-30,False
0x179895b14972d16388faf62ed1e1f26f78a124d6,1.2e-05,2026-09-30,2026-09-30,False
0xe02e5caf9a1799e4b98faefb649295e628b7733b,1.1544513043618e-05,2026-09-27,2026-09-27,False
0x607aaebece105255be33c4b5f1f696f3a1776d29,1.0475637541928e-05,2026-09-17,2026-09-17,False
0xb0d3aa7d713607965d30fd3134568862db891be4,7.238193847619e-06,2026-09-18,2026-09-18,False
0xc6d6552d177b0a91c33df76c4c0a3654a9494e61,6.85830284457e-06,2026-04-16,2026-04-16,False
0x0708b29cfaba8e551c710991026c38e9179dce1e,6.435009578195e-06,2025-11-16,2026-04-15,False
0x1b3b6e95ab51010ad7b816e4c6a47c68663085e3,6.32e-06,2026-04-02,2026-10-01,False
0x1fb181157dc7246efd4a530c8ec04c7511d52aa0,5e-06,2026-09-01,2026-09-01,False
0x4d7645dd01341beaff076a7c86adf769461d6075,4.319479266648e-06,2026-09-07,2026-09-27,False
0x9ec7cd83852020b0c38d7f3bc3fe4328041a6b83,2.80012266874e-06,2026-09-18,2026-09-23,False
0xa51eb971881af370c59acc19a130a226f1191c9e,1.907418128826e-06,2026-03-20,2026-03-25,False
0x504fedfd03b61075b21329309c5943227fed7537,1.757077378391e-06,2026-04-11,2026-04-13,False
0xa40672a7e8e659e868de0be06a60ffd23e549c66,1.499977470504e-06,2026-07-27,2026-07-29,False
0xc952d9cfc2f964870176191b67f623e4e215e3f3,1.23e-06,2026-09-17,2026-09-18,False
0xac5d254f2e78db90a5a1e4900d48a6f5bccc3f3b,1.221411798113e-06,2025-12-13,2026-02-14,False
0x8d93d7516959ea021ec9114ee453e74d8a69371e,1e-06,2026-03-06,2026-03-06,False
0x67f8caca83e1242f284dc8cb02f88fe2663e96c6,9.55774111143e-07,2026-08-31,2026-09-01,False
0x2763f4dbc818917ffb0b344f9b44f6f91335e303,9.40563525953e-07,2026-07-18,2026-08-19,False
0x52e419774f043e0a7c53dd48edf08a7b609a79a4,7.84143839594e-07,2026-06-01,2026-06-01,False
0x1fbf0693de0146538924a49593a4dd412735e757,7.64807340144e-07,2026-06-05,2026-06-30,False
0x3a5eedc432b6fb0e5eedf206b63f7d9334989309,7.09854488503e-07,2026-05-04,2026-05-07,False
0xb3273c9574daa5edf1650aa10e873932ad9a9c00,7.04414637914e-07,2026-09-17,2026-09-18,False
0x5054a8499586194af596338a5e02533c2e8a9b83,6.9363983231e-07,2026-06-04,2026-06-04,False
0x51002a256eba3fb5101936ae830401fed5f353cf,5.80195062584e-07,2026-06-04,2026-06-05,False
0xa7a2097ce4bebe471008adf0241b64f50f930405,5.30699857594e-07,2026-05-27,2026-05-27,False
0xd3987e01ae4ce6664ddc5634fece622bf6004dc6,4.65363681553e-07,2025-10-28,2025-11-03,False
0xbbaf67f158e7bf87d8bf028d5c3c3f0f99300e86,3.77458403511e-07,2026-05-30,2026-09-04,False
0xdf9f22f956a3617cf71133a2780e5a2faf1fe48c,3.45570892587e-07,2026-03-31,2026-04-02,False
0x0fef73deb238231bd6364b3ead9ade60d5847626,2.42373809351e-07,2026-05-22,2026-05-27,False
0xc27b967148cb478260f4ea5ddea91931792a64b9,2.24800778766e-07,2026-06-04,2026-06-04,False
0x69460570c93f9de5e2edbc3052bf10125f0ca22d,1.62999509489e-07,2026-07-06,2026-10-01,False
0x2fb86c324970cf8bec127e14346c03ffed3676b7,1.4e-07,2026-07-01,2026-07-06,False
0x65dfb602cde3efe51dd293bedaf3b416c6bb3728,4.6487831352e-08,2026-09-14,2026-09-14,False
0x16b5978ee2372279f89f19f7e709488c1dc87007,4.6409967076e-08,2025-10-29,2025-10-30,False
0x517d8f1cd538687963c20b38c66cc892aa250703,3.05e-08,2026-04-08,2026-05-16,False
0x7a158fa52f829f77d4249666ea5b57b8d5e3ac21,2e-08,2026-04-16,2026-04-16,False
0x9a66796eec97952271c48dd559ab41c0b76b7a06,1.9006184838e-08,2026-06-28,2026-06-29,False
0xe5f61a66b0cc6b0a362a68b974a3338dcba00046,1.05e-08,2026-04-12,2026-04-14,False
0x64533fa2e15e0aa1acf834e2dc0e4e3e1e00b4f3,1.05e-08,2026-04-08,2026-04-16,False
0x360f10ff4ff8247afbca33ebb93dc21a424f3808,1.05e-08,2026-04-12,2026-08-07,False
0xf0937ad9a19a78875c46991bf85e78747676fea5,1.05e-08,2026-04-08,2026-04-16,False
0x28c4c4be5281e8215f4d8c0f434674f351361d22,1e-08,2026-05-06,2026-07-02,False
0x51b5bbf4456c3a8e19deaefea68888bd798f63ca,1e-08,2026-04-12,2026-07-11,False
0x85b1cab655a9785b9388e6b48fb7d5e0ead7a5cd,1e-08,2026-02-24,2026-02-24,False
0x907dbc8ef6003a6791fd11552b814e253e82db1b,1e-08,2026-02-19,2026-02-24,False
0xedf1919ea665fba498bb37518b2eb938e895a580,9.993660934e-09,2026-05-08,2026-09-18,False
0xc9374a487271f557203abf09676d97bc8044f958,9.765110495e-09,2026-09-07,2026-09-07,False
0xa8c4ff050e6ec5b95bda60b9a62d677c23cc55c3,9.401633084e-09,2026-06-05,2026-06-14,False
0x73812535b43860d55352ad448334c8435a1dadb9,9.316131729e-09,2026-01-26,2026-01-29,False
0x525878736de02ea5a395336b042c5d420e1dad19,9.076183417e-09,2026-01-31,2026-01-31,False
0x855dd3a37df8bbb4b415933247a29a563e754a02,9.073097162e-09,2026-01-27,2026-07-16,False
0xb6c6b99dd6ac651ee794b6fb74779b24a7ef05db,8.800747946e-09,2026-05-27,2026-09-30,False
0x1b93dc637142ad428f50e12c1d4b5779a9ff389e,8.564842618e-09,2026-09-18,2026-09-19,False
0x6ea5e9715841f40a587c769b4aa39a8f57481676,8.520392709e-09,2026-06-30,2026-08-08,False
0x94b156703487ab5164b11882cc1f602509fe908f,8.411950498e-09,2025-12-29,2026-03-18,False
0x0f904c61c8de3578f371e751cc6e5902ba469a08,8.378801746e-09,2026-08-25,2026-10-01,False
0xfc430114e42122f58dab762c58d684720309e7f1,8.218598638e-09,2026-04-25,2026-04-25,False
0x71d48dc5dc2560fba6c049bec5505b739b65c922,8.058839428e-09,2026-09-24,2026-09-29,False
0x954310444e7d0968ad01c7cddfbaf6ace8a2f085,7.690355322e-09,2026-05-10,2026-09-17,False
0xb7af31c01be7b41e06fb03b0fb562065c94b0495,7.593764083e-09,2025-10-27,2026-09-17,False
0x90107f35d7925b2c90c9163a2761ca897abf3c06,7.573978622e-09,2026-06-30,2026-09-14,False
0xc238e8a1c43b0fb60252d37d6a952d214152960d,7.492509728e-09,2026-03-29,2026-08-26,False
0xb34c41cf6e08957d5e41ba262065dfb369f1d3e1,7.3131114e-09,2026-01-25,2026-01-25,False
0xabc3cee1e4aab46fddf617917bcbcf0282e1980a,7.302244677e-09,2026-09-19,2026-09-20,False
0x27a0d06fc3a134d52f4bffdd4905be664fc003c2,7.250151525e-09,2026-05-26,2026-10-01,False
0xd280c0cf4cbc23d95ac6f34957a42a922b40a69c,7.087202981e-09,2026-09-17,2026-09-17,False
0x3d7d80686a7a0598b97f4fff8b5d87fdf35ed018,7.050892439e-09,2025-12-16,2026-04-06,False
0x9ce90ef6f1a2e8efc063ca7e55e3463269aa7017,6.961518528e-09,2026-01-07,2026-01-07,False
0x0974af68515bd68c0c687eb6079b7d9087da91d0,6.772535757e-09,2026-08-05,2026-09-17,False
0x4a4d6924956b03f81acb181a73491fc1d64edc80,6.735732755e-09,2026-05-28,2026-07-12,False
0x132bb5bcc473628c7d93dc8f281b884a21b453eb,6.665214222e-09,2026-01-15,2026-08-25,False
0x3fb088e89fee99028844295736e5dcf8e902e2c5,6.663379882e-09,2026-09-23,2026-09-23,False
0xef2f727029da254b767f9718ca49dfd9c63cbe7c,6.634006429e-09,2026-09-18,2026-09-20,False
0x09a3c3595f8f0a690b98d4fa8cfb479a2f21c763,6.577851653e-09,2026-09-18,2026-09-18,False
0x3f598df05702c85488959ecac5ad2e71e98bf96a,6.560383434e-09,2026-08-09,2026-08-11,False
0xa47fb7e770438f01c481d6857a1ff3bcd249bafc,6.486826281e-09,2025-12-16,2025-12-16,False
0x86f39c22a05612f17bc791ba760b2958e64a7ae9,6.432237749e-09,2026-01-26,2026-08-26,False
0x6c38a5b3ed096c2f919a49d1b4197d711bf774d6,6.385984841e-09,2026-01-14,2026-08-16,False
0x2ea8ced6f4d48ee60894e305a6a6fa1b308db8b8,6.366012089e-09,2026-09-19,2026-09-24,False
0xf54478db19db3b7395b7b34e8aed73e9282acb2c,6.223032629e-09,2026-01-15,2026-03-08,False
0x5fbd2c7946c06ea01a33579c2d00441e81c132c0,6.144463607e-09,2026-09-17,2026-09-17,False
0x427bbb8a043b4a891b0d839d7ca51f5d70cc930a,6.12394283e-09,2026-01-09,2026-01-09,False
0xe73ad7e6d67f8c5f35a6c4477b66f0b351d03158,5.883332629e-09,2026-01-07,2026-01-07,False
0xae34028542fb6a500ea0bc73ab2890867162321f,5.883332629e-09,2026-01-07,2026-01-07,False
0x82898dcd28aefdc79927aaeab71c2301d8ac8a4e,5.8727106e-09,2026-02-08,2026-10-01,False
0xefbcb88deb87a4559f382feca0cac2293d4a8e79,5.590315827e-09,2025-11-08,2026-09-21,False
0x02e479f4fa2309b8d10bb1f6c0257c0707ce3641,5.542065676e-09,2026-09-12,2026-09-17,False
0xc0b2be39b1db190563287ce1c602ea6a4382378c,5.421551991e-09,2026-09-18,2026-09-19,False
0x6474556dd90f5ec6a0f474b0d5f42fb15edc0f7f,5.410939815e-09,2026-09-17,2026-09-17,False
0xea62a420c80352441882c0ee35e24af488fcf5a7,5.28012952e-09,2026-07-15,2026-07-15,False
0xc978142536bbe6e4cea2e7dcd280eb1cfe855134,5.258310359e-09,2026-09-18,2026-09-18,False
0xaf10bbe962cf813f64f9cfb92a84caa9b35bd159,5.142382491e-09,2026-01-14,2026-01-14,False
0x13e979c1e47ed63117b7866047ad11684bffab25,5.115445727e-09,2026-01-27,2026-01-30,False
0x6871c0b23e1f86410d613f426f34eb3122c51fe2,5.110836627e-09,2026-09-17,2026-09-17,False
0xc63090b0fe1d887e71d74364aff30a15d5a90c07,5.039758167e-09,2026-09-25,2026-09-25,False
0xe19249574e454d38a0486a36867e8113e50d53e2,5.003933292e-09,2026-01-23,2026-01-25,False
0xeabe5c3742ec5ab9670e9aee1ba40cb97b4c63a4,4.963912271e-09,2026-01-12,2026-02-09,False
0x32fc511448030f483f64d7c2ee8d3a81a4ced771,4.950185525e-09,2026-03-15,2026-03-16,False
0x11153afd4d6f89eb508e3e0812e95fc4eaece049,4.940681137e-09,2026-02-12,2026-06-07,False
0xf28c2c8a68456f45711398a42d4b463a5aeb6f08,4.928318617e-09,2026-01-13,2026-08-25,False
0xbf971f8b5f96c9bc83088fbe7a89c8874b90d8d2,4.919448587e-09,2026-04-10,2026-05-31,False
0xc9010476cc2d52548303f56594bb5ab6a1828bbb,4.89535253e-09,2026-06-27,2026-07-08,False
0x8837ba1d725a16f3a1f3418f3e73d6cb9dd2524a,4.827494997e-09,2026-07-14,2026-07-17,False
0xad61f4861124c7de3f7476e4fde3aa93f9d0523b,4.759940417e-09,2026-01-09,2026-04-06,False
0x39a40c3c9cdbb57c4fe3579f9bd7c81e77efc369,4.621588195e-09,2026-09-14,2026-09-20,False
0x04aaa4196eaa0d7502b9b7dde536cabaac006eb6,4.516018309e-09,2026-07-10,2026-07-24,False
0x82b896280e11ea5089ce25c065046bdf20d7571c,4.510848244e-09,2026-08-20,2026-09-30,False
0xf60f922ade145943d3ff456d90f8d8e250cd7a07,4.469811963e-09,2026-05-25,2026-09-18,False
0x44a179f79c0b29215c89512a88e25e2b1f0819dd,4.442620103e-09,2026-07-26,2026-07-27,False
0x654c0044f1d0cc1bc9eb302c649f577a39381dc5,4.250571946e-09,2026-04-15,2026-09-13,False
0xc3382d9b042d7004b85bcc561d525e4264697f77,4.223796931e-09,2026-06-01,2026-06-01,False
0x6bef58f2ef80d29a80ad440f373716290f0363a3,4.153614806e-09,2026-01-22,2026-09-30,False
0x2e0986e969abedaa88e4a944061f648402d78ae2,4.087985597e-09,2026-04-20,2026-05-21,False
0x8ce381895ec33fe50c07f107feb79d5094878446,3.958695777e-09,2026-06-29,2026-08-30,False
0xedf64d42b338c5f43bf70dd96c76dbbcf9afda18,3.894087295e-09,2026-09-17,2026-09-18,False
0x914756126877a71b437e01dde81e27333a49a05a,3.751677729e-09,2026-02-11,2026-03-28,False
0x4eaf3ef94a231f98995ae27209113fd323aabf24,3.71296695e-09,2026-08-02,2026-08-02,False
0xeb03c0334367f6f7ac87fa4bdf28796ce3c54028,3.596002938e-09,2026-06-17,2026-09-20,False
0xf5753355c4cd8ab21b0fd8f0da95e6806a53499a,3.501174414e-09,2026-03-25,2026-04-10,False
0xa1e0572cea89339a9a2adb6ebb2b8c2b9a22acc2,3.356800342e-09,2026-05-01,2026-06-08,False
0xf29075389022091a0b02ec604f04e3404ca8b4e4,3.310963405e-09,2026-08-09,2026-09-17,False
0x25c542b6aa7880dba9cf9e481ad5b95afafae50e,3.236640505e-09,2026-09-17,2026-09-17,False
0x9bc4081eb24357339ef87f28fdf4fe353c0f24e3,3.151023071e-09,2026-04-24,2026-06-05,False
0x25c3a896e0e96e7fc77da4ef4d47f19bc20531bb,3.117204059e-09,2026-05-23,2026-08-27,False
0xf52768e6f7d75a77cbd369f96d7e1683f4422d7a,3.057719579e-09,2026-04-10,2026-04-10,False
0x62f0d83533d94a1dd95b0197a33d4e10523f5e10,3.013154548e-09,2026-01-26,2026-05-18,False
0xe383475faffd3a725a793c4f01adb39579922928,2.627654457e-09,2025-12-03,2026-09-16,False
0x1a6e4a739aaa3b0cdcd3d2c125ed022e1200feb5,2.591245419e-09,2026-09-03,2026-09-11,False
0xb8e9ce21886fb5ed0df13169226255131e662c51,2.442299548e-09,2026-09-18,2026-09-18,False
0xb15c1365df3729bbccce7a0f7c7b5895e7ac0b87,2.438336643e-09,2026-08-30,2026-09-04,False
0x8cc38f3becaa4032744f7a74ab8702fc45cd355d,2.437895016e-09,2026-02-06,2026-08-25,False
0x1fd0aae94f069c69e252b359fc9b076cc676d003,2.423162886e-09,2026-09-18,2026-09-18,False
0x018f697c801051fa4b888b3ef2c4dc08cab4d070,2.376355763e-09,2026-09-18,2026-09-20,False
0x0dbf5cc06d0d6550d66e942dee2845be268e0401,2.267364066e-09,2026-02-17,2026-08-24,False
0x0ce15aff63982a1a87b90f7c1798ccc9820c6513,2.189450461e-09,2026-09-17,2026-09-17,False
0x4db7ed7134ebe51495de2095b2fa1d6e741248dc,2.137289603e-09,2026-09-17,2026-09-17,False
0x92f087703993121eab95b3b30872ea63b4dc8991,2.123639734e-09,2026-02-21,2026-09-18,False
0xed93591169fabf4a56c3404353156e27b7bd11b0,2.079156867e-09,2026-02-04,2026-08-07,False
0xdf83c6e4761738cf3ad525a26237e8701747579c,2.066781272e-09,2026-09-18,2026-09-18,False
0xe65a4297f216c37d2844e55816ee910e828f0b45,2.039388138e-09,2026-07-02,2026-07-02,False
0xf3986bdc91304842c42a96b3aeea77790adf2664,1.979200222e-09,2026-04-15,2026-07-28,False
0xc68e329ada47f78631a6fa83b9b7ea8f43b6c14e,1.809010203e-09,2025-12-29,2026-09-01,False
0x5318c1852cb487d94169cc6cbf58b16fd1de0428,1.780122065e-09,2026-09-18,2026-09-22,False
0xe70231621235311d79fea76788cf909083c885eb,1.559904841e-09,2026-03-24,2026-05-22,False
0x1fb6cab2c99424dc8b7e7e951eacc86626ffa81c,1.259435805e-09,2026-01-31,2026-07-02,False
0xd4d6ababb2f473c1f84bf429b5352aaf484d3e65,1.087338777e-09,2026-04-28,2026-09-28,False
0x617096ec92315d6a23a5ebdcf4f1fc3a8c59e5d5,1e-09,2025-11-02,2025-11-02,False
0xfcf52c755ba919fbae5dc3937dcc7eb7614f3c1b,9.83222047e-10,2026-08-26,2026-08-26,False
0xb4f545d3b00fe00b41170f8c0c983b3b39ba32b3,8.27865013e-10,2026-09-24,2026-09-24,False
0xb6e8f5685b2fea0a9c36898b2b223177c4c49938,7.32589313e-10,2025-11-15,2026-09-17,False
0x906deb4d29281a0ddbffcec416d1c204806698ff,6.95826704e-10,2026-01-11,2026-08-22,False
0xdb8e6974d6c9a4544bdffab94adea1d3d05ee29d,6.0678482e-10,2026-09-22,2026-10-01,False
0x8bdf795d20d751fe86ad1f3517c4396598322d98,4.0631865e-10,2026-09-18,2026-09-25,False
0xc88b1d20bc926a16c4cce1772a7e5e0c113f3742,3.50007618e-10,2026-02-12,2026-07-29,False
0xa4c356887160c887bb0ca151db3a40db7d4b8f51,3.13583834e-10,2026-04-19,2026-04-19,False
0xa67e77bf43116e2fbc7c79be1dcbe396f1d14dfc,2.5969374e-10,2026-09-18,2026-09-27,False
0x0faeb60e1b406c2f84454f169a2512a5792e1aa8,1.91588827e-10,2026-02-27,2026-04-21,False
0x5262559b5226349b78a7bbb2747f3f8ea303a2f1,1.12716667e-10,2026-09-18,2026-09-27,False
0x428eda59b5fef46c33a5caf6f328fe7ac3979c67,5.2185407e-11,2026-09-18,2026-09-18,False
0xf73aefdf23bd62806eed93065b5af516c493c113,4.287748e-11,2026-09-28,2026-09-29,False
0x593a93930fc2523547a6132eb40876d740d4a8dd,3.4841451e-11,2026-09-17,2026-09-17,False
0x77bc465af5ea019896b56c20bb33d0ba259de582,1.6777216e-11,2026-09-18,2026-09-18,False
0x4ffa0d891239979128974411dc4ee350b91de4c5,1.6e-11,2025-11-09,2025-11-11,False
0xdea5a73fe9854fe03f75c56ffecca8daed19cec3,3.156764e-12,2026-09-21,2026-09-24,False
0x125ab0a1d919962879838e71dce989a8a87c0dda,8.86561e-13,2026-07-31,2026-09-20,False
0x5634389a309254818066d472208253ab7dd36f52,6.42378e-13,2026-09-18,2026-09-18,False
0xc0ffeebabe5d496b2dde509f9fa189c25cf29671,3.92521e-13,2025-12-13,2025-12-13,False
0x5fc931ea752fca487577acb43abe459b96d2ab7b,3.68392e-13,2025-10-29,2025-10-29,False
0x1a5bf18709cf72d5ee0a8c7f74c6420abc2bf7be,2.49942e-13,2026-09-30,2026-09-30,False
0xbc5d814e37b94cdeb583362f97bd8c423a66c5a9,1.85522e-13,2026-09-26,2026-09-26,False
0xd0da21f886f12968e1b1e5f4cc284c9e711b4497,1.17814e-13,2026-09-17,2026-09-17,False
0xeb9d2a92faf2f5133589add42d3c4dfce57b9357,7.1969e-14,2025-11-07,2026-08-06,False
0x2a5b12c7880f277579ab86388203f7e17f7ff2d0,6.9118e-14,2026-09-25,2026-09-30,False
0xeefa7b3f57ce5a35f34fb7608b09e720d2c3b4b5,5.233e-14,2025-10-29,2025-10-29,False
0xf9ace186f8879b5877afa5eb8789f30f282e5b8f,1.7925e-14,2026-09-21,2026-10-02,False
0x5e3161616aea37fa76d1e750c65b3310f13fcaac,4.62e-15,2026-09-17,2026-09-17,False
0xab8819ed8c989f3ab5285820c70c0daa21ba821d,3.612e-15,2026-09-20,2026-09-20,False
0x7e68c1adf83a1967aeafcd0bbdd9f7c83f237494,2.724e-15,2026-05-15,2026-09-19,False
0x750b5cc47e2ebffa4feeff8bd4880a593906fcca,9.26e-16,2026-09-17,2026-09-17,False
0x8c7615068b73c496b78539d1f02379195a924814,3.13e-16,2026-09-18,2026-09-18,False
0x0000000000efa780a8e6f50fc5de9c1497bfd175,6.6e-17,2025-12-23,2026-08-22,False
0x76f30e3f75437fb862b8d2c4d80a671bceba5b1a,1.8e-17,2026-09-20,2026-09-26,False
0x082738d007001080a00099a000004f3006152085,1.3e-17,2026-07-24,2026-10-01,False
0x5b226ac9b71a817877bdafabb5cda4dc99c0356b,6e-18,2026-09-17,2026-09-18,False
0x6f0538001f90d0a5f0000060d01d34c002030900,6e-18,2026-06-29,2026-07-18,False
0xc702faf72e4dff8c7241023321ebaa0c72f7420a,4e-18,2026-07-28,2026-07-28,False
0x5ffd71ada755cb2e0635adda04fde47a56fc4dc1,3e-18,2026-04-14,2026-09-07,False
0x17cf311e0d2747ac9de160a87ce65190b2478055,2e-18,2025-10-30,2025-10-30,False
0x57a8ba49f6dbcce6c562c4ef4eff1846dfa92d97,2e-18,2025-11-16,2025-11-21,False
0xd226997439ecfbeff8e110c8c78c8a7eefd19f89,2e-18,2025-12-04,2026-09-18,False
0xe7468570b619ff345b6481257b908f44d60f7ec5,2e-18,2026-09-17,2026-09-17,False
0x06cff7088619c7178f5e14f0b119458d08d2f5ef,2e-18,2025-11-03,2026-09-19,False
0x0fa75c2c49d7db7ed62c5fb70bf78ba614ae6a89,2e-18,2025-11-14,2025-11-14,False
0x45312ea0eff7e09c83cbe249fa1d7598c4c8cd4e,1e-18,2025-11-08,2025-11-08,False
0xfbc1075c4fd7b2e30634de110087734edd1b30cb,1e-18,2026-09-17,2026-09-17,False
0x99719e434ec7e5bf587599e4ca55817b3baceb8a,1e-18,2026-06-22,2026-07-13,False
0xb8427d318e4b1eed2d946f064bf4e6c1f2e6bbd0,1e-18,2026-09-18,2026-09-18,False
0x52b335fd4d229c4b4ffa6190526e4b5fb8e3fb09,1e-18,2026-07-29,2026-09-26,False
0x3328d6119501cb5db268befc394c6975a16444bc,1e-18,2026-09-17,2026-09-17,False
0x51e175b7cedbdbd35d4b0b9d82d8ebf263ff2d64,1e-18,2026-08-01,2026-08-02,False
0x80bf7db69556d9521c03461978b8fc731dbbd4e4,1e-18,2026-09-17,2026-09-17,False
0x7f4e706083a14a384599b6eacad81a7955c922f4,1e-18,2026-04-01,2026-04-13,False
0xeeaa2562f89bd75d920d785aacd0c401a0105597,1e-18,2026-09-17,2026-09-18,False
0x22ec88b9ff78c6f2458ab1a7aa8bb99d84bd4b86,1e-18,2026-08-19,2026-10-01,False
0x990636ecb3ff04d33d92e970d3d588bf5cd8d086,1e-18,2026-03-12,2026-04-13,False
0x975793c7a6a077221aca4e4fb9b7f9a46378463a,1e-18,2025-10-31,2026-02-01,False
0x4659362bb53d0d7c97c136753ba512dadfe2467b,1e-18,2026-09-17,2026-09-17,False
0x492d255234c83f2ddc5aa904d8a9db6743e9f046,1e-18,2026-09-17,2026-09-18,False
0x00fd5caabff8bd048e22bc8e497b8f9453e4bc93,1e-18,2026-02-24,2026-03-05,False
0x49e55995ef73717895a638074de5af89fa1e301c,1e-18,2025-11-05,2026-08-24,False
0x16f19efd5e69e799296caa4dbf0540a8fa89dec7,1e-18,2026-06-14,2026-10-01,False
0x1898036f5dd9cf2ebd1595a6e3fc006a40a9e108,1e-18,2025-11-11,2025-11-11,False
0x90aeb6def4acf35d3a424d5919ba97428173ae6a,1e-18,2026-02-23,2026-02-23,False
0x225f99aaaa914d0481ef3a0bedd8aabf1b9c4d1d,1e-18,2026-09-17,2026-09-18,False
0x9b1303ebf09bc51b7fac376c9e421e8daae63b82,1e-18,2026-08-19,2026-09-30,False
0x950fd558f47e234a2fde23b7d61f7ccdbcb4a86f,1e-18,2026-06-18,2026-09-24,False
0x5fdebb59b9147ef32a8d524f1a3b010e1b46fc36,1e-18,2026-09-17,2026-09-19,False
0x9a47f3289794e9bbc6a3c571f6d96ad4e7baed16,1e-18,2025-11-04,2026-10-01,False
0x5aae4d2f360e156de3416936049837a7bb685588,1e-18,2026-08-04,2026-09-24,False
0x5c3f19b909fa8afc04ce200262e066522ac2e5ea,1e-18,2025-11-03,2025-11-03,False
0x0a80e0b3000fa00308b090007009a0eb03ac0c55,1e-18,2025-12-30,2025-12-30,False
0x08baf37cfeaff1e8e2a8695ed9b7dc3cf96beb9d,1e-18,2026-05-24,2026-05-24,False
0x7d2a8db773a0d28d1d827e5f858f5e79435e34fe,1e-18,2026-09-18,2026-09-18,False
0x136464bebd09df1493b3360ab2410a7c7c7864a1,1e-18,2025-12-12,2025-12-12,False
0xc30f6ee36a1746dd71c7e81529eeae7ce2f52252,1e-18,2026-01-23,2026-02-25,False
0xc10ee9031f2a0b84766a86b55a8d90f357910fb4,1e-18,2026-02-26,2026-10-01,False
0x7d2cc1daaa54ea9dba1e896d80d465f2013cde24,1e-18,2026-02-09,2026-02-09,False
0xbb293959bc37fdfc6b0e38c92a1b1d15f3c6114d,1e-18,2025-10-29,2025-11-11,False
0xc72451a9998314e6a9a8b8117ce491f298c3068b,1e-18,2026-09-17,2026-09-20,False
0x111116053f09d34a7eae8102887004445176ca11,1e-18,2026-09-16,2026-10-02,False
0x1111111254eeb25477b68fb85ed929f73a960582,1e-18,2025-10-27,2026-05-23,False
0x6a000f20005980200259b80c5102003040001068,1e-18,2025-11-03,2026-09-30,False
0x694f6de9294eae43814a68c5607dda261784ad54,1e-18,2026-03-09,2026-03-09,False
0x682ea8aa9b23250e0e240580e8ae55205f612979,1e-18,2026-09-17,2026-09-18,False
0x11111605ef067242653c980b8f6f1ffe50305afe,1e-18,2026-09-17,2026-09-18,False
0x11111605b53ecef22726df86881e4d6d40b5ca11,1e-18,2026-07-27,2026-08-31,False
0x2c0552e5dcb79b064fd23e358a86810bc5994244,1e-18,2025-12-29,2026-08-14,False
0x4c3ccc98c01103be72bcfd29e1d2454c98d1a6e3,1e-18,2026-05-09,2026-06-04,False
0xf0bce3402ae1eadd15d6668ad22a11fcbbd9374b,1e-18,2026-07-03,2026-07-28,False
0xad3b67bca8935cb510c8d18bd45f0b94f54a968f,1e-18,2026-01-08,2026-10-01,False
0x099484399038aaccc3267baa168da639f6d19401,1e-18,2026-08-11,2026-08-11,False
0x0906a879ea0f66e3559f11b25b866dba247f9e63,1e-18,2026-03-19,2026-06-19,False
0x555f240e556788e65306754a0ba6e7a76c2ab59e,1e-18,2026-04-29,2026-04-29,False
0xcaca5f474de2f12c655586aa773da3908be3b8bb,1e-18,2026-01-22,2026-01-28,False
0x0cd6b09080000c0f34000058fc600c4d700d3001,1e-18,2026-04-18,2026-04-18,False
0x0b8a49d816cc709b6eadb09498030ae3416b66dc,1e-18,2026-07-13,2026-08-11,False
0x66ea19ca48e19c0537efb31959a4bdb7494efd05,1e-18,2026-09-17,2026-09-17,False
0x3a8a9844dfa52e7691322b56a478b59d9469d0c9,1e-18,2026-03-31,2026-07-02,False
0xd2b37ade14708bf18904047b1e31f8166d39612b,1e-18,2025-10-29,2026-01-18,False
0x3d8352a840e4651e23cb7b2178c961c504135d00,1e-18,2026-08-11,2026-08-11,False
0x63242a4ea82847b20e506b63b0e2e2eff0cc6cb0,1e-18,2025-10-27,2026-05-31,False
0x681878dc5abaa70d182b3e1c4d6a3fd1e16922c0,1e-18,2026-09-17,2026-09-18,False
0x8f10b468b06c6fd214b65f87778827f7d113f996,1e-18,2026-04-17,2026-10-02,False
0x8eb9368c8a19a2c556b6c89aa3dccedea6d66559,1e-18,2026-03-20,2026-03-20,False
0x8d64f9fbedaef6e91a70976f5a9e2b649b24e389,1e-18,2026-09-17,2026-09-18,False
0x8c864d0c8e476bf9eb9d620c10e1296fb0e2f940,1e-18,2025-12-10,2025-12-13,False
0xf239f47813129c8161e7f73e801760c87e5ea506,1e-18,2026-09-17,2026-09-17,False
0x4de4fccc14eab1d69890a49471a9d57b96dd725f,1e-18,2025-11-05,2026-08-02,False
0x00c600b30fb0400701010f4b080409018b9006e0,1e-18,2025-12-10,2026-04-11,False
0x009a8dbad7000f0000009b002d050058ca881b57,1e-18,2026-09-10,2026-09-17,False
