date,transfers,mint_count,burn_count,mint_volume,burn_volume,p2p_volume,issuance_count,issuance_volume,redemption_count,redemption_volume,internal_count,internal_volume,transfer_count,transfer_volume,unique_senders,unique_receivers,active_addresses,new_addresses,zeroed_addresses,resurrected_addresses,holders_gt0,circulating_supply,mean_balance,median_balance,gini,top10_share,top100_share,holders_ge1,holders_ge100,holders_ge1000,holders_ge10000,n_lt_1k,val_lt_1k,n_1k_10k,val_1k_10k,n_10k_100k,val_10k_100k,n_100k_1m,val_100k_1m,n_ge_1m,val_ge_1m,share_holders_lt10k
2025-06-03,1,1,0,100000000.0,0.0,0.0,0,0.0,0,0.0,0,0.0,0,0.0,0,0,0,0,0,0,0,0.0,,,,,,0,0,0,0,0,0.0,0,0.0,0,0.0,0,0.0,0,0.0,
2025-08-04,1,0,0,0.0,0.0,100000000.0,0,0.0,0,0.0,1,100000000.0,0,0.0,0,0,0,0,0,0,0,0.0,,,,,,0,0,0,0,0,0.0,0,0.0,0,0.0,0,0.0,0,0.0,
2025-08-18,2,0,0,0.0,0.0,6000.0,1,3000.0,1,3000.0,0,0.0,0,0.0,1,1,1,0,0,0,0,0.0,,,,,,0,0,0,0,0,0.0,0,0.0,0,0.0,0,0.0,0,0.0,
2025-09-26,1,1,0,300000000.0,0.0,0.0,0,0.0,0,0.0,0,0.0,0,0.0,0,0,0,0,0,0,0,0.0,,,,,,0,0,0,0,0,0.0,0,0.0,0,0.0,0,0.0,0,0.0,
2025-09-29,2,0,0,0.0,0.0,6000.0,1,3000.0,1,3000.0,0,0.0,0,0.0,1,1,1,0,0,0,0,0.0,,,,,,0,0,0,0,0,0.0,0,0.0,0,0.0,0,0.0,0,0.0,
2025-10-27,2049,0,0,0.0,0.0,16532821.271472892,284,9845451.0,18,1149678.0,0,0.0,1747,5537692.271472891,134,1040,1040,974,0,0,974,8695773.0,8927.898357289529,20.0,0.9554190900521692,0.6675147409809089,0.9355238182014008,956,305,260,103,714,22057.110263528688,157,508613.1305638221,94,2460546.0974488687,7,2556035.0000121812,2,3148521.6617115997,0.8942505133470225
2025-10-28,1522,0,0,0.0,0.0,22428635.51412346,211,6694555.0,14,54797.0,0,0.0,1297,15679283.51412346,166,614,637,499,7,0,1466,15335531.0,10460.798772169168,20.0,0.9489519791987937,0.5852046814524534,0.8913446499701428,1420,678,448,170,1018,50132.15952337584,278,916155.3291753484,153,4386322.594352695,14,4054496.383189356,3,5928424.533759225,0.8840381991814461
2025-10-29,1547,0,0,0.0,0.0,34344301.81456037,154,8355500.0,15,352149.0,0,0.0,1378,25636652.814560372,165,667,705,542,18,0,1990,23338882.0,11728.081407035175,20.0,0.9617726953633748,0.618553187361451,0.9032477734553321,1932,868,565,200,1425,63320.554823917664,365,1194436.6513229497,175,4929399.763318977,21,6298661.819834096,4,10853063.21070006,0.8994974874371859
2025-10-30,885,0,0,0.0,0.0,32101422.51879229,113,10890271.0,8,184732.0,0,0.0,764,21026419.51879229,150,290,322,169,16,0,2143,34044421.00000001,15886.337377508169,20.0,0.9662518453937864,0.6290153630337968,0.9161761387002018,2074,993,640,237,1503,72231.05500497279,403,1334938.8668550751,206,5789958.659202158,23,7020631.421214564,8,19826660.99772323,0.8894073728418106
2025-10-31,1215,0,0,0.0,0.0,91832470.36838154,108,8662820.0,9,2321209.0,0,0.0,1098,80848441.36838154,184,277,317,127,10,1,2261,40386032.0,17862.0221141088,29.47507052142791,0.9678471102547487,0.6482988995859112,0.9163278699297084,2179,1086,710,258,1551,76913.78505311988,452,1487748.9785632323,227,6367242.646722272,20,5271906.48541998,11,27182220.104241397,0.885891198584697
2025-11-01,1139,0,0,0.0,0.0,46151883.74557069,127,5507100.0,13,3588582.0,0,0.0,999,37056201.74557069,266,382,427,188,20,4,2433,42304550.0,17387.813399095765,79.99699682150992,0.9652348886611355,0.6436055461039253,0.9042584968667488,2322,1203,801,280,1632,84434.62554798208,521,1708873.7166120417,248,7223860.319344886,21,5059938.33306428,11,28227443.00543081,0.8849157418824497
2025-11-02,819,0,0,0.0,0.0,27799281.470922478,115,4631170.0,7,59000.0,0,0.0,697,23109111.470922478,215,318,365,151,23,1,2562,46876720.0,18296.924277907885,100.0,0.9648232405112634,0.6308987579301568,0.9002104175078519,2445,1319,883,302,1679,90066.28164485421,581,1910995.091441053,270,7902075.753088426,19,4399118.449985924,13,32574464.423839748,0.8821233411397346
2025-11-03,874,0,0,0.0,0.0,59091140.436841846,117,6914400.0,9,1427145.0,0,0.0,748,50749595.436841846,217,285,312,117,11,3,2671,52363975.0,19604.633096218644,100.0,0.9653869378923124,0.6352927110755159,0.8998793514360305,2534,1401,952,322,1719,92241.62436243358,630,2065231.2246773364,286,8120325.234609279,24,6819725.275910413,12,35266451.64044054,0.8794459004118308
2025-11-04,1023,0,0,0.0,0.0,99276717.13627759,131,9306142.0,5,3108363.0,0,0.0,887,86862212.13627759,218,301,339,128,7,1,2793,58561753.99999999,20967.330469029715,100.0,0.9651919654055006,0.6135572971970182,0.8954870249630777,2640,1500,1032,346,1761,99147.26171060675,686,2224833.995167342,304,8593907.868565887,28,7712873.371199502,14,39930991.50335666,0.8761188686000716
2025-11-05,1728,0,0,0.0,0.0,83400605.48385715,84,9642740.0,21,5581265.0,0,0.0,1623,68176600.48385715,211,256,306,94,24,1,2864,62623228.99999999,21865.65258379888,100.0,0.966867314016763,0.6223089351204912,0.8983753777078562,2694,1545,1061,352,1803,107014.01519057613,709,2267438.004526099,309,8600662.249277469,30,9677119.77820919,13,41970994.95279667,0.8770949720670391
2025-11-06,987,0,0,0.0,0.0,45714213.24138065,72,5079653.0,9,4462776.0,0,0.0,906,36171784.24138065,189,237,273,76,12,4,2932,63240106.0,21568.931105047748,100.0,0.9655260498026673,0.6003520538090256,0.8927153207862278,2756,1592,1091,362,1841,113482.73159025615,729,2332274.1968637654,314,8853401.896434624,34,9974619.654910872,14,41966327.52020048,0.8765347885402456
2025-11-07,1646,0,0,0.0,0.0,108897535.73255701,86,8697800.0,16,4625275.0,0,0.0,1544,95574460.73255701,233,281,320,83,22,4,2997,67312631.0,22460.003670337002,100.0,0.9661097408186223,0.6222834043818903,0.8907608005174652,2807,1638,1125,376,1872,119486.9897047455,749,2410743.0443079844,328,9436493.455149204,34,9458374.334256101,14,45887533.176581964,0.8745412078745413
2025-11-08,5602,0,0,0.0,0.0,63567339.183225475,63,4321938.0,15,5066225.570738909,0,0.0,5524,54179175.61248656,205,224,263,56,21,2,3034,66568343.4292611,21940.78557325679,100.0,0.9652582993749319,0.6264917537189691,0.8854350661481101,2837,1657,1141,383,1893,121105.90624743569,758,2440730.5639231596,334,9666395.435568703,36,9635593.30635739,13,44704518.217164405,0.8737640079103494
2025-11-09,1659,0,0,0.0,0.0,33101820.055145156,69,5479810.0,11,3451909.0,0,0.0,1579,24170101.055145156,182,210,246,64,10,3,3091,68596244.42926109,22192.24989623458,100.0,0.9655268435729055,0.6230181940703987,0.8848336643635955,2888,1690,1165,392,1926,125188.0546258836,773,2481296.0714519448,342,9852453.166051164,38,11400598.8128022,12,44736708.32432989,0.8731802005823358
2025-11-10,4669,0,0,0.0,0.0,40023072.885529146,107,6246300.0,12,2413272.0,0,0.0,4550,31363500.885529142,212,277,311,90,11,3,3173,72429272.4292611,22826.748323120424,100.0,0.9654769507936847,0.6419568051804758,0.8821346514469242,2958,1755,1220,413,1953,128600.5987657257,807,2603700.589652027,366,10686204.905599946,36,11514302.005008612,11,47496464.33023478,0.8698392688307596
2025-11-11,862,0,0,0.0,0.0,72251618.77464049,81,8524500.0,19,7718751.118291286,0,0.0,762,56008367.656349204,204,237,293,76,13,2,3238,73235021.31096981,22617.36297435757,100.0,0.9654490716581887,0.637090854906944,0.8812434738078625,3017,1813,1244,412,1994,134263.33918941952,832,2691199.649209603,362,10628213.608855968,36,9123982.377580808,14,50657362.33613401,0.8727609635577517
2025-11-12,36336,0,0,0.0,0.0,36328224.32524948,61,4688781.0,10,2250529.0,0,0.0,36265,29388914.325249474,364,26755,26807,26376,14,2,29602,75673273.31096983,2556.356776939728,200.0,0.924947376701432,0.5487729972647473,0.7988696226881262,29372,26850,1275,425,28327,6132690.060320877,850,2735163.0456823874,373,10987872.429006506,37,9290098.76826472,15,46527449.00769532,0.9856428619687859
2025-11-13,1429,0,0,0.0,0.0,22804586.44677457,80,4918700.0,8,2097654.0,0,0.0,1341,15788232.446774567,815,338,919,78,182,5,29503,78494319.31096981,2660.5538186275908,200.0,0.9295405457329932,0.5433339769491148,0.8048535171424255,28903,26357,1305,434,28198,6030029.35671193,871,2794044.083949473,380,10965242.624601254,36,8056372.566564218,18,50648630.67914293,0.985289631562892
2025-11-14,1357,0,0,0.0,0.0,61304620.95339926,82,9139449.0,9,2024115.0,0,0.0,1266,50141056.95339926,675,355,786,76,92,6,29493,85609653.31096981,2902.710924998129,200.0,0.9366401178254654,0.5629210076405124,0.8198184854983959,28592,26026,1321,439,28172,5962559.150298331,882,2852604.9044678407,382,10823669.29779137,38,8779347.6528462,19,57191472.30556607,0.985115112060489
2025-11-15,911,0,0,0.0,0.0,36920305.46377695,90,6901841.0,7,5738500.0,0,0.0,814,24279964.463776954,318,309,405,69,60,4,29506,86772994.3109698,2940.8592933969294,200.0,0.9372884313851264,0.5707857982998611,0.8143539350771953,28602,26031,1363,453,28143,5954512.08447278,910,2929570.196996879,394,11280499.232575249,42,10079619.968268683,17,56528792.82865621,0.9846471904019521
2025-11-16,795,0,0,0.0,0.0,52785774.03944961,72,5568000.0,20,5028668.0,0,0.0,703,42189106.03944961,241,285,337,61,28,7,29546,87312326.3109698,2955.1318727059434,200.0,0.9375131008297155,0.5641132032722138,0.8111192232908144,28629,26051,1399,462,28147,5950554.7550996225,937,3005254.744779203,402,11518576.069599658,42,9583904.661061358,18,57254036.080429964,0.9843633655994043
2025-11-17,797,0,0,0.0,0.0,38834555.14686398,89,8019723.0,14,4542769.0,0,0.0,694,26272063.146863982,283,278,371,65,57,8,29562,90789280.31096981,3071.1481060472843,200.0,0.9396582909251288,0.5616691881769155,0.8096802589791525,28640,26049,1443,478,28119,5940654.492654613,965,3102581.1025029947,417,12134952.78305332,44,11617550.565330043,17,57993541.367428824,0.983830593329274
2025-11-18,1105,0,0,0.0,0.0,66019781.40396214,82,8882800.0,9,3759109.0,0,0.0,1014,53377872.40396214,497,288,588,55,125,5,29497,95912971.31096981,3251.617836084002,200.0,0.9434280589722028,0.5777715160852559,0.8153516544513268,28427,25819,1470,488,28027,5890574.359379986,982,3169402.9181665424,424,12250194.191681383,47,12009123.416243635,17,62593676.42549826,0.9834559446723395
2025-11-19,35273,0,0,0.0,0.0,98376304.45397457,88,7819931.667218456,19,4048705.27760284,0,0.0,35166,86507667.50915328,335,33995,34066,22808,36,103,52372,99684197.70058544,1903.3872622887313,200.0,0.899237743920356,0.5483668339082172,0.7625413037776517,51289,49537,1481,495,50891,11475302.829363238,986,3181983.357465236,427,12213593.433123335,52,12149810.196882797,16,60663507.88375082,0.99054838463301
2025-11-20,1276,0,0,0.0,0.0,75032885.96004622,94,9112138.0,19,3366028.0,0,0.0,1163,62554719.960046224,367,334,472,70,109,6,52339,105430307.70058541,2014.3737499873023,200.0,0.9046620430551328,0.5551387053043395,0.7659808397879964,51256,49496,1520,508,50819,11458334.883278199,1012,3258607.5449518887,434,12555769.640754055,58,13629151.114860162,16,64528444.51674111,0.9902940445938975
2025-11-21,1423,0,0,0.0,0.0,46119613.07793811,96,10014154.0,14,4160238.0,0,0.0,1313,31945221.07793811,624,321,728,60,233,8,52174,111284223.70058542,2132.9440660211108,200.0,0.9101513899971161,0.5307155687424449,0.7610186136970893,50972,49196,1565,539,50609,11385719.664480262,1026,3315519.375823862,454,13393619.013305,67,16129094.29055462,18,67060271.356421694,0.9896691838846935
2025-11-22,1669,0,0,0.0,0.0,80689224.1951802,58,4806350.0,9,3546000.0,0,0.0,1602,72336874.1951802,392,255,480,40,66,5,52153,112544573.70058542,2157.9693152951013,200.0,0.9115307662841542,0.5189158318038822,0.7623096725139544,50936,49050,1585,547,50568,11351396.535574827,1038,3335629.142047791,462,13563730.902046904,67,17892654.76095924,18,66401162.35995666,0.9895116292447222
2025-11-23,1574,0,0,0.0,0.0,40692069.05509539,73,3121500.0,11,3298784.064296681,0,0.0,1490,34271784.990798704,609,309,691,40,170,3,52026,112367289.63628873,2159.8295013318098,200.0,0.9122690279053746,0.5311471354807116,0.7691494868190224,50789,48747,1582,535,50444,11290380.655938752,1047,3370833.0211253744,452,12978832.80022869,64,15602768.508367298,19,69124474.65062863,0.9897166801214777
2025-11-24,1054,0,0,0.0,0.0,28566461.444721624,68,4130275.0,7,2246738.0,0,0.0,979,22189448.444721624,500,276,587,37,241,10,51832,114250826.63628873,2204.252713310093,200.0,0.9141397465193276,0.5380198816566648,0.7735101397389567,50584,48508,1589,542,50243,11241602.500988599,1047,3381925.1581292665,460,13053126.100443853,63,15664046.012112416,19,70910126.8646146,0.9895431393733601
2025-11-25,1183,0,0,0.0,0.0,41271210.82316615,96,6099932.0,5,2186460.0,0,0.0,1082,32984818.823166143,536,304,635,51,283,4,51604,118164298.63628873,2289.8282814566455,200.0,0.9172503385932772,0.5317958493675582,0.7736197234502846,50352,48271,1621,548,49983,11185158.5265753,1073,3492163.2765071746,459,13172744.800503721,70,17134947.72454097,19,73179284.30816157,0.9893806681652585
2025-11-26,1664,0,0,0.0,0.0,79996202.97121619,105,6385500.0,16,4685351.0,0,0.0,1543,68925351.97121619,792,363,921,65,501,6,51174,119864447.63628875,2342.291938021041,200.0,0.9190691311612457,0.5109920249893536,0.7737488623823517,49913,47815,1637,560,49537,11091061.35067351,1077,3501961.7853153506,470,13526444.501632486,68,16414705.115989506,22,75330274.88267788,0.9890569429788565
2025-11-27,1703,0,0,0.0,0.0,103317608.61187339,60,6930923.299414579,21,5884132.0,0,0.0,1622,90502553.3124588,781,261,856,52,529,6,50703,120911238.9357033,2384.6959536063605,200.0,0.9207086109714369,0.5331242684021098,0.7788295915697385,49425,47284,1638,557,49065,10986313.110738823,1081,3493733.049076816,470,13561941.939402808,66,15479682.589879785,21,77389568.24660508,0.98901445673826
2025-11-28,1176,0,0,0.0,0.0,75924426.8100308,84,10297211.0,18,7551170.0,0,0.0,1074,58076045.8100308,441,264,518,40,126,9,50626,123657279.9357033,2442.564688810163,200.0,0.9227779089639658,0.5102774668386376,0.775856120476472,49338,47092,1659,572,48967,10944077.574168216,1087,3504644.462094886,479,13968300.419852367,71,18240544.004856106,22,76999713.47473174,0.9887014577489828
2025-11-29,1642,0,0,0.0,0.0,74137392.08654684,93,8568738.0,22,7598862.0,0,0.0,1527,57969792.08654684,793,315,878,50,125,14,50565,124627155.93570332,2464.692098006592,200.0,0.9246524552545479,0.517893130641034,0.7793331865319773,49267,46617,1681,573,48884,10844518.689498503,1108,3604512.529437323,479,13652046.15297819,73,19575574.87865883,21,76950503.68513046,0.9886680510234351
2025-11-30,1116,0,0,0.0,0.0,91994984.75160162,66,7520200.0,24,9482454.0,0,0.0,1026,74992330.75160162,298,296,383,43,52,9,50565,122664901.93570332,2425.885532200204,200.0,0.9234185133679783,0.5064516509559559,0.7724403272696614,49264,46610,1693,578,48872,10841272.438090641,1115,3626959.7591867256,483,13945352.742710352,74,19572256.42136651,21,74679060.57434909,0.9885691683971126
2025-12-01,1858,0,0,0.0,0.0,104822565.78222254,98,9176840.0,29,9107055.51158551,0,0.0,1731,86538670.27063702,658,407,792,85,325,8,50333,122734686.4241178,2438.4536273243757,200.0,0.9238125448724313,0.49582725418331086,0.7715105695838271,49017,46341,1722,592,48611,10785395.172692807,1130,3697527.9559669597,504,14760655.464694489,64,16988450.4475554,24,76502657.38320816,0.9882383327041901
2025-12-02,1480,0,0,0.0,0.0,80382692.44596091,86,11067300.0,17,5801588.0,0,0.0,1377,63513804.44596092,629,369,760,74,359,5,50053,128000398.42411782,2557.2972334149367,200.0,0.9272115044141882,0.48934769392082106,0.7705757300640445,48738,46035,1753,610,48300,10720269.405725017,1143,3768620.4955306174,509,14777507.762299433,77,21167861.48316154,24,77566139.27740121,0.987812918306595
2025-12-03,1889,0,0,0.0,0.0,31361374.50934515,64,5497830.0,16,4094036.103964951,0,0.0,1809,21769508.4053802,1283,293,1376,45,1055,7,49050,129404192.32015285,2638.2098332345126,200.0,0.9293377938198348,0.4837114468648543,0.7724581315631965,47739,45028,1778,618,47272,10513731.023592297,1160,3794248.7695062226,518,15136891.910984505,74,21024443.46191965,26,78934877.15415019,0.9874006116207951
2025-12-04,1457,0,0,0.0,0.0,103152868.03287038,60,6242000.0,19,5845957.0,0,0.0,1378,91064911.03287038,738,323,825,51,447,8,48662,129800235.32015286,2667.383899555153,200.0,0.930356900374938,0.5126483075650302,0.7816033174836603,47344,44596,1764,601,46898,10431683.169649273,1163,3805568.4771798793,510,15010689.136932455,67,19081570.374208678,24,81470724.16218257,0.9876495006370474
2025-12-05,1946,1,0,285000000.0,0.0,93483969.18902457,87,8251374.0,13,3210739.19631017,0,0.0,1845,82021855.99271439,1227,354,1326,47,931,16,47794,134840870.1238427,2821.292842696629,200.0,0.933980614523017,0.5069988107198619,0.7820957474984581,46467,43720,1791,621,46003,10251955.203009885,1170,3808231.965264814,523,15522211.84271872,74,20965069.20901616,24,84293401.9038331,0.9870067372473532
2025-12-06,1369,0,0,0.0,0.0,44620977.736842506,56,4071370.0,17,5449141.0,0,0.0,1296,35100466.736842506,702,297,801,53,350,6,47503,133463099.12384269,2809.5720085856196,200.0,0.9340279787914979,0.5102720629263883,0.7788255349607279,46168,43305,1795,625,45708,10167995.590316221,1170,3813675.951933264,523,15336956.99057446,78,21124204.10430614,24,83020266.4867126,0.9868429362356061
2025-12-07,1117,0,0,0.0,0.0,31028570.35786975,57,2882674.0,10,5622013.0,0,0.0,1050,22523883.35786975,633,283,727,31,387,11,47158,130723760.12384267,2772.0378328988227,200.0,0.9331697620627669,0.4963555917443713,0.7743381214355939,45815,42933,1800,631,45358,10091734.694838118,1169,3837349.123824736,530,15470285.16747673,77,21123655.473863628,24,80200735.66383947,0.9866194495101573
2025-12-08,1527,0,0,0.0,0.0,36425108.99784094,72,5665706.0,15,6814191.0,0,0.0,1440,23945211.99784094,1005,295,1084,41,701,3,46501,129575275.12384269,2786.505131585185,200.0,0.9335932384372259,0.4896574719339273,0.7689257071228954,45149,42208,1818,638,44683,9941676.407231199,1180,3868392.440583133,535,15831275.176183794,78,20642594.91735347,25,79291336.1824911,0.9862798649491409
2025-12-09,1807,0,0,0.0,0.0,36031480.095268704,59,5134150.0,12,3737304.0,0,0.0,1736,27160026.095268704,1338,286,1437,37,935,6,45609,130972121.12384272,2871.628869824875,200.0,0.9360801458265516,0.5011652212740281,0.771869971308435,44246,41105,1825,636,43784,9720582.31269881,1189,3894589.534546136,532,15863151.856518166,80,20883950.285109334,24,80609847.13497025,0.9860553838058278
2025-12-10,1667,0,0,0.0,0.0,50482722.29263211,62,8746000.0,15,3420012.0,0,0.0,1590,38316710.29263211,1059,281,1124,26,436,7,45206,136298109.1238427,3015.0446649524993,200.0,0.9400353642813505,0.5094518431170388,0.7782530074904915,43835,40322,1823,643,43383,9566391.039403163,1180,3860793.9359155702,532,15664868.699991945,86,21704255.009942077,25,85501800.43858992,0.9857762243949918
2025-12-11,2042,0,0,0.0,0.0,90492397.71351089,63,6929080.0,14,3928550.0026001334,0,0.0,1965,79634767.71091075,1157,318,1230,47,882,4,44375,139298639.12124258,3139.124261887157,200.0,0.942351431423055,0.4912686115392444,0.7830004086451614,43005,39484,1833,642,42542,9394637.207263064,1191,3902906.3812201153,529,15586986.490754735,87,21930697.822384614,26,88483411.21962003,0.9855323943661972
2025-12-12,1842,0,0,0.0,0.0,57809795.39339052,70,9318597.61555046,12,4468838.0,0,0.0,1760,44022359.77784006,1099,308,1164,32,825,8,43590,144148398.736793,3306.9144009358342,200.0,0.9451689541011321,0.49641360394092543,0.788178527799726,42216,38690,1840,646,41750,9235082.211684665,1194,3932073.676121368,529,15535233.284366949,89,23533705.45645799,28,91912304.10816203,0.9851800871759578
2025-12-13,1752,0,0,0.0,0.0,24611634.42919885,55,4241050.0,11,1674501.0,0,0.0,1686,18696083.42919885,1164,236,1228,23,956,10,42667,146714947.73679298,3438.6047234816833,200.0,0.9471226518288215,0.49224717694666353,0.7894244356962046,41293,37763,1855,659,40812,9045927.109197082,1196,3917037.111658599,539,15752222.660211064,91,24268518.28769099,29,93731242.56803527,0.9845548081655612
2025-12-14,1305,0,0,0.0,0.0,44789629.109472245,59,3152500.0,11,4477462.0,0,0.0,1235,37159667.109472245,839,273,926,44,611,4,42104,145389985.73679298,3453.115754721475,200.0,0.9474108157089752,0.4970913663048285,0.7904423197763505,40719,37178,1858,649,40246,8930615.371924851,1209,3971623.7989474246,532,15731878.816615611,89,23343169.96749039,28,93412697.78181474,0.9845857875736272
2025-12-15,1979,0,0,0.0,0.0,55147963.597591475,89,5771104.0,11,3087000.0,0,0.0,1879,46289859.597591475,1164,344,1252,48,871,7,41288,148074089.73679304,3586.3710941870045,200.0,0.9492627596603836,0.4942643623156173,0.7934757295322101,39896,36350,1876,658,39412,8761501.681727968,1218,3969281.019161108,540,15922860.022227436,90,23210418.330576506,28,96210028.6831,0.9840631660530905
2025-12-16,2068,0,0,0.0,0.0,65377567.83417796,71,7107500.0,14,5609598.0,0,0.0,1983,52660469.83417796,1384,312,1466,58,1129,6,40223,149571991.73679304,3718.5687725130656,200.0,0.9510972898502629,0.4917219589687029,0.7996868614478192,38821,35242,1866,653,38357,8545277.028262869,1213,3936539.509363153,535,15536818.24771047,91,26422294.72137248,27,95131062.23008403,0.9837655072968202
2025-12-17,1176,0,0,0.0,0.0,94867756.16955066,58,5658000.0,11,6328983.0,0,0.0,1107,82880773.16955066,474,304,549,33,201,5,40060,148901008.736793,3716.9497937292313,200.0,0.9510471563647537,0.48472602649753344,0.7966684921707154,38650,35066,1869,651,38191,8510736.782624412,1218,3973215.3864096613,530,15475410.177795637,93,26559401.29954405,28,94382245.09041923,0.9837493759360959
2025-12-18,1240,0,0,0.0,0.0,34880798.85971158,49,5088565.198910303,17,5854916.0,0,0.0,1174,23937317.66080128,820,262,893,27,593,8,39502,148134657.93570334,3750.054628517628,200.0,0.9514367277874685,0.48921874117456327,0.7969300556546369,38096,34508,1876,651,37626,8400006.373888314,1225,3989600.4859707495,529,15214103.421745893,93,25090133.490509987,29,95440814.16358837,0.9835198217811756
2025-12-19,1450,0,0,0.0,0.0,62043911.27768863,69,6637161.0,14,3562958.0,0,0.0,1367,51843792.27768863,703,339,791,31,424,13,39122,151208860.93570328,3865.05958119992,200.0,0.9528117114452493,0.5096478820896679,0.7993808156106328,37713,34123,1891,660,37231,8318027.126678571,1231,4029468.2654441632,536,15362252.904014742,96,25843804.0514885,28,97655308.58807734,0.9831296968457646
2025-12-20,1190,0,0,0.0,0.0,55685046.72061674,50,3004725.0,12,2716538.0,0,0.0,1128,49963783.72061674,645,266,702,22,403,11,38752,151497047.93570334,3909.3994615943266,200.0,0.9533937148202171,0.5099766940993343,0.8006009869753121,37334,33731,1886,654,36866,8239555.396318072,1232,4018361.823045752,529,15055025.052938882,98,27659573.517303426,27,96524532.14609718,0.9831234516928159
2025-12-21,1069,0,0,0.0,0.0,49292927.95679848,55,6160000.0,14,2520010.0,0,0.0,1000,40612917.95679848,514,264,570,24,266,13,38523,155137037.9357033,4027.127636365374,200.0,0.9546825756273826,0.5006842805282038,0.8045193647857561,37095,33488,1899,656,36624,8189290.792745408,1243,4102228.5750750927,530,15062064.550961424,97,27376791.774633344,29,100406662.24228804,0.9829712120032189
2025-12-22,1439,0,0,0.0,0.0,45267630.471517645,75,4838000.0,16,5160659.0,0,0.0,1348,35268971.471517645,921,262,999,29,697,9,37864,154814378.93570328,4088.6958307548934,200.0,0.9552333433607263,0.49168497206918665,0.8009375927448757,36427,32816,1913,669,35951,8053264.072601569,1244,4057435.4340162477,542,15459797.569632858,98,27573498.964400284,29,99670382.89505236,0.9823315022184661
2025-12-23,1489,0,0,0.0,0.0,79122976.90001954,57,5524761.0,24,8764448.0,0,0.0,1408,64833767.90001955,774,402,941,131,502,5,37498,151574691.93570328,4042.2073693451193,200.0,0.9548600893966888,0.4786631412728365,0.7941316565284349,36059,32349,1912,668,35586,7960265.4876453,1244,4037973.391449485,538,15549049.004874453,100,27526309.19576495,30,96501094.85596912,0.9821857165715505
2025-12-24,1440,0,0,0.0,0.0,36264548.9546056,71,3160500.0,26,7121515.0,0,0.0,1343,25982533.954605598,728,386,855,67,415,17,37167,147613676.93570334,3971.6328177066575,200.0,0.9540632216334834,0.4690412477725287,0.7884043529451951,35724,31967,1928,685,35239,7880268.960682055,1243,4033585.4612232037,556,15808113.614823261,100,27704419.006605063,29,92187289.89236973,0.9815696720208787
2025-12-25,1527,0,0,0.0,0.0,65712835.11105504,80,8103242.0,20,6583123.0,0,0.0,1427,51026470.11105504,726,344,845,61,443,5,36790,149133795.9357033,4053.650338018573,200.0,0.9549950111915103,0.46767130980306576,0.7914028548470778,35340,31573,1933,673,34857,7798730.268422637,1260,4069100.23934408,540,15280281.880159754,104,28228009.06576252,29,93757674.48201431,0.9817069855939113
2025-12-26,1367,0,0,0.0,0.0,63410040.53149042,90,8833862.0,17,6705066.0,0,0.0,1260,47871112.53149042,646,320,749,49,388,10,36461,151262591.93570334,4148.613365944525,200.0,0.9559529982987439,0.48769949782968947,0.7906902906042904,35001,31221,1941,681,34520,7730364.158718054,1260,4061149.4628509227,544,15402434.84663097,110,30167548.377900083,27,93901095.08960328,0.9813225089822002
2025-12-27,858,0,0,0.0,0.0,29688399.602240685,58,4770600.0,15,2718682.0875326674,0,0.0,785,22199117.51470802,341,285,414,45,87,3,36422,153314509.84817067,4209.392945147732,200.0,0.9566736272286743,0.4970551733626969,0.7972769206425895,34959,31162,1943,681,34479,7715780.757586094,1262,4057907.744634431,547,15306568.324422423,106,28898077.78778479,28,97336175.23374291,0.9813025094722969
2025-12-28,812,0,0,0.0,0.0,52539484.39477746,47,2978500.0,19,3437877.0,0,0.0,746,46123107.39477746,288,264,370,49,63,8,36416,152855132.84817064,4197.471793941417,200.0,0.9567047635661705,0.504007296433031,0.8002678736394518,34945,31113,1943,677,34473,7705831.768963851,1266,4065366.3532503136,547,15287522.705120955,102,27625904.80597371,28,98170507.21486181,0.9814092706502636
2025-12-29,884,0,0,0.0,0.0,47530675.59044126,87,9490390.0,13,2019962.0,0,0.0,784,36020323.59044126,283,307,371,40,30,13,36439,160325560.84817064,4399.834266806735,200.0,0.9585720846998109,0.5116692860834258,0.8037879480057639,34973,31119,1959,688,34480,7707308.168671372,1271,4101217.1482228413,553,15451468.334409911,107,28911496.631910577,28,104154070.56495595,0.9811191306018278
2025-12-30,796,0,0,0.0,0.0,39146045.84368087,51,3036300.0,16,3913657.0,0,0.0,729,32196088.84368087,331,276,380,22,70,6,36397,159448203.8481706,4380.8062161214,200.0,0.9583901323096922,0.4901205839591194,0.8039822120153466,34923,31071,1954,690,34443,7698453.2623508405,1264,4083721.66776687,556,15542897.713744123,104,27828986.915167652,30,104294144.28914116,0.9810423936038685
2025-12-31,718,0,0,0.0,0.0,41409162.078292064,17,2132000.0,13,4494422.056410257,0,0.0,688,34782740.021881804,250,186,299,18,77,2,36340,157085781.79176039,4322.668733950479,200.0,0.9578069434039089,0.46182573490036766,0.8007474730054043,34862,31011,1964,689,34376,7681878.502091932,1275,4101969.8712794376,556,15603311.594260018,103,28068946.24086303,30,101629675.58326596,0.9810401761144744
2026-01-01,1265,0,0,0.0,0.0,143868238.90157527,93,9910500.0,16,4895221.434092962,0,0.0,1156,129062517.4674823,591,289,670,33,357,17,36033,162101060.35766745,4498.683439005008,200.0,0.959242271203164,0.4840433666292041,0.8008633701394599,34557,30706,1990,701,34043,7618056.413841867,1289,4158938.4938208614,561,15674254.667658387,109,30094882.26268522,31,104554928.5196611,0.9805456109677241
2026-01-02,1094,0,0,0.0,0.0,35872715.02674909,34,2999925.0,7,4105918.0,0,0.0,1053,28766872.02674909,608,230,662,20,383,8,35678,160995067.35766742,4512.446531690885,200.0,0.9593987017118869,0.492250088140985,0.8039447873807403,34203,30342,1995,695,33683,7544173.41387158,1300,4186859.159772117,560,15558304.603666635,105,30138395.464266356,30,103567334.71609074,0.9805202085318684
2026-01-03,584,0,0,0.0,0.0,35523113.64651228,39,4863000.0,12,4913251.0,0,0.0,533,25746862.646512277,247,206,317,32,85,4,35629,160944816.35766745,4517.2420319870735,200.0,0.9593997294678823,0.487868994894802,0.8032477413532482,34146,30288,2008,701,33621,7528819.894367253,1307,4195352.844900823,567,15853465.618241731,103,29238229.940170273,31,104128948.05998734,0.9803250161385388
2026-01-04,764,0,0,0.0,0.0,42533934.0256805,67,4537900.0,27,5061877.0,0,0.0,670,32934157.0256805,326,264,376,31,84,8,35584,160420839.35766745,4508.229523315745,200.0,0.9593542242729213,0.4929890212974964,0.8028932768139982,34098,30233,2013,704,33571,7516077.510598067,1309,4173554.2590551246,569,15742120.892712906,105,29149425.928323254,30,103839660.76697807,0.9802158273381295
2026-01-05,906,0,0,0.0,0.0,47252777.257963106,83,7321205.0,31,6240389.0,0,0.0,792,33691183.257963106,300,355,420,34,31,12,35599,161501655.35766742,4536.6907878779575,200.0,0.9594941849823376,0.47803689255870196,0.8003932284794433,34107,30237,2029,711,33570,7515858.056925435,1318,4199477.899252604,572,15897386.32909299,109,31533505.32326348,30,102355427.74913293,0.9800275288631703
2026-01-06,1168,0,0,0.0,0.0,123907390.60246973,114,9303309.0,30,9591091.0,0,0.0,1024,105012990.60246973,386,391,461,36,50,9,35594,161213873.35766745,4529.242944250926,200.0,0.959389632805516,0.481202944175849,0.7990550736445682,34097,30233,2050,721,33544,7508343.443756242,1329,4237593.253149748,583,16166845.833457643,111,31602829.43771692,27,101698261.38958688,0.9797437770410743
2026-01-07,1242,0,0,0.0,0.0,76988232.29152915,85,11129300.0,15,4097549.30116,0,0.0,1142,61761382.99036914,562,337,642,34,275,11,35364,168245624.0565074,4757.539420215683,200.0,0.9613114397464041,0.5015376391136451,0.810032862028523,33855,29994,2060,716,33304,7460089.443916848,1344,4301097.439822351,582,16287524.02129782,107,31125588.67319539,27,109071324.47827502,0.9797534215586472
2026-01-08,1171,0,0,0.0,0.0,106698118.81153473,77,15107465.143942924,25,7531269.0,0,0.0,1069,84059384.66759181,453,400,607,73,165,11,35283,175821820.20045036,4983.187943214873,200.0,0.9628095629500355,0.5021677572451331,0.8133781810730409,33770,29899,2109,761,33174,7429656.535191404,1348,4346875.22889607,622,16412321.600160547,110,31559618.86014886,29,116073347.97605346,0.9784315392682028
2026-01-09,923,0,0,0.0,0.0,72568631.42034434,76,12231100.0,28,10205484.0,0,0.0,819,50132047.42034434,342,306,436,53,91,11,35256,177847436.20045036,5044.458707750464,200.0,0.963137579682237,0.49892514476273847,0.8095501820242059,33738,29858,2141,769,33115,7413028.077896352,1372,4384338.738135145,623,16637751.768010065,116,31527032.247109897,30,117885285.36929889,0.9781881098252779
2026-01-10,1120,0,0,0.0,0.0,43585103.638663255,52,4815905.0,22,5117693.0,0,0.0,1046,33651505.638663255,571,279,636,28,318,4,34970,177545648.20045036,5077.084592520742,200.0,0.9633946884431112,0.49620654588327034,0.8131754278941221,33440,29555,2148,758,32822,7350359.292863011,1390,4414510.7911780495,616,16425453.52361329,112,32826769.84539708,30,116528554.74739891,0.9783242779525307
2026-01-11,1052,0,0,0.0,0.0,41199491.68557787,58,3273000.0,20,6592961.689148386,0,0.0,974,31333529.996429484,449,294,531,36,205,6,34807,174225686.511302,5005.478395475106,200.0,0.9627286915972539,0.485868733251658,0.8069688128043359,33273,29397,2176,769,32631,7313154.617385965,1407,4451079.974473143,626,16651108.733550992,114,33910848.67075415,29,111899494.5151377,0.9779067428965438
2026-01-12,1076,0,0,0.0,0.0,84130610.29859078,88,6139434.0,29,7286133.0,0,0.0,959,70705043.29859078,355,322,422,36,78,5,34770,173078987.51130193,4977.825352640262,200.0,0.9625128101738664,0.4701604821488606,0.807229599184063,33234,29356,2183,770,32587,7305726.7275352515,1413,4490102.740749625,629,16688053.263377376,111,31447750.804772764,30,113147353.97486694,0.9778544722461893
2026-01-13,1213,0,0,0.0,0.0,80212350.54842156,88,11340117.0,29,4411304.0,0,0.0,1096,64460929.54842156,424,430,578,49,116,18,34721,180007800.511302,5184.4071458570315,200.0,0.9634967503919624,0.44276588237457,0.8047630596576596,33180,29293,2272,853,32449,7270659.872407196,1419,4548361.271716448,708,17810368.069205154,111,31113817.818045724,34,119264593.47992747,0.9754327352322801
2026-01-14,1048,0,0,0.0,0.0,102246108.02983114,80,11701500.0,34,13465929.0,0,0.0,934,77078679.02983114,417,330,504,33,125,16,34645,178243371.511302,5144.851248702612,200.0,0.9631832533918897,0.43216190731608856,0.801178917431995,33097,29215,2277,848,32368,7257634.619481333,1429,4576219.406386027,701,17840379.722556934,114,32089057.654492795,33,116480080.10838489,0.9755231635156588
2026-01-15,1723,0,0,0.0,0.0,94952067.7244331,87,13036313.30116,23,6414225.0,0,0.0,1613,75501529.42327309,419,911,1067,604,118,11,35142,184865459.81246197,5260.527568506686,200.0,0.9650446511360007,0.44647289185726546,0.8075673962115347,33037,29145,2292,854,32850,7242038.316306796,1438,4602142.861874689,710,18301602.344260678,110,32186065.975491725,34,122533610.3145281,0.9756985942746571
2026-01-16,1293,0,0,0.0,0.0,151543372.79225597,93,17659326.0,21,6471658.0,0,0.0,1179,127412388.79225597,556,339,634,41,244,2,34941,196053127.81246197,5610.97644064171,200.0,0.9671641465374818,0.4691679556639279,0.819613995143162,32825,28933,2305,855,32636,7194537.433986089,1450,4648757.770522153,713,18373887.265771452,106,30447542.336245175,36,135388403.0059371,0.9755301794453507
2026-01-17,873,0,0,0.0,0.0,87603625.60144357,60,9110000.0,24,12224562.0,0,0.0,789,66269063.60144357,323,286,385,31,55,9,34926,192938565.81246197,5524.210210515432,200.0,0.9665546039043789,0.4608174594999303,0.8127863919343942,32810,28907,2314,868,32612,7188116.016531162,1446,4632812.411939092,724,18819767.48860369,108,32406563.2076548,36,129891306.68773322,0.975147454618336
2026-01-18,895,0,0,0.0,0.0,60357886.94031914,64,6234300.0,20,6059769.0,0,0.0,811,48063817.94031914,315,283,368,26,51,5,34906,193113096.81246197,5532.375431514983,200.0,0.9665658012576465,0.45311335360659843,0.8115018149036783,32787,28880,2326,874,32580,7177791.348012038,1452,4636457.999268031,726,18590058.427501038,112,32977124.58352104,36,129731664.45415983,0.9749613247006246
2026-01-19,1129,0,0,0.0,0.0,62007453.56922724,98,9118800.0,22,5935808.46657,0,0.0,1009,46952845.102657236,305,387,450,104,29,8,34989,196296088.34589195,5610.222879930606,200.0,0.9670157169310508,0.4476899855080264,0.8100462566873399,32861,28893,2345,885,32644,7176541.903230479,1460,4679436.397725911,733,18693560.32245054,115,34661691.34004913,37,131084858.3824359,0.9747063362771157
2026-01-20,1192,0,0,0.0,0.0,87474283.52992396,88,12016503.0,25,8045609.0,0,0.0,1079,67412171.52992396,393,387,549,104,122,6,34977,200266982.34589195,5725.676368639161,200.0,0.9676762709890758,0.43310282847510945,0.8087923116676697,32846,28813,2357,884,32620,7158893.644611007,1473,4705607.736868726,727,18674964.006254595,119,36221501.81521837,38,133506015.14293925,0.9747262486777025
2026-01-21,1175,0,0,0.0,0.0,95082560.4130664,87,10660084.0,44,17223978.11932588,0,0.0,1044,67198498.29374053,428,324,509,45,127,13,34908,193703088.22656608,5548.959786483501,200.0,0.9667433403648942,0.4426226660318586,0.804325690361083,32771,28722,2350,873,32558,7144606.717685294,1477,4736512.240111167,718,18443044.973067615,116,35196584.11799986,39,128182340.17770213,0.974991405981437
2026-01-22,1038,1,0,345000000.0,0.0,72374890.93136463,92,11124362.275044266,38,13774000.094033608,0,0.0,907,47476528.56228675,295,316,389,55,27,7,34943,191053450.40757674,5467.574347010181,200.0,0.9663699626203333,0.4493988434554389,0.8057752836558085,32809,28728,2357,873,32586,7145126.268685408,1484,4731839.143560385,724,18594276.682471387,113,35983716.281020254,36,124598492.03183933,0.9750164553701742
2026-01-23,1711,0,0,0.0,0.0,175365448.46052507,124,13363517.0,38,16008625.0,0,0.0,1549,145993306.46052507,510,524,655,135,97,11,34992,188408342.40757674,5384.3262004908765,200.0,0.9657937207124608,0.4767461368494157,0.7994500201253586,32847,28730,2420,892,32572,7137808.723459513,1528,4796598.062598939,743,19366971.242767543,116,35971302.29435894,33,121135662.0843918,0.9745084590763603
2026-01-24,1423,0,0,0.0,0.0,121869348.13859384,102,11591234.0,26,8140168.0,0,0.0,1295,102137946.13859384,525,416,656,84,190,12,34898,191859408.40757677,5497.719307913828,200.0,0.9663724400779217,0.44285787164807877,0.801960710016261,32748,28619,2458,902,32440,7108341.787550002,1556,4840203.387403126,752,19583924.983807236,116,34559989.95726089,34,125766948.2915555,0.97415324660439
2026-01-25,1088,0,0,0.0,0.0,52447660.36050758,76,8283506.0,27,5139746.0,0,0.0,985,39024408.36050758,342,329,448,65,37,7,34933,195003168.40757674,5582.205032707661,200.0,0.9668398908549083,0.4449892507650116,0.8032737057536888,32770,28625,2479,901,32454,7106735.896077326,1578,4946285.5448681535,751,19564624.83666863,116,36373552.94298902,34,127011969.18697362,0.9742077691581027
2026-01-26,1448,0,0,0.0,0.0,161340863.2094001,92,12660021.0,37,7389490.3,0,0.0,1319,141291351.90940008,375,374,457,58,36,6,34961,200273699.10757676,5728.488862091381,200.0,0.9677131497181365,0.4604865607774241,0.8079683769503088,32784,28626,2478,904,32483,7108945.144025251,1574,4932070.534495048,754,19593267.43958257,116,36983875.99662484,34,131655539.99284902,0.9741426160578931
2026-01-27,1409,0,0,0.0,0.0,109819696.65328316,104,11942481.0,25,6187701.0,0,0.0,1280,91689514.65328316,366,386,464,50,31,12,34992,206028479.10757673,5887.873774222015,200.0,0.968524750617708,0.4663085077967019,0.8087126563911661,32815,28631,2493,910,32499,7105786.462948517,1583,4947390.812968433,758,20091034.648225244,119,38265543.00852149,33,135618724.17491305,0.9739940557841792
2026-01-28,1585,0,0,0.0,0.0,162717925.48626906,94,12301356.0,30,6913662.0,0,0.0,1461,143502907.48626906,348,380,475,73,44,17,35038,211416173.10757673,6033.910985432294,200.0,0.9692435313691399,0.44578382712024867,0.8116128331192675,32850,28637,2500,910,32538,7111948.022367496,1590,4964640.382240406,756,19963112.42688966,117,38089562.29359171,37,141286909.98248747,0.9740281979565044
2026-01-29,1921,0,0,0.0,0.0,96402077.18181819,103,11428082.0,43,12435036.095474806,0,0.0,1775,72538959.08634338,457,604,721,160,38,8,35168,210409219.01210192,5982.973698023826,200.0,0.9689570152793292,0.4509585723975667,0.8107454614485884,32972,28734,2537,912,32631,7142146.764872634,1625,5096947.78549376,760,20022818.1719288,116,38544670.23109745,36,139602636.05870932,0.9740673339399454
2026-01-30,1938,0,0,0.0,0.0,115225461.54038028,129,13247837.394033607,26,7718054.0,0,0.0,1783,94259570.14634667,544,511,718,107,157,12,35130,215939002.40613553,6146.854608771293,200.0,0.9696484872958296,0.45961890472553896,0.8108434963648059,32941,28674,2553,927,32577,7136838.476663384,1626,5112736.2251055725,770,20221142.371634442,121,40093703.503426984,36,143374581.82930514,0.9736122971818958
2026-01-31,1527,0,0,0.0,0.0,108936560.09059933,96,10485053.0,35,13701619.0,0,0.0,1396,84749888.09059933,448,449,630,125,141,5,35119,212722436.40613556,6057.189453177356,200.0,0.9691994438114062,0.43150657914821666,0.8052160009305018,32920,28600,2557,931,32562,7130134.23980132,1626,5119123.360682278,769,20072755.61327186,124,40124541.50134908,38,140275881.691031,0.9734901335459438
2026-02-01,2512,0,0,0.0,0.0,106349164.18741068,104,10788178.0,17,6081779.601666087,0,0.0,2391,89479206.58574459,1069,476,1233,122,718,10,34533,217428834.8044695,6296.26255478729,200.0,0.9703056844762037,0.446093618438444,0.8091879402262818,32334,27953,2569,931,31964,7006803.350648708,1638,5131499.1809306275,765,19650972.38274727,128,40641608.89119948,38,144997950.9989434,0.9730402803115861
2026-02-02,2270,0,0,0.0,0.0,153452553.39326033,118,11013000.0,21,6366493.0,0,0.0,2131,136073060.39326033,671,568,887,129,264,14,34412,222075341.80446947,6453.427345242051,200.0,0.9708778246265943,0.4354095047112829,0.806874944489336,32219,27777,2595,933,31817,6973717.13843169,1662,5266129.280673601,763,19851604.22419583,130,41491058.29760076,40,148492832.8635676,0.9728873648727189
2026-02-03,2315,0,0,0.0,0.0,118191422.58655336,141,16194174.0,34,10612497.0,0,0.0,2140,91384751.58655336,463,488,621,96,87,11,34432,227657018.8044694,6611.786094460659,200.0,0.9715063001068164,0.4359522901192134,0.8093058358198403,32232,27777,2611,932,31821,6981624.644390086,1679,5323805.124342984,759,19742893.539636374,129,40420014.52731339,44,155188680.96878666,0.972932156133829
2026-02-04,2076,0,0,0.0,0.0,123096169.60306042,136,15603371.601666087,31,10062324.259897722,0,0.0,1909,97430473.74149662,527,424,660,69,194,20,34327,233198066.14623785,6793.4298408319355,200.0,0.9721532674088617,0.45207465058085683,0.8105606605393842,32123,27663,2632,938,31695,6960459.984257397,1694,5409983.737460609,759,19456851.589674495,136,42154637.09945321,43,159216133.73539212,0.9726745710373759
2026-02-05,1580,0,0,0.0,0.0,103304868.66597345,130,11176606.0,30,10751066.0,0,0.0,1420,81377196.66597345,498,397,648,91,216,17,34219,233623606.14623785,6827.3066467821345,200.0,0.9721636671857559,0.43161259316483075,0.8104915785581875,32008,27542,2668,953,31551,6933677.09809673,1715,5477054.413783365,773,19835096.659929767,138,40901902.39157461,42,160475875.58285335,0.9721499751599988
2026-02-06,1967,0,0,0.0,0.0,142786417.3314152,131,20359500.0,20,6909870.0,0,0.0,1816,115517047.33141519,385,447,549,100,57,13,34275,247073236.14623785,7208.555394492716,200.0,0.9734131954256826,0.43199173274805597,0.8132073872972517,32067,27584,2717,964,31558,6935643.590017792,1753,5548834.263603054,780,20402814.04233338,139,42057186.10062155,45,172128758.14966205,0.9718745441283735
2026-02-07,1397,0,0,0.0,0.0,77361854.84970212,73,8485100.0,19,5591126.0,0,0.0,1305,63285628.84970212,314,517,625,263,63,5,34480,249967210.14623782,7249.629064566062,200.0,0.9740290069617025,0.4473549184496142,0.8213908307639552,32111,27555,2706,958,31774,6939397.997477576,1748,5518245.323533272,779,20168488.023241386,135,40266187.003105715,44,177074891.7988799,0.972215777262181
2026-02-08,1179,0,0,0.0,0.0,60729407.87035919,99,6421000.0,17,3996833.0,0,0.0,1063,50311574.87035919,310,323,390,49,22,11,34518,252391377.14623785,7311.877198743781,200.0,0.9742436267850684,0.4493106344867278,0.820763090348774,32138,27569,2711,958,31807,6946559.563472919,1753,5537425.88905018,776,20006876.533405673,139,41267250.91133783,43,178633264.24897122,0.9722463642157715
2026-02-09,1415,0,0,0.0,0.0,99182111.31725655,101,12813000.0,29,5168587.2272,0,0.0,1285,81200524.09005655,304,314,408,66,59,11,34536,260035789.91903785,7529.412494760188,200.0,0.9747437363471235,0.42330737600383,0.817959813167871,32159,27585,2746,971,31790,6947228.334733426,1775,5552303.688304754,780,20146020.21678952,144,43536456.11331628,47,183853781.56589386,0.971884410470234
2026-02-10,1689,0,0,0.0,0.0,98793009.78987324,102,13386019.0,26,6762203.0,0,0.0,1561,78644787.78987324,536,439,681,75,197,10,34424,266659605.91903782,7746.328315101029,200.0,0.9751765247299417,0.406663612959206,0.8124283170837713,32044,27450,2770,992,31654,6920795.304254712,1778,5539576.859843463,797,21213976.96873112,146,45430309.088441476,49,187554947.69776708,0.9711828956541948
2026-02-11,1966,0,0,0.0,0.0,149283874.30192253,101,9703500.0,29,9564176.0,0,0.0,1836,130016198.30192253,685,471,826,58,294,11,34199,266798929.91903782,7801.366411855253,200.0,0.9752616376878723,0.3870837043735075,0.8152456811903097,31814,27210,2786,999,31413,6876998.457174534,1787,5542951.414993851,811,21731259.07516167,136,41262003.079096764,52,191385717.89261103,0.9707886195502793
2026-02-12,1631,0,0,0.0,0.0,90271007.08077255,82,10579500.0,29,15149264.5950963,0,0.0,1520,64542242.48567625,356,376,454,47,37,9,34218,262229165.32394153,7663.486040211044,200.0,0.9749078393802459,0.3873704596153962,0.812518787122125,31827,27216,2774,986,31444,6884250.472305612,1788,5539574.134345302,797,21533328.529575095,140,43635210.38896898,49,184636801.79874653,0.9711847565608744
2026-02-13,2349,0,0,0.0,0.0,107974525.92052712,134,14578827.0,29,10414712.0,0,0.0,2186,82980986.92052712,420,831,896,373,27,19,34583,266393280.32394156,7703.012472137801,200.0,0.9753647457462609,0.3893402838740589,0.8092722478004131,31884,27279,2783,993,31800,6901952.707934512,1790,5581079.199906101,799,21907906.634854816,142,42389873.77574738,52,189612468.0054987,0.9712864702310384
2026-02-14,1725,0,0,0.0,0.0,128086308.15315562,86,9823800.0,24,11653389.28750903,0,0.0,1615,106609118.8656466,357,364,445,44,26,8,34609,264563691.0364325,7644.3610343099335,200.0,0.9752754385752854,0.3893136658042961,0.812692519228493,31907,27292,2782,990,31827,6911598.916119085,1792,5610702.912413826,800,21555651.411176916,140,42118133.54541935,50,188367604.25130332,0.9713947239157444
2026-02-15,1315,0,0,0.0,0.0,85803672.80310671,59,7094400.0,21,10167731.0,0,0.0,1235,68541541.80310671,277,292,361,34,25,13,34631,261490360.03643247,7550.759724998772,200.0,0.9749030899100797,0.3895166589880907,0.8058738982396465,31921,27308,2801,991,31830,6911032.655706843,1810,5675124.490718442,798,21929254.454736453,145,44521379.89349961,48,182453568.54177114,0.9713840200976004
2026-02-16,1451,0,1,0.0,629304344.6760584,127439990.7451552,112,22305298.5950963,24,12809896.0,0,0.0,1314,92324796.1500589,374,401,476,45,32,11,34655,270985762.6315288,7819.528571101682,200.0,0.9755000120670171,0.3697625569323429,0.802613883073576,31952,27328,2823,1005,31832,6913626.977399452,1818,5686367.117309779,801,21951185.905284397,149,44794207.363037065,55,191640375.2684981,0.9709998557206753
2026-02-17,1774,0,0,0.0,0.0,125392597.45856442,92,9752475.0,33,14957183.6082,0,0.0,1649,100682938.85036442,537,434,640,60,130,17,34602,265781054.0233288,7681.089359670794,200.0,0.9750604788260085,0.36370449877306316,0.8014532853245055,31888,27255,2825,1009,31777,6908429.632467009,1816,5739474.376342926,810,22469802.45049922,145,43360810.098160625,54,187302537.46585903,0.9708398358476389
2026-02-18,1689,0,0,0.0,0.0,86162037.7899929,80,9285830.0,37,15585360.0,0,0.0,1572,61290847.7899929,644,396,731,36,275,12,34375,259481524.0233288,7548.553426133201,200.0,0.9746233432222664,0.37031726819741395,0.7989439705930491,31653,27012,2825,1016,31550,6856956.8253327375,1809,5737688.264805972,814,22617750.69693798,152,44363742.201709025,50,179905386.03454307,0.9704436363636364
2026-02-19,1041,1,0,570000000.0,0.0,86665664.95514226,75,8178864.287509029,27,10975159.0,0,0.0,938,67511641.66763324,314,293,398,37,59,3,34356,256685229.3108378,7471.336282187618,200.0,0.9745452553643621,0.3705674086045132,0.8042429149237948,31625,26980,2817,1005,31539,6851700.322434634,1812,5733436.285914144,808,22235246.82718508,149,41719979.92093033,48,180144865.95437363,0.970747467691233
2026-02-20,1433,0,0,0.0,0.0,103321526.46346895,97,11572800.0,34,13128079.0,0,0.0,1302,78620647.46346895,403,410,514,51,54,19,34372,255129950.3108378,7422.609982277371,200.0,0.9741912235778689,0.3666446139426034,0.796818291972286,31640,26990,2845,1022,31527,6853073.199988229,1823,5789147.599087542,819,22572743.865943987,151,40393962.220541656,52,179521023.4252764,0.9702664959851042
2026-02-21,1166,0,0,0.0,0.0,105627811.34727104,71,7970129.0,29,12915365.0,0,0.0,1066,84742317.34727104,324,313,387,24,27,12,34381,250184714.31083784,7276.830642239546,200.0,0.9738018936991352,0.39445533004902866,0.7940809200740336,31646,26983,2839,1016,31542,6854208.430366815,1823,5801406.572275294,811,22384300.52607526,156,40594637.395825714,49,174550161.38629475,0.9704487943922515
2026-02-22,1036,0,0,0.0,0.0,84589166.22126073,65,6766096.0,22,9448498.203716502,0,0.0,949,68374572.01754422,339,305,413,30,58,4,34357,247502312.10712135,7203.839453593776,200.0,0.9734977499625893,0.37224445618955815,0.7925111412359931,31617,26958,2848,1015,31509,6850077.428355225,1833,5833298.355070418,814,22566491.028755125,152,40824148.63056758,49,171428296.66437298,0.9704572576185347
2026-02-23,1370,0,0,0.0,0.0,141716829.02247724,88,11668915.0,38,14431460.0,0,0.0,1244,115616454.02247722,414,360,486,29,90,8,34304,244739767.10712135,7134.438173598453,200.0,0.9731755618550088,0.3501004978823365,0.7862626717842565,31561,26899,2841,1010,31463,6843893.405597373,1831,5847140.137100432,806,22455958.649898596,153,41351890.391821444,51,168240884.5227035,0.9705573694029851
2026-02-24,1383,0,0,0.0,0.0,122321599.06169237,89,11428497.0,31,8413277.00000001,0,0.0,1263,102479825.06169236,334,362,424,52,29,17,34344,247754987.10712135,7213.923454085761,200.0,0.9735063927954175,0.3700139309718088,0.7907759923798067,31588,26912,2846,1010,31498,6852170.247875301,1836,5865792.418178583,813,23395981.300019953,146,39571199.254855625,51,172069843.88619184,0.9705916608432331
2026-02-25,1896,0,0,0.0,0.0,161935681.44271994,139,20854131.0,42,13479604.09212125,0,0.0,1715,127601946.3505987,475,503,572,50,36,15,34373,255129514.01500008,7422.381346260148,200.0,0.9739971478914685,0.36883114725176647,0.7869459317894468,31609,26936,2874,1033,31499,6853694.074376529,1841,5876414.400671698,827,23839423.10788548,155,43382443.30949025,51,175177539.12257612,0.96994734239083
2026-02-26,1562,0,0,0.0,0.0,105452662.96371607,126,11889299.6082,45,14279922.0,0,0.0,1391,79283441.35551608,427,473,546,58,36,21,34416,252738891.6232001,7343.645154091123,200.0,0.973564131878571,0.3648495276285644,0.7762674879289748,31646,26973,2890,1045,31526,6864701.641945407,1845,5897897.868654355,832,24328448.834081456,163,45223981.311545335,50,170423861.9669735,0.9696362157136216
2026-02-27,1640,0,0,0.0,0.0,120267090.467143,122,10805000.0,29,10601643.0,0,0.0,1489,98860447.467143,416,441,536,66,45,16,34453,252942248.62320006,7341.661063570663,200.0,0.973292143820776,0.3589868776652207,0.7654678917969618,31676,26991,2909,1065,31544,6872519.099167312,1844,5898169.819145285,846,25558593.347246405,171,50049540.4565337,48,164563425.90110737,0.9690883232229414
2026-02-28,1416,0,0,0.0,0.0,112117418.0980837,103,9121794.0,27,10818586.801499821,0,0.0,1286,92177037.29658389,386,402,475,35,31,10,34467,251245455.82170025,7289.44949724955,200.0,0.9731986471141263,0.36308603381911214,0.7681104889433645,31675,26985,2908,1068,31559,6872722.528005455,1840,5857670.3538725525,851,25909957.45835705,170,46393117.28399053,47,166211988.19747466,0.9690138393245713
2026-03-01,1171,0,0,0.0,0.0,89678806.97140944,80,9911574.0,30,9698517.0,0,0.0,1061,70068715.97140944,318,340,413,49,24,9,34501,251458512.82170025,7288.441286388807,200.0,0.9732410354912175,0.3607482271476799,0.7706308717855263,31689,26992,2916,1061,31585,6877262.94911202,1855,5895928.00298878,844,25830158.33375228,168,44825530.85719675,49,168029632.67865044,0.9692472681951247
2026-03-02,1549,0,0,0.0,0.0,83264624.40972504,109,10849377.0,22,6246847.0,0,0.0,1418,66168400.40972504,387,415,494,70,20,14,34565,256061042.82170027,7408.101918753082,200.0,0.9734557947646654,0.3699215411912081,0.7693922076919026,31758,27050,2959,1077,31606,6888920.702742731,1882,5983871.131544786,855,26651699.349114966,173,44892483.04184689,49,171644068.5964509,0.9688413134673803
2026-03-03,1476,0,0,0.0,0.0,131286306.25285661,117,17007241.0,36,12717330.0,0,0.0,1323,101561735.25285661,346,383,446,50,30,11,34596,260350953.82170025,7525.464036932022,200.0,0.9736186329883119,0.3713083344201258,0.7624360847479773,31790,27080,2975,1093,31621,6895789.941381864,1882,5995546.534090471,865,27680039.221991546,178,47028468.19313227,50,172751109.9311041,0.9684067522256908
2026-03-04,1205,0,0,0.0,0.0,121907141.1653002,79,11703456.0,33,11641310.0,0,0.0,1093,98562375.1653002,294,360,416,40,35,11,34612,260413099.82170025,7523.780764523872,200.0,0.9735530098191633,0.37402441028669897,0.7595992218337919,31800,27093,2990,1099,31622,6895969.109629442,1891,6001437.126194896,872,28185274.135785077,180,49538929.426424086,47,169791490.0236668,0.9682480064717439
2026-03-05,1798,0,0,0.0,0.0,83830800.14438726,94,13948046.097337574,21,9276989.0,0,0.0,1683,60605765.04704968,334,376,445,44,29,10,34637,265084156.91903782,7653.20775237572,200.0,0.9737128964687328,0.3697769272636948,0.7548025011026952,31821,27125,3030,1119,31607,6891185.708668041,1911,6082312.675268309,884,28720716.050108425,188,52445239.13274334,47,170944703.35224977,0.967693506943442
2026-03-06,1508,0,0,0.0,0.0,107197119.04968266,78,12305827.0,27,9314444.866712883,0,0.0,1403,85576847.18296978,311,329,390,36,30,9,34652,268075539.05232495,7736.221258580312,200.0,0.9738372328985527,0.3614462108928918,0.7527792595844945,31840,27142,3045,1130,31607,6892198.599843035,1915,6083834.580348218,892,29218491.304698005,187,50560223.63883342,51,175320790.92860228,0.9673900496363846
2026-03-07,1324,0,0,0.0,0.0,75861578.26121512,62,8301570.0,26,9292872.0,0,0.0,1236,58267136.26121512,357,334,419,20,42,12,34642,267084237.05232492,7709.838838760029,200.0,0.9738313561478629,0.35590530812171384,0.7569245481791534,31827,27129,3032,1125,31610,6896369.134676828,1907,6067129.173155857,893,29046971.801424995,180,50587199.10713543,52,174486567.83593187,0.9675249696899717
2026-03-08,1028,0,0,0.0,0.0,149940376.96387962,49,8546800.0,22,10314997.0,0,0.0,957,131078579.96387962,311,270,379,30,86,10,34596,265316040.05232498,7668.980230440658,200.0,0.973592712029155,0.33141978471580374,0.749333954306275,31783,27081,3025,1123,31571,6888898.6722045895,1902,6031044.117918449,886,29052881.613777325,185,53185557.76518233,52,170157657.88324228,0.9675395999537518
2026-03-09,1598,0,0,0.0,0.0,145606728.02943265,100,15807075.0,38,14280881.0,0,0.0,1460,115518772.02943267,450,504,561,44,27,29,34642,266842234.05232492,7702.853012306591,200.0,0.9733527957940961,0.3289479559736987,0.7381453093825597,31823,27125,3068,1159,31574,6890898.374340953,1909,6045122.186777953,916,30490154.771085724,194,57670484.78404839,49,165745573.9360719,0.9665435021072686
2026-03-10,1403,0,0,0.0,0.0,130752522.65188916,93,15075502.0,30,10054321.0,0,0.0,1280,105622699.65188916,416,444,505,37,39,14,34654,271863415.0523249,7845.080367412849,200.0,0.9734362452476889,0.32228823528338757,0.7278318306001875,31836,27146,3094,1183,31560,6890925.205171256,1911,6072168.246739218,927,31481218.362945173,205,59677873.762643985,51,167741229.47482532,0.9658625266924453
2026-03-11,1285,0,0,0.0,0.0,112438708.74254175,62,9044496.0,30,13308489.0,0,0.0,1193,90085723.74254175,349,388,452,44,24,16,34690,267599422.05232495,7714.021967492792,200.0,0.9729950184182617,0.3251214114119399,0.7279683225143416,31869,27185,3118,1189,31572,6898854.095876487,1929,6103571.073890226,938,32023452.057598308,200,57110748.973944135,51,165462795.85101578,0.9657249927933121
2026-03-12,1264,0,0,0.0,0.0,99352515.95918383,83,8259606.000000009,30,12340663.312167991,0,0.0,1151,78752246.64701582,290,332,397,50,27,15,34728,263518364.74015695,7588.0662502924715,200.0,0.9723650277559853,0.3233763069223396,0.7195567049387852,31899,27213,3154,1206,31574,6896320.860918883,1948,6196424.531189875,950,32731817.384615168,207,58369073.012474805,49,159324728.95095822,0.9652729785763648
2026-03-13,2245,0,0,0.0,0.0,136831945.59727544,110,14361940.0,33,13114994.0,0,0.0,2102,109355011.59727544,432,485,549,55,38,14,34759,264765310.74015698,7617.1728398445575,200.0,0.972164018343829,0.3238475228923637,0.7111915191527036,31936,27256,3195,1232,31564,6897587.625261752,1963,6219352.25880152,973,33989682.01336911,208,57135176.065570876,51,160523512.7771537,0.9645559423458673
2026-03-14,1385,0,0,0.0,0.0,92878918.37046881,83,8205300.0,37,14189467.0,0,0.0,1265,70484151.37046881,362,377,451,44,24,13,34792,258781143.74015695,7437.949636127758,200.0,0.9714380043999196,0.3307615454452121,0.703976780077223,31965,27289,3218,1237,31574,6902634.724289219,1981,6285140.739891196,976,34252723.12263107,213,58599472.0120503,48,152741173.14129516,0.9644458496206024
2026-03-15,932,0,0,0.0,0.0,42840401.839085765,73,5644780.0,21,3637023.0,0,0.0,838,33558598.839085765,309,319,398,43,34,16,34817,260788900.74015695,7490.274886985006,200.0,0.9714828323883263,0.32781197334199064,0.7015098099293328,31983,27311,3240,1244,31577,6903798.0945141865,1996,6302928.1773058195,977,34512457.98420449,218,59197876.029704556,49,153871840.4544279,0.9642703277134733
2026-03-16,1544,0,0,0.0,0.0,166300899.90305662,114,13748450.0,31,9185580.0,0,0.0,1399,143366869.90305662,359,390,463,56,37,15,34851,265351770.74015695,7613.892592469569,200.0,0.9717563952337056,0.3047484729931053,0.7030498446051453,32012,27336,3263,1258,31588,6904997.652020465,2005,6326810.162827006,990,35330483.96613581,219,58940744.068425775,49,157848734.8907479,0.9639034747926889
2026-03-17,1409,0,0,0.0,0.0,133416425.07773931,86,15746792.0,23,11422460.0,0,0.0,1300,106247173.07773931,449,374,557,44,155,23,34763,269676102.740157,7757.561278950522,200.0,0.9718164634623144,0.29015215831330965,0.6937774808086269,31932,27250,3292,1285,31471,6882351.714712629,2007,6332358.841962649,1008,36273351.37643006,225,61314605.40690082,52,158873435.40015078,0.9630354112130713
2026-03-18,1742,0,0,0.0,0.0,126038959.07191478,103,10566640.0,29,9673777.98428,0,0.0,1610,105798541.08763477,969,368,1064,54,672,18,34163,270568964.75587696,7919.941596343323,200.0,0.9720814387147165,0.2941837554328748,0.6968946184668976,31329,26645,3302,1287,30861,6763261.574223266,2015,6385618.3539920505,1014,37215240.94406237,226,61855850.44619603,47,158348993.43740326,0.9623276644322806
2026-03-19,2483,0,0,0.0,0.0,137720683.51569948,109,12577439.0,27,16279343.0,0,0.0,2347,108863901.51569946,884,444,983,48,498,22,33735,266867060.75587696,7910.68803189201,200.0,0.9714730346146588,0.28653398448289596,0.6802215717761809,30887,26206,3329,1310,30406,6671236.258377035,2019,6385878.57265839,1029,38374174.31214034,233,64023118.35321723,48,151412653.25948396,0.9611679264858456
2026-03-20,1490,0,0,0.0,0.0,99752216.677003,115,7991825.0,25,8412254.0,0,0.0,1350,83348137.677003,635,367,754,49,330,14,33468,266446631.75587696,7961.235561009829,200.0,0.97144007651318,0.2910113709426276,0.6785488342259814,30612,25928,3342,1309,30126,6616365.044367833,2033,6455489.144628888,1026,38532058.685556166,237,65858885.6245849,46,148983833.25673917,0.9608880124297837
2026-03-21,1003,0,0,0.0,0.0,100491310.3275075,68,7030260.0,21,7769608.454515809,0,0.0,914,85691441.87299168,307,319,374,25,24,11,33480,265707283.30136114,7936.298784389521,200.0,0.9716371569904457,0.30194335663100724,0.687008758777643,30615,25930,3335,1298,30145,6620344.96851192,2037,6444079.875024654,1026,38419879.5341722,227,63458653.21888884,45,150764325.70476353,0.9612305854241339
2026-03-22,1014,0,0,0.0,0.0,78171992.41352691,79,11597158.0,26,5622028.781430316,0,0.0,909,60952805.63209659,300,415,469,47,28,18,33517,271682412.51993084,8105.809365991313,200.0,0.971931882018784,0.29160183290217956,0.6853497401978845,30652,25967,3353,1307,30164,6639516.74834686,2046,6523503.910306757,1025,38172132.42111938,233,64762879.68745138,49,155584379.75270644,0.9610048632037473
2026-03-23,1896,0,0,0.0,0.0,148511962.39429715,105,10031033.0,26,8150455.0,0,0.0,1765,130330474.39429717,447,367,528,30,120,16,33443,273562990.51993084,8179.9775893290325,200.0,0.9738523616224645,0.39351689284216923,0.7492798686147549,30569,25886,3267,1213,30176,6643508.789832787,2054,6550039.798669027,1004,37243626.58573929,165,48109147.081336275,44,175016668.26435345,0.9637293305026463
2026-03-24,1110,0,0,0.0,0.0,90108487.42310002,110,12118855.0,26,8814920.0,0,0.0,974,69174712.42310002,341,354,422,50,37,21,33477,276866925.51993084,8270.362503209093,200.0,0.9739816617369578,0.3895369802141441,0.7483094945527552,30603,25917,3293,1222,30184,6646884.937801776,2071,6598474.780087192,1010,37598373.704701215,167,48689834.13651037,45,177333357.96083027,0.9634973265226873
2026-03-25,1266,0,0,0.0,0.0,125421364.77124168,105,14292025.0,37,10231246.0,0,0.0,1124,100898093.77124168,323,353,402,32,30,19,33498,280927704.51993084,8386.40230819544,200.0,0.9742420182176074,0.38290423586287187,0.7479909218238511,30617,25923,3301,1229,30197,6647779.4150187,2072,6592712.711780994,1012,37538079.23552012,171,50351216.74668284,46,179797916.4109282,0.9633112424622365
2026-03-26,1251,0,0,0.0,0.0,89219857.52386564,80,10262105.438795809,44,13641376.26793,0,0.0,1127,65316375.817139834,361,364,433,30,40,21,33509,277548433.6907966,8282.802640806847,200.0,0.9739279915396898,0.3856165602440557,0.7450698289758536,30627,25935,3304,1230,30205,6650227.32564131,2074,6592617.076171174,1017,38030367.40786819,166,48450324.154578015,47,177824897.72653797,0.9632934435524785
2026-03-27,1187,0,0,0.0,0.0,78880053.10290645,79,9225919.0,28,8267338.0,0,0.0,1080,61386796.10290645,304,310,377,30,26,16,33529,278507014.6907966,8306.451570007952,200.0,0.9740210328494073,0.3918827636440644,0.7470934519949026,30639,25942,3309,1235,30220,6649935.1305163335,2074,6574852.245880639,1022,38144960.99661609,167,48534310.580937795,46,178602955.7368458,0.9631662143219303
2026-03-28,1284,0,0,0.0,0.0,161418303.1243192,82,9578149.0,25,9773335.0,0,0.0,1177,142066819.1243192,343,346,418,38,37,15,33545,278311828.6907967,8296.670999874696,200.0,0.9741121313440374,0.40491274452651066,0.7519816107328895,30659,25951,3313,1231,30232,6655074.665716644,2082,6594890.427039584,1021,38013721.72560723,164,45280549.22883249,46,181767592.6436007,0.9633030257862573
2026-03-29,950,0,0,0.0,0.0,96449717.48034789,72,8691386.0,23,6820864.0,0,0.0,855,80937467.48034789,310,313,394,28,41,12,33544,280182350.6907966,8352.681573181391,200.0,0.9741026329374455,0.3865207642376561,0.7450458385943197,30661,25953,3312,1232,30232,6658403.2320623975,2080,6588299.070440467,1008,37597473.99865772,177,48464370.04234112,47,180873804.34729496,0.9632721202003339
2026-03-30,1363,0,0,0.0,0.0,94567893.53363399,82,9376790.0,26,8296413.558912986,0,0.0,1255,76894689.97472101,593,331,672,35,326,20,33273,281262727.1318837,8453.182073509563,200.0,0.9740610486020796,0.3659445940187236,0.7374688703155076,30390,25681,3318,1238,29955,6604123.047689041,2080,6606466.131021359,1008,37826581.2704277,180,51200031.678010195,50,179025525.00473535,0.9627926547050161
2026-03-31,1618,0,0,0.0,0.0,160182252.31217596,126,16753643.0,41,10515450.0,0,0.0,1451,132913159.31217594,657,423,775,42,319,24,33020,287500920.1318836,8706.872202661527,200.0,0.9744525743074876,0.3551798491795454,0.7397667908628104,30143,25428,3349,1262,29671,6554716.49596676,2087,6632975.605156299,1030,38526975.73957785,180,50116553.8760648,52,185669698.41511795,0.9617807389460933
2026-04-01,1545,0,0,0.0,0.0,173440408.86324963,106,16681007.0,38,13658129.0,0,0.0,1401,143101272.86324963,636,411,726,23,290,19,32772,290523798.1318837,8865.000553273638,200.0,0.9747148441657492,0.3533866152650928,0.7410168051891898,29895,25183,3357,1266,29415,6503999.355801778,2091,6657701.427063843,1030,38514107.87917615,187,51911755.53524645,49,186936233.93459544,0.961369461735628
2026-04-02,1127,0,0,0.0,0.0,136493957.56043214,99,16995733.26793,33,12531810.0,0,0.0,995,106966414.29250212,339,341,407,27,23,24,32800,294987721.39981365,8993.528091457732,200.0,0.9749394797908424,0.3554877551898176,0.7374817278646068,29914,25197,3360,1273,29440,6506373.83604421,2087,6633751.402927641,1026,38276758.31945151,197,55089718.633050576,50,188481119.20833972,0.9611890243902439
2026-04-03,1198,0,0,0.0,0.0,142450396.2817793,96,13368800.0,33,11876557.0,0,0.0,1069,117205039.28177927,486,375,585,34,179,28,32683,296479964.39981365,9071.38158675194,200.0,0.9769263077746541,0.3794465813361289,0.7877761924640415,29794,25070,3233,1126,29450,6505725.179445986,2107,6692579.09553275,895,25351734.315879256,178,51888446.61585404,53,206041479.19310164,0.9655478383257351
2026-04-04,951,0,0,0.0,0.0,100480988.97617806,68,8836600.0,30,13914869.0,0,0.0,853,77729519.97617806,309,355,422,15,33,12,32677,291401695.3998137,8917.639177397365,200.0,0.9766447536788879,0.39454163725260255,0.7863942486149714,29782,25061,3225,1121,29452,6505524.4078025585,2104,6658387.148174167,895,25612963.962896243,173,49960435.00370608,53,202664384.8772346,0.9656945252012119
2026-04-05,881,0,0,0.0,0.0,82159634.79985264,68,11104343.0,21,7665231.0,0,0.0,792,63390060.79985263,278,293,355,33,18,18,32710,294840807.39981365,9013.781944353826,200.0,0.9767626772577616,0.38332247310106515,0.7838478467884521,29806,25084,3242,1129,29468,6510780.327117382,2113,6705417.104678547,899,25718317.668465935,175,51089032.70672223,55,204817259.59282959,0.9654845612962397
2026-04-06,1280,0,0,0.0,0.0,176573700.2405325,106,10096315.0,36,12128577.0,0,0.0,1138,154348808.2405325,353,392,465,44,37,34,32751,292808545.3998137,8940.445952789647,200.0,0.9764763321738701,0.3833157875195685,0.7767878452081588,29845,25115,3258,1133,29493,6517793.864722248,2125,6748856.540063763,904,26949225.990492232,180,55514791.810946405,49,197077877.19358903,0.9654056364691155
2026-04-07,1203,0,0,0.0,0.0,113712782.27590163,108,9053800.0,35,9604742.0,0,0.0,1060,95054240.27590163,349,382,461,76,32,28,32823,292257603.39981365,8904.049093617696,200.0,0.9761921442303998,0.37109852640073976,0.7703488915323197,29900,25156,3298,1145,29525,6518853.078020429,2153,6829467.906195316,910,27615605.435091116,184,56098617.743561,51,195195059.23694578,0.9651159248088231
2026-04-08,10910,1,0,1300000000.0,0.0,128928589.40080345,108,11547211.0,31,11937026.0,0,0.0,10770,105444352.40080345,405,9828,9944,825,33,454,34069,291867788.39981365,8566.960826552398,200.0,0.9767252318791521,0.3804784366831659,0.7735950429104403,31165,25234,3333,1151,30736,6616971.780522665,2182,6923446.466798255,919,27790037.497308783,181,54374368.06164718,51,196162964.5935368,0.9662156212392498
2026-04-09,1045,0,0,0.0,0.0,102940285.34832601,92,12044923.558912987,29,10822130.0,0,0.0,924,80073231.78941303,299,334,394,36,32,14,34087,293090581.95872664,8598.309676965608,200.0,0.9766813587292473,0.38298884869747585,0.7688589863327248,31184,25259,3344,1162,30743,6621310.9409951,2182,6909547.294631802,927,28233688.09354002,183,55612518.61441198,52,195713517.01514775,0.9659107577668906
2026-04-10,1509,0,0,0.0,0.0,169607724.35269284,107,11425539.0,41,14909294.0,0,0.0,1361,143272891.35269284,413,450,543,54,53,23,34111,289606826.95872664,8490.130074132292,200.0,0.9763449235815588,0.3895775179480603,0.7679180530288615,31208,25279,3361,1177,30750,6625834.33579421,2184,6930467.660688496,944,28855701.439032357,184,56208009.23404181,49,190986814.2891698,0.9654950016123831
2026-04-11,1197,0,0,0.0,0.0,92866139.52179256,93,10598700.0,42,11978270.4,0,0.0,1062,70289169.12179257,342,375,458,54,33,16,34148,288227256.5587266,8440.531116279917,200.0,0.9761436703566226,0.38310883904335286,0.7639928200620628,31228,25304,3372,1180,30776,6640464.631276382,2192,6965902.219392426,944,29013026.43782749,188,57279475.528882116,48,188328387.74134824,0.9654445355511304
2026-04-12,883,0,0,0.0,0.0,53957402.68206693,59,5457000.0,20,9117460.0,0,0.0,804,39382942.68206693,281,317,390,33,17,13,34177,284566796.5587266,8326.266101727086,200.0,0.9757386062338645,0.38240847077108375,0.759704524348713,31257,25334,3402,1190,30775,6639588.880410142,2212,7016718.517675534,952,29156108.499724768,192,59188251.95282222,46,182566128.70809397,0.965181262252392
2026-04-13,1159,0,0,0.0,0.0,105377719.32738939,117,14754359.0,42,7509303.0,0,0.0,1000,83114057.32738939,362,396,467,46,29,30,34224,291811852.55872667,8526.526781168965,200.0,0.9760117243690873,0.36212331788899205,0.7534220335007726,31295,25372,3428,1208,30796,6648546.805091562,2220,7055275.913032857,965,30011133.1898867,196,62883977.70910505,47,185212918.9416105,0.9647031323048153
2026-04-14,1350,0,0,0.0,0.0,137750525.0004128,95,10789705.0,48,13755306.000000006,0,0.0,1207,113205514.00041278,459,446,603,61,99,41,34227,288846251.55872667,8439.134354711972,200.0,0.9762730817287658,0.38987741211471433,0.7705150842110179,31285,25355,3398,1180,30829,6652627.942003427,2218,7060073.994049262,955,28496844.483394973,178,58447000.469374016,47,188189704.66990495,0.965524293686271
2026-04-15,10770,0,0,0.0,0.0,119948383.21231596,108,13503233.0,30,13907920.0,0,0.0,10632,92537230.21231596,362,9943,10023,164,37,70,34424,288441564.5587266,8379.083330197729,200.0,0.9757811825937567,0.3796809988372472,0.7615733206606567,31482,25532,3437,1203,30987,6754913.056962665,2234,7117321.48867683,977,30091985.387543898,177,57728743.91697523,49,186748600.708568,0.9650534510806414
2026-04-16,1210,0,0,0.0,0.0,100626933.42263244,107,13112033.0,43,14025517.0,0,0.0,1060,73489383.42263244,341,395,478,76,39,29,34490,287528080.5587266,8336.563657834926,200.0,0.975558262680573,0.3841464710281156,0.7555780469735234,31547,25601,3460,1209,31030,6773967.604706546,2251,7153419.039517002,978,30257103.931712918,183,58473844.32831813,48,184869745.65447205,0.9649463612641346
2026-04-17,1518,0,0,0.0,0.0,119850066.9469325,113,11562900.0,36,11122153.0,0,0.0,1369,97165013.9469325,370,486,577,117,53,30,34584,287968827.55872667,8326.648957862788,200.0,0.9751252010983221,0.351286816768399,0.7433981184823869,31640,25699,3504,1247,31080,6786595.003607977,2257,7195940.041270175,1009,31986332.765343986,192,61804329.20782724,46,180195630.54067725,0.9639428637520241
2026-04-18,1385,0,0,0.0,0.0,96233481.81206599,95,10472859.0,26,9143080.0,0,0.0,1264,76617542.81206599,398,417,518,60,51,21,34614,289298606.5587266,8357.849614570017,200.0,0.9751939285230529,0.35210439872285904,0.7404581832178905,31666,25726,3510,1242,31104,6794941.959744104,2268,7266181.362963141,1004,31822170.42756308,192,63185746.24910143,46,180229566.55935487,0.9641185647425897
2026-04-19,1174,0,0,0.0,0.0,82842037.38539995,80,8000215.0,34,8683209.0,0,0.0,1060,66158613.385399945,355,352,448,33,51,18,34614,288615612.5587266,8338.117887523158,200.0,0.9751089324712843,0.348277632013401,0.7381215681193611,31656,25720,3508,1244,31106,6792769.151032151,2264,7253913.474606257,998,31389016.121292252,202,65714806.81307408,44,177465106.9987219,0.9640607846536083
2026-04-20,1530,0,0,0.0,0.0,137825042.38137636,113,14504840.0,36,14261295.0,0,0.0,1381,109058907.38137636,385,467,552,82,44,28,34680,288859157.5587266,8329.272132604574,200.0,0.9747521999854414,0.3459498299427951,0.7217512054864285,31672,25749,3542,1271,31138,6789108.61603832,2271,7281187.383897617,1009,32214339.672820214,219,69923155.5482453,43,172651366.33772516,0.9633506343713956
2026-04-21,1229,0,0,0.0,0.0,98231006.34267426,109,9990164.0,26,6090309.0,0,0.0,1094,82150533.34267426,377,383,496,44,39,27,34712,292759012.5587266,8433.942514367556,200.0,0.9749626840666088,0.35146688749588145,0.7210875722109553,31693,25763,3552,1281,31160,6792685.808861245,2271,7273907.183596464,1024,33606258.49071104,214,70406049.03794155,43,174680112.03761634,0.9630963355611892
2026-04-22,11076,0,0,0.0,0.0,87663695.44942324,92,9733767.0,42,11718236.971032737,0,0.0,10942,66211691.47839051,339,9815,9886,93,29,75,34851,290774542.5876939,8343.362961972223,200.0,0.974310902697091,0.339645053087395,0.7036231533040741,31838,25803,3588,1296,31263,6876872.172314245,2292,7317614.218226103,1026,34065253.413286015,228,75727516.7476702,42,166787286.03619736,0.9628131187053456
2026-04-23,1441,0,0,0.0,0.0,93239502.61624005,95,13225137.0,31,10829541.0,0,0.0,1315,69184824.61624005,318,351,417,51,41,17,34878,293170138.58769387,8405.589156135497,200.0,0.9742477397003365,0.338722587704996,0.6962504673152751,31865,25827,3609,1311,31269,6878891.537457297,2298,7356851.884403236,1035,34835246.97268911,233,76780520.74454924,43,167318627.44859502,0.9624118355410287
2026-04-24,1996,0,0,0.0,0.0,187004303.96274686,125,13823859.495474812,37,14356490.827999024,0,0.0,1834,158823953.63927302,588,469,702,53,178,33,34786,292637507.25516963,8412.508114045007,200.0,0.9760862937780023,0.41873351144103255,0.7704016693977352,31774,25729,3493,1197,31293,6891462.446423264,2296,7311681.4175515,958,26326026.595566064,195,60763749.027034745,44,191344587.76859415,0.9655896050135112
2026-04-25,1947,0,0,0.0,0.0,116816873.85476819,112,11057009.0,33,11440687.0,0,0.0,1802,94319177.85476819,481,510,609,86,42,36,34866,292253829.2551697,8382.201263556752,200.0,0.975926992346759,0.4276678576414755,0.7662473228296811,31839,25798,3517,1204,31349,6910836.760677229,2313,7330231.885454178,964,27058813.550519653,198,60918606.66206213,42,190035340.3964565,0.9654677909711467
2026-04-26,1604,0,0,0.0,0.0,106894160.17996065,82,12088153.0,41,12813853.0,0,0.0,1481,81992154.17996065,327,356,426,38,22,29,34911,291528129.2551697,8350.60952866345,200.0,0.9754988110470497,0.40523559109205387,0.7482374742579003,31880,25844,3549,1216,31362,6918993.193341617,2333,7393124.669792503,963,27458109.335914843,208,64255393.66242058,45,185502508.39370018,0.9651685715104122
2026-04-27,2054,0,0,0.0,0.0,144125265.01626787,108,11081733.0,37,9795882.0,0,0.0,1909,123247650.01626787,351,402,473,39,29,23,34944,292813980.2551697,8379.520955104445,200.0,0.9754669780695243,0.38040955719260355,0.7457052502105534,31904,25869,3562,1227,31382,6921404.034329527,2335,7385871.138775719,977,28430354.41868997,205,64850022.78540763,45,185226327.87796685,0.9648866758241759
2026-04-28,11202,0,0,0.0,0.0,112309525.00676396,120,12828968.0,36,11341525.0,0,0.0,11046,88139032.00676396,391,9901,10006,111,68,69,35056,294301423.25516963,8395.17980531634,200.0,0.9756995821957242,0.3975144931857665,0.7597610075004331,32033,25897,3557,1202,31499,7024052.230415237,2355,7481477.746314809,958,26852991.777507946,199,61794078.06071796,45,191148823.44021377,0.9657120036513007
2026-04-29,1997,0,0,0.0,0.0,929697293.3659782,71,6403000.0,48,15555737.0,0,0.0,1878,907738556.3659782,355,371,466,52,41,24,35091,285148686.25516963,8125.977779349965,200.0,0.9747075523857707,0.35384156615272694,0.7464003041607651,32056,25935,3580,1214,31511,7030966.260029984,2366,7524199.78366428,966,27456657.434721634,201,61650266.65805666,47,181486596.11869717,0.9654042347040551
2026-04-30,2614,0,0,0.0,0.0,1140936773.7751706,161,22883136.971032735,60,20034897.0,0,0.0,2393,1098018739.804138,436,485,578,71,45,39,35156,287996926.22620237,8191.9708222267145,200.0,0.9742118061483303,0.3071370736378656,0.7149581927979638,32124,26008,3633,1242,31523,7035559.754815955,2391,7593103.981809609,968,28069970.736207932,219,68978266.78878456,55,176320024.96458438,0.9646717487768802
2026-05-01,2282,0,0,0.0,0.0,1142465070.6410484,177,30118805.0,46,13837639.102784202,0,0.0,2059,1098508626.538264,474,504,661,100,92,47,35211,304278092.1234182,8641.563492187617,200.0,0.9757750570823329,0.32900921116557397,0.7422851923736233,32183,26073,3631,1223,31580,7059351.427844983,2408,7643032.561164336,952,26399701.449456923,218,67614800.66691343,53,195561206.01803857,0.9652665360256738
2026-05-02,1445,0,0,0.0,0.0,1106499889.2594666,80,12819645.0,28,12723651.527406305,0,0.0,1337,1080956592.7320602,294,328,425,70,39,16,35258,304374085.5960119,8632.766623064606,200.0,0.9758601777091099,0.3391081599272096,0.7495810345331464,32232,26120,3635,1219,31623,7078601.525854852,2416,7656573.420500729,955,26490997.216682818,209,62834979.102650315,55,200312934.33032322,0.9654262862329117
2026-05-03,1373,0,0,0.0,0.0,1159385808.329163,88,6920246.0,26,13756753.0,0,0.0,1259,1138708809.329163,267,293,376,55,29,13,35297,297537578.59601194,8429.5429808769,200.0,0.9751517931905764,0.31429998441499035,0.7407275586998546,32283,26168,3663,1236,31634,7086314.533380911,2427,7662869.22418333,970,26684350.668590594,212,64669510.27981794,54,191434533.89003912,0.9649828597331218
2026-05-04,1478,0,0,0.0,0.0,1110636490.722389,88,6585500.0,31,8247992.0,0,0.0,1359,1095802998.722389,302,336,415,61,29,9,35338,295875086.5960119,8372.717374950815,200.0,0.974991451080601,0.3127446318632035,0.743322544649215,32327,26213,3678,1240,31660,7096725.755067377,2438,7707940.245730082,983,27273598.997000013,203,63082578.458891734,54,190714243.13932273,0.9649102948667158
2026-05-05,1041,0,0,0.0,0.0,497710367.2734108,68,5349292.0,23,11073586.0,0,0.0,950,481287489.2734108,259,271,360,49,25,10,35372,290150792.5960119,8202.838193939044,200.0,0.9744884837300648,0.28999579024225847,0.7344398519661823,32357,26238,3668,1231,31704,7109282.780394738,2437,7736986.460207993,972,26639971.53467381,202,62995614.72462263,57,185668937.09611276,0.9651984620603867
2026-05-06,1508,0,0,0.0,0.0,206789380.99314,84,5748857.0,47,18603429.0,0,0.0,1377,182437094.99314,371,367,472,47,64,23,35378,277296220.59601194,7838.09770467556,200.0,0.9734961848376524,0.2662674707737482,0.7311176267207952,32369,26242,3665,1217,31713,7111414.354070354,2448,7749793.737089374,969,26394509.97229074,188,59280576.04110399,60,176759926.49145746,0.9656000904516931
2026-05-07,1269,0,0,0.0,0.0,137845989.72073117,108,18634681.0,49,22953457.0,0,0.0,1112,96257851.72073118,312,343,423,55,39,18,35412,272977444.5960119,7708.614158929512,200.0,0.9729399274182753,0.2853963402084373,0.7211640664365466,32406,26274,3688,1232,31724,7112996.485813473,2456,7801425.989506168,977,26710657.34055066,199,62675552.953765675,56,168676811.82637593,0.9652095334914719
2026-05-08,11315,0,0,0.0,0.0,460381334.0035874,114,15309613.0,43,17438102.0,0,0.0,11158,427633619.0035874,361,9759,9850,104,39,96,35573,270848955.59601194,7613.891310713517,200.0,0.9726542632233944,0.3008667242366313,0.7233981695978263,32573,26299,3692,1227,31881,7218636.250464796,2465,7843580.634554917,974,26433459.19727972,198,61517746.02261718,55,167835533.4910953,0.9655075478593315
2026-05-09,1426,0,0,0.0,0.0,861532035.0048896,80,13236200.0,44,18165014.0,0,0.0,1302,830130821.0048896,301,338,418,53,33,16,35609,265920141.59601194,7467.778977112863,200.0,0.9719802668747614,0.2862717650547585,0.7115646098594857,32601,26328,3716,1232,31893,7223489.638989627,2484,7904455.307606344,974,26550614.25195397,201,61797183.15360656,57,162444399.24385542,0.9654020051110674
2026-05-10,1403,0,0,0.0,0.0,998582024.995688,45,6025500.0,31,12179408.02162,0,0.0,1327,980377116.9740679,240,222,303,22,15,12,35628,259766233.5743919,7291.06976463433,200.0,0.9714926877535298,0.2873304274055233,0.7097734732832531,32619,26335,3711,1217,31917,7229455.218454434,2494,7905742.4842625875,960,25861158.00365355,201,61249112.369878896,56,157520765.49814245,0.965841472998765
2026-05-11,1916,0,0,0.0,0.0,1175975952.188592,108,14013041.0,38,11810701.9445,0,0.0,1770,1150152209.2440917,314,355,442,36,36,29,35657,261968572.6298919,7346.904468404294,200.0,0.97152350473459,0.3010739657786045,0.7022011287302645,32645,26355,3733,1230,31924,7228444.674974617,2503,7916076.895025352,964,26133870.59803932,210,64231556.47444534,56,156458623.98740727,0.9655046694898617
2026-05-12,1598,0,0,0.0,0.0,579212265.0180087,89,12997521.0,25,10196947.0,0,0.0,1484,556017797.0180087,347,346,463,40,56,11,35652,264769146.62989187,7426.487900535506,200.0,0.9722227965771936,0.35708393097939906,0.7247580037292367,32641,26340,3718,1216,31934,7228896.174372326,2502,7898670.738381044,966,26154843.315038417,200,62231578.12070751,50,161255158.2813926,0.9658925165488612
2026-05-13,10928,0,0,0.0,0.0,111635321.4608013,80,12524743.0,22,6671933.0,0,0.0,10826,92438645.4608013,291,9752,9835,104,30,66,35792,270621956.62989193,7560.96213203766,200.0,0.9725022550609347,0.3517337493281756,0.7277722454016484,32786,26372,3745,1228,32047,7324767.70495034,2517,7942071.195100438,974,26074737.46134849,202,62044293.31394092,52,167236086.95455173,0.965690657130085
2026-05-14,1709,0,0,0.0,0.0,129997002.54074612,101,16195400.0,38,12868925.0,0,0.0,1570,100932677.54074612,303,330,404,35,35,17,35809,273948431.6298919,7650.267576025353,200.0,0.9726678512473214,0.34790898379428187,0.7240787906793583,32806,26387,3763,1236,32046,7323995.190744695,2527,7947765.052293653,979,26238893.2570162,201,62516090.457532,56,169921687.67230538,0.9654835376581307
2026-05-15,1223,0,0,0.0,0.0,156623485.46159086,133,21860667.630190507,41,16981044.250693794,0,0.0,1049,117781773.58070657,336,369,448,27,35,27,35828,278828055.0093886,7782.406358417679,200.0,0.9729174381384157,0.35122728324061514,0.7216764395149085,32824,26413,3779,1254,32049,7327756.579797177,2525,7934314.539604864,989,26847202.17845128,210,64475651.75354615,55,172243129.95798916,0.9649994417773808
2026-05-16,1004,0,0,0.0,0.0,134012940.12293021,82,14513600.0,44,16158951.0,0,0.0,878,103340389.12293021,273,285,368,29,34,17,35840,277182704.0093886,7733.892410976245,200.0,0.9727480361085189,0.3484242369209387,0.7214749540009577,32837,26437,3784,1250,32056,7333538.819283353,2534,7975354.639710506,986,26795226.240230862,210,64812886.72751044,54,170265697.58265346,0.9651227678571429
2026-05-17,765,0,0,0.0,0.0,66890429.91607261,53,4862566.0,29,9109675.0,0,0.0,683,52918188.91607261,223,205,274,15,27,8,35836,272935595.0093886,7616.240512595955,200.0,0.9724646567556091,0.3629463430206239,0.7214868101503643,32829,26429,3772,1247,32064,7333917.877704782,2525,7937957.3002594225,986,26811619.6797675,210,63928422.22867846,51,166923677.92297846,0.9652025895747294
2026-05-18,1077,0,0,0.0,0.0,112601089.30547099,111,14618356.0,35,11743919.0,0,0.0,931,86238814.30547099,298,299,375,25,26,16,35851,275810032.0093886,7693.231207201713,200.0,0.9726284259666184,0.3543927661653958,0.721280885869078,32842,26438,3784,1254,32067,7332183.202084606,2530,7941770.702623487,994,27720698.640824273,206,62644939.59486299,54,170170439.86899328,0.9650218961814175
2026-05-19,962,0,0,0.0,0.0,100157910.19981664,104,13341727.0,33,11815783.27027,0,0.0,825,75000399.92954665,283,281,349,25,30,16,35862,277335975.73911864,7733.421887767516,200.0,0.9726201555882474,0.3520365003495554,0.716084153419485,32852,26454,3804,1256,32058,7330381.7174471915,2548,8001028.375067025,992,27941933.509284236,210,64010800.61984612,54,170051831.51747406,0.9649768557247226
2026-05-20,10652,0,0,0.0,0.0,119882175.28936167,126,16814561.0,42,13424796.0,0,0.0,10484,89642818.28936167,320,9756,9827,96,23,85,36020,280725740.73911864,7793.607460830612,200.0,0.97259425504036,0.34747514575213556,0.7118154934085195,33006,26497,3834,1262,32186,7428001.159345181,2572,8128231.793246377,994,27852245.01153456,212,65088064.55721068,56,172229198.21778184,0.964963908939478
2026-05-21,1306,0,0,0.0,0.0,194923388.63451126,128,27661170.0,46,17427714.0,0,0.0,1132,149834504.63451126,351,338,442,29,57,18,36010,290959196.73911864,8079.955477342923,200.0,0.973949525872542,0.4110442882637262,0.740795161563366,32996,26488,3811,1245,32199,7429649.129117077,2566,8089125.567204258,986,27114804.176697455,206,59993959.91532293,53,188331657.9507769,0.9654262704804221
2026-05-22,1096,0,0,0.0,0.0,141375129.46633205,107,20933553.59837,50,15772220.0,0,0.0,939,104669355.86796206,333,363,449,66,42,21,36055,296120530.3374886,8213.02261371484,200.0,0.9741828717094415,0.39091143445915466,0.7354958925328042,33025,26513,3830,1255,32225,7432139.497399583,2575,8116786.965490591,991,27232207.424745828,206,60972129.36847107,58,192367267.08138153,0.9651920676743864
2026-05-23,891,0,0,0.0,0.0,59964679.41945895,60,4027900.0,40,14129213.501128688,0,0.0,791,41807565.91833026,234,260,331,45,18,10,36092,286019216.8363599,7924.726167470905,200.0,0.9733581936152159,0.38839841269037584,0.7327377069303338,33057,26543,3832,1254,32260,7442711.389822518,2578,8150435.04847264,992,27048696.731240056,207,60972063.20400953,55,182405310.46281517,0.9652554582733016
2026-05-24,971,0,0,0.0,0.0,91166111.83197013,95,10422864.0,30,11239569.0,0,0.0,846,69503678.83197013,281,291,365,33,29,11,36107,285202511.8363599,7898.8149620948825,200.0,0.9732344147256163,0.39375822782674585,0.7317812711979633,33071,26560,3845,1256,32262,7449493.822533885,2589,8214782.27393499,995,27311403.441232186,207,61083062.37922854,54,181143769.91943032,0.9652145013432298
2026-05-25,1811,0,0,0.0,0.0,169827519.2053641,126,21616011.0,69,22452199.0,0,0.0,1616,125759309.20536412,351,378,463,38,21,29,36153,284366323.8363599,7865.635599711225,200.0,0.9727181842936691,0.3619309394641031,0.7139222796291143,33116,26601,3871,1284,32282,7458634.244489522,2587,8206878.104759097,1011,28003546.389618345,215,65089064.44728698,58,175608200.65020597,0.9644842751638868
2026-05-26,1057,0,0,0.0,0.0,157775337.30228174,104,25747843.0,57,14792166.0,0,0.0,896,117235328.30228172,296,333,396,40,36,19,36176,295322000.8363599,8163.478572433655,200.0,0.9734453095991776,0.33886546265279643,0.710477132942709,33134,26612,3877,1294,32299,7459094.703866752,2583,8178130.372246073,1012,28362890.20716534,218,66061186.5714861,64,185260698.9815957,0.9642304290137107
2026-05-27,10625,0,0,0.0,0.0,172964679.63947862,121,24011586.0,65,23057520.159378145,1,5000.0,10438,125890573.48010047,297,9740,9798,93,28,67,36308,296276066.6769818,8160.0767510461,200.0,0.9733389305284705,0.34312589148818173,0.7122005935087315,33275,26657,3893,1297,32415,7564603.249836964,2596,8219812.167914655,1015,28533749.378767155,223,67525482.31836137,59,184432419.56210166,0.9642778451030076
2026-05-28,1496,0,0,0.0,0.0,189092349.53912514,120,27834264.751822483,58,19002667.0,0,0.0,1318,142255417.78730264,348,363,438,34,38,22,36326,305107664.4288043,8399.153896074555,200.0,0.9739192462435325,0.32086565535377687,0.7107159172909302,33290,26670,3898,1301,32428,7567110.83986141,2597,8261279.050108546,1018,28841205.05731902,219,67520176.56264079,64,192917892.9188745,0.9641854319220393
2026-05-29,1500,0,0,0.0,0.0,162290516.73461562,135,26857832.0,62,19839508.2328767,0,0.0,1303,115593176.50173894,348,379,458,45,30,20,36361,312125988.1959276,8584.087021697083,200.0,0.9744049582085555,0.324950668261595,0.7136515542550295,33316,26703,3909,1301,32452,7578030.00963372,2608,8299388.603724816,1013,28523784.383037537,222,67089261.26931108,66,200635523.93022043,0.9642199059431809
2026-05-30,1034,0,0,0.0,0.0,176193010.54428843,81,18784526.0,53,23192214.87014,0,0.0,900,134216269.67414843,296,307,387,30,32,19,36378,307718299.32578754,8458.91196123447,200.0,0.9740151852788195,0.32217877729159955,0.7088769886985714,33332,26726,3909,1300,32469,7584919.154617465,2609,8313702.729373511,1012,28681190.90852862,223,68320938.09597617,65,194817548.4372918,0.9642641156743087
2026-05-31,915,0,0,0.0,0.0,119724952.90580688,84,13053000.0,43,17207120.0,0,0.0,788,89464832.90580688,287,279,366,34,25,11,36398,303564179.32578754,8340.133505296651,200.0,0.9736083748909292,0.31641503628754164,0.7016944590744946,33345,26739,3913,1306,32485,7590315.254463724,2607,8260381.469010426,1018,28997588.315509938,222,68707792.02945834,66,190008102.25734514,0.9641189076322875
2026-06-01,1287,0,0,0.0,0.0,116986894.04132147,122,14143686.0,60,17970020.16598952,0,0.0,1105,84873187.87533195,431,408,544,52,72,17,36395,299737845.159798,8235.687461458938,200.0,0.9736413260157699,0.33078106432853804,0.7139217241131158,33317,26713,3893,1285,32502,7586232.250737307,2608,8273533.87564373,1009,28235779.493611842,210,63942131.937593795,66,191700167.6022114,0.9646929523286165
2026-06-02,1395,0,0,0.0,0.0,112096217.04237151,115,17943973.0,50,22133103.0,0,0.0,1230,72019141.04237151,525,536,678,27,56,32,36398,295548715.1597981,8119.916345947527,200.0,0.9736399353197427,0.3604831437809114,0.7256756476735824,33282,26707,3882,1262,32516,7595668.586414209,2620,8263313.746070422,994,27426119.409799624,212,66633300.4384675,56,185630312.9790463,0.9653277652618276
2026-06-03,10801,0,0,0.0,0.0,174319834.62955454,145,27161055.0,50,21372599.62450749,0,0.0,10606,125786180.00504705,435,9787,9877,99,40,63,36520,301337170.5352906,8251.291635687037,200.0,0.9739448348242332,0.3651758751254654,0.726448056854554,33402,26698,3877,1266,32643,7683388.413343805,2611,8289934.283616843,996,27736885.8355596,213,66084708.487948835,57,191542253.51482147,0.9653340635268346
2026-06-04,1448,0,0,0.0,0.0,155396956.54274368,149,24741421.257647168,51,15098880.0,0,0.0,1248,115556655.28509651,467,440,568,34,59,16,36511,310979711.79293776,8517.425208647743,200.0,0.9749756195048348,0.3974834232534833,0.7432796112046802,33370,26674,3856,1251,32655,7681761.93448364,2605,8296460.966482646,989,27489684.839449234,207,64513712.326593995,55,202998091.72592822,0.9657363534277341
2026-06-05,1302,0,0,0.0,0.0,156760203.4227801,116,20396113.0,53,20941165.0,0,0.0,1133,115422925.42278008,404,383,495,34,39,17,36523,310434659.79293776,8499.703195053466,200.0,0.975032048641835,0.40600249209573513,0.7480666564321345,33362,26666,3843,1256,32680,7684820.954306655,2587,8208444.11350368,1002,28115930.825423375,198,61383599.32879896,56,205041864.57090506,0.9656107110587848
2026-06-06,1067,0,0,0.0,0.0,72703992.02020958,97,12384700.0,25,7003117.0,0,0.0,945,53316175.02020958,311,314,400,29,37,13,36528,315816242.79293776,8645.867356355064,200.0,0.9755223278182213,0.41018619458096994,0.753530305990704,33354,26654,3837,1251,32691,7681991.012935275,2586,8191040.942501174,998,27824654.96677575,195,59836131.93189909,58,212282423.93882644,0.9657522996057819
2026-06-07,860,0,0,0.0,0.0,68505529.92792961,64,9987500.0,25,10684591.0,0,0.0,771,47833438.92792961,247,258,329,30,23,13,36548,315119151.79293776,8622.062815829533,200.0,0.9755854758725326,0.4166566958065029,0.7585348184576719,33370,26671,3831,1239,32717,7686168.268694498,2592,8230323.056614056,990,27592243.03336194,193,59756292.156593844,56,211854125.2776734,0.9660993761628544
2026-06-08,956,0,0,0.0,0.0,122710210.575514,102,14497414.0,31,12644988.0,0,0.0,823,95567808.575514,328,327,409,37,49,17,36553,316971577.79293776,8671.561234178802,200.0,0.9756170546441151,0.41643209244486135,0.7524581228468716,33370,26680,3838,1244,32715,7691331.2994237505,2594,8224409.018450925,988,27248123.64385416,200,63078783.30198599,56,210728930.5292229,0.9659672256723114
2026-06-09,1033,0,0,0.0,0.0,109961546.28729475,92,12314999.0,44,17453311.0,0,0.0,897,80193236.28729475,348,334,425,28,40,24,36565,311833265.79293776,8528.189957416595,200.0,0.975274036557374,0.4130948888340152,0.7468375139062836,33360,26675,3826,1238,32739,7695437.829036672,2588,8243394.22246155,983,26837932.10663931,201,65909229.85571806,54,203147271.77908212,0.9661424859838643
2026-06-10,12288,0,0,0.0,0.0,114228220.39044333,125,20181576.0,29,10478434.0,0,0.0,12134,83568210.39044333,317,11510,11576,1300,46,815,38634,321536407.79293776,8322.627938938183,200.0,0.9768778737322311,0.4184397387256927,0.7506553855447775,35481,27384,3861,1250,34773,7784717.120062461,2611,8296136.414161855,988,26951031.95456426,207,66675786.671496056,55,211828735.63265312,0.9676450794636848
2026-06-11,1135,0,0,0.0,0.0,148864627.55569163,112,17928305.85738419,41,13461346.550836872,0,0.0,982,117474975.14747055,329,347,434,35,40,17,38646,326003367.09948504,8435.630261850774,200.0,0.9771537813766236,0.4159667437211531,0.7528923557978939,35485,27393,3869,1248,34777,7787691.860372692,2621,8353113.703834682,983,26659708.714120757,211,68881129.5236428,54,214321723.29751417,0.967706877814004
2026-06-12,978,0,0,0.0,0.0,86980175.54220712,91,14270832.0,31,11120084.0,0,0.0,856,61589259.54220712,309,322,409,28,43,16,38647,329154115.09948504,8516.93831602673,200.0,0.9773354115163715,0.408809148157083,0.7531651065877915,35470,27389,3875,1249,34772,7782667.894798334,2626,8352128.636489026,987,27021458.261358574,207,68905047.27200136,55,217092813.03483775,0.9676818381763138
2026-06-13,611,0,0,0.0,0.0,57187018.945869535,46,6166801.0,29,9416649.0,0,0.0,536,41603568.945869535,224,223,286,18,25,12,38652,325904267.09948504,8431.756884494594,200.0,0.9772290545670204,0.4171294683836578,0.7541583290284873,35465,27379,3863,1239,34789,7787305.084160809,2624,8315250.148398972,982,27145688.948768627,205,69586891.44218777,52,213069131.47596887,0.967944737659112
2026-06-14,609,0,0,0.0,0.0,59823224.32116974,51,7092900.0,26,7707603.0,0,0.0,532,45022721.32116974,217,211,272,17,27,6,38648,325289564.09948504,8416.7243867596,200.0,0.9772213945324655,0.4139968415146516,0.7555612820068264,35456,27378,3857,1239,34791,7792290.371807493,2618,8291957.635731744,983,26916939.702080503,204,69028593.85668209,52,213259782.53318325,0.96794141999586
2026-06-15,1167,0,0,0.0,0.0,126895435.82653098,145,22431662.0,32,10539705.196013918,0,0.0,990,93924068.63051707,345,374,440,26,30,21,38665,337181520.9034712,8720.587634901622,200.0,0.9777984525105654,0.4190294270313721,0.7530439972075453,35457,27383,3874,1259,34791,7785952.186390888,2615,8262957.850278975,990,27436691.918471634,217,73160163.02670833,52,220535755.92162132,0.967438251648778
2026-06-16,910,0,0,0.0,0.0,77787283.14432712,102,10543453.0,33,13561029.0,0,0.0,775,53682801.14432712,271,302,365,34,35,16,38680,334163944.9034712,8639.191957173505,200.0,0.9775064727211873,0.4119805003122231,0.7484171359920956,35469,27390,3882,1270,34798,7786890.915038582,2612,8241357.1459914455,997,27833731.24102279,220,73599932.04963376,53,216702033.55178455,0.9671664943123061
2026-06-17,10677,0,0,0.0,0.0,110139424.39656633,100,15506747.0,42,15861596.0,0,0.0,10535,78771081.39656633,344,9750,9828,91,34,92,38829,333809095.9034712,8596.901694699096,200.0,0.9771075396377429,0.4127677336302448,0.7426388279233792,35640,27658,3952,1284,34877,7892754.639209017,2668,8406357.59404243,1008,27970061.820707105,222,73446514.10136387,54,216093407.74814868,0.9669319323186278
2026-06-18,1109,0,0,0.0,0.0,105000055.98628189,101,11643232.0,44,14682107.0,0,0.0,964,78674716.98628189,303,291,379,25,49,9,38814,330770220.9034711,8521.93076991475,200.0,0.9770327530379095,0.4259955679934815,0.7463956995588775,35622,27650,3937,1271,34877,7895743.4769641645,2666,8396506.423346143,995,27337831.508911714,222,72023099.75286621,54,215117039.7413829,0.9672540835780904
2026-06-19,1318,0,0,0.0,0.0,199685034.109567,117,22774351.0,44,16792840.713030476,0,0.0,1157,160117842.3965365,363,339,444,26,72,13,38781,336751731.19044065,8683.420520111411,200.0,0.9776269647381551,0.4267427605000281,0.7536267097699071,35580,27607,3904,1254,34877,7891097.243674774,2650,8326454.451414199,984,26442428.714512274,213,69299161.78724189,57,224792588.9935975,0.9676645780150074
2026-06-20,943,0,0,0.0,0.0,67697590.75073834,68,7089055.0,29,10305580.0,0,0.0,846,50302955.75073834,277,267,346,20,34,9,38776,333535206.19044065,8601.588771158466,200.0,0.9776334326306415,0.44020255608297093,0.7621513330178418,35559,27596,3891,1237,34885,7890376.487319557,2654,8329138.198256036,978,26329146.279780403,204,66899437.73342815,55,224087107.4916565,0.9680988240148546
2026-06-21,816,0,0,0.0,0.0,74726362.66798317,58,10336130.0,22,7047157.0,0,0.0,736,57343075.667983174,237,253,315,16,29,17,38780,336824179.19044065,8685.512614503368,200.0,0.9778018610365632,0.4342330353969537,0.7584782469812927,35555,27594,3894,1233,34886,7886244.769116672,2661,8324963.352632567,969,26019506.762294468,206,67513179.17779094,58,227080285.128606,0.9682052604435276
2026-06-22,1058,0,0,0.0,0.0,95790609.51909007,85,10935646.0,29,11178490.0,0,0.0,944,73676473.51909007,290,299,374,30,29,14,38795,336581335.19044065,8675.894707834532,200.0,0.9776528519581437,0.43322676464796445,0.7520980537693032,35557,27599,3899,1248,34896,7884445.230777736,2651,8272230.876794507,978,26930698.792843495,213,69608018.34380239,57,223885941.9462225,0.9678309060445934
2026-06-23,1068,0,0,0.0,0.0,134612110.40159068,90,18291297.0,36,12469811.0,0,0.0,942,103851002.40159069,276,309,365,21,17,26,38825,342402821.19044065,8819.132548369367,200.0,0.9778671813861972,0.44039191425456087,0.7456647154315433,35580,27615,3911,1255,34914,7884064.857947743,2656,8314175.17711499,971,26760419.34769669,229,74833245.24588293,55,224610916.56179833,0.9676754668383774
2026-06-24,10642,0,0,0.0,0.0,130680890.21530464,95,17134682.0,45,13418953.0,0,0.0,10502,100127255.21530464,308,9740,9810,122,40,73,38980,346118550.19044065,8879.388152653686,200.0,0.9781550466981002,0.4374133743076142,0.7580410287005362,35778,27698,3909,1247,35071,7977477.18369302,2662,8332240.78714538,975,26612207.05692873,215,69935301.87489448,57,233261323.28777903,0.9680092355053874
2026-06-25,1211,0,0,0.0,0.0,108635679.15873992,114,16090277.74685079,45,12486259.0,0,0.0,1052,80059142.41188912,343,353,430,23,34,21,38990,349722568.9372915,8969.545240761516,200.0,0.9782208476755914,0.43725968085351186,0.7508419131427685,35777,27701,3912,1258,35078,7979139.747051387,2654,8310070.872135491,979,27286487.98842004,223,74036411.54533611,56,232110458.78434843,0.967735316747884
2026-06-26,1283,0,0,0.0,0.0,84256526.0780933,94,11891412.0,45,14883823.0,0,0.0,1144,57481291.07809331,333,336,415,24,40,21,38995,346730157.93729144,8891.656826190318,200.0,0.9780397077062646,0.43426884932438947,0.7469237487580578,35762,27683,3901,1259,35094,7980260.165674178,2642,8273990.783090486,982,27660023.94092734,219,72670173.50430852,58,230145709.5432909,0.9677138094627517
2026-06-27,1119,0,0,0.0,0.0,63936880.29972016,71,6311852.0,23,9429735.326812498,0,0.0,1025,48195292.97290766,263,288,343,13,32,9,38985,343612274.610479,8813.961128908017,200.0,0.9779805746564245,0.4438176766104937,0.7515420073150902,35744,27672,3895,1249,35090,7977615.678004127,2646,8294315.320984947,974,27187047.450841263,218,70051486.72390777,57,230101809.43674082,0.9679620366807746
2026-06-28,865,0,0,0.0,0.0,70058943.67531623,62,8500100.0,31,8353844.634253985,0,0.0,772,53204999.04106224,244,245,300,17,21,10,38991,343758529.976225,8816.355825093611,200.0,0.9780781286438252,0.4482089356864579,0.753807724272154,35748,27661,3891,1238,35100,7973887.321292803,2653,8338030.561521338,969,27242906.7833542,213,68507473.85923558,56,231696231.450821,0.9682490831217461
2026-06-29,977,1,0,800000000.0,0.0,86379923.5492265,89,9976087.0,37,7969596.0,0,0.0,850,68434240.5492265,289,304,377,22,40,16,38989,345765020.97622496,8868.271075847673,200.0,0.9782920176309496,0.4483989701264027,0.7601481320220322,35732,27651,3885,1232,35104,7973953.086464438,2653,8322730.519346096,969,27238146.399077285,209,69414687.89321804,54,232815503.07811913,0.9684013439688117
2026-06-30,1478,0,0,0.0,0.0,188657310.92782536,138,19544343.0,38,13533192.0,0,0.0,1302,155579775.92782536,335,398,459,34,38,22,39007,351776171.976225,9018.283179332557,200.0,0.9783235772771393,0.4221513868314837,0.7506899358558935,35740,27670,3908,1255,35099,7969785.70193029,2653,8339336.581780598,974,27559755.099976152,217,67517843.8317394,64,240389450.76079854,0.967826287589407
2026-07-01,10607,0,0,0.0,0.0,179118695.12159243,128,24805240.0,41,13889090.0,0,0.0,10438,140424365.12159243,383,9717,9791,69,32,57,39101,362692321.97622496,9275.7812326085,200.0,0.978811123917934,0.4252232212085731,0.7594871355358086,35853,27765,3925,1260,35176,8059540.306242441,2665,8362476.460365969,981,27904516.921267003,214,66265550.59993456,65,252100237.688415,0.9677757602107363
2026-07-02,1199,0,0,0.0,0.0,173187585.9398233,123,25361012.0,38,16720360.0,0,0.0,1038,131106213.9398233,301,333,404,23,37,19,39106,371332973.976225,9495.549889434486,200.0,0.9792118413094063,0.41567346659538745,0.75879608761201,35853,27766,3920,1258,35186,8062801.130586381,2662,8357990.938197618,974,27743635.222071134,219,69565475.92174801,65,257603070.76362184,0.9678310233723725
2026-07-03,1085,0,0,0.0,0.0,173357239.85681474,93,19450016.0,39,16086921.0,0,0.0,953,137820302.85681474,311,320,401,16,33,17,39106,374696068.976225,9581.549352432492,200.0,0.9793966137153789,0.4312964489942207,0.7587809131334678,35844,27763,3923,1259,35183,8055907.257359318,2664,8353806.532891515,972,27557321.048124213,223,71034600.31989518,64,259694433.81795475,0.9678054518488212
2026-07-04,897,0,0,0.0,0.0,134721553.757612,81,18998860.0,32,13710242.0,0,0.0,784,102012451.757612,257,298,362,18,26,27,39125,379984686.97622496,9712.068676708624,200.0,0.9795966870154711,0.43929516320445905,0.7603164103503012,35854,27779,3933,1274,35192,8057987.910216391,2659,8329057.111493748,982,28005678.97477387,232,74135697.58820972,60,261456265.39153126,0.9674376996805112
2026-07-05,755,0,0,0.0,0.0,77391831.71860343,70,9273800.0,30,11551627.0,0,0.0,655,56566404.71860344,254,260,332,24,28,17,39138,377706859.976225,9650.642852885303,200.0,0.9795519377247419,0.443996712123627,0.7628346411985334,35852,27775,3929,1275,35209,8058446.521433104,2654,8318118.62767113,987,28116026.096627407,228,72331477.53842437,60,260882791.19206893,0.9674229648934539
2026-07-06,1095,0,0,0.0,0.0,174710354.2221918,124,31031120.0,35,11094412.6779185,0,0.0,936,132584821.5442733,334,355,444,28,61,11,39116,397643567.2983064,10165.752308474957,200.0,0.9806082192434066,0.4500829155156958,0.7737061463066294,35821,27753,3911,1262,35205,8059714.624238705,2649,8305868.265689307,973,27099383.71780455,227,74009102.01962957,62,280169498.67094433,0.9677369874220267
2026-07-07,1142,0,0,0.0,0.0,152818096.7344676,103,22897900.0,46,17231448.0,0,0.0,993,112688748.73446758,320,344,430,26,29,20,39133,403310019.29830647,10306.135979820267,200.0,0.980965041168305,0.4516814826481379,0.7818675778073759,35821,27754,3905,1256,35228,8057994.793595283,2649,8309028.418398892,972,27049658.645326905,222,71488964.03431937,62,288404373.40666604,0.9679043262719444
2026-07-08,10218,0,0,0.0,0.0,137001263.22768703,107,20633356.0,31,14300080.00057563,0,0.0,10080,102067827.22711141,305,9558,9625,62,35,59,39219,409643295.29773086,10445.021425781659,200.0,0.9811609198955339,0.4726100582694757,0.7889403620255608,35933,27809,3926,1259,35293,8151401.749343586,2667,8378819.066074728,976,27062456.276209153,224,70966364.97155023,59,295084253.23455316,0.9678982126010353
2026-07-09,1033,0,0,0.0,0.0,119098957.53298527,108,19422864.52547696,59,17302402.0,0,0.0,866,82373691.00750832,319,355,431,30,36,19,39232,411763757.82320774,10495.609650877032,200.0,0.9810760613317312,0.4766881428457344,0.781252865169321,35941,27833,3952,1279,35280,8148691.165072385,2673,8427449.188205061,987,27488687.22109302,234,74607900.01568702,58,293091030.23315036,0.9673990619902121
2026-07-10,1218,0,0,0.0,0.0,132580856.21821918,119,26765254.0,33,12075294.326812498,0,0.0,1066,93740307.89140669,343,367,458,22,42,22,39234,426453717.49639523,10869.493742580293,200.0,0.9817226165649627,0.47529974846974565,0.7876188594178746,35927,27814,3939,1265,35295,8151031.6282664845,2674,8464342.411111092,974,27090799.409188755,225,71904678.94524184,66,310842865.1025871,0.9677575572207779
2026-07-11,808,0,0,0.0,0.0,53714663.231858775,63,6934700.0,34,9279123.0,0,0.0,711,37500840.231858775,236,275,329,15,26,10,39233,424109294.49639535,10810.014388305644,200.0,0.9816429516419302,0.47756944238761884,0.7856187443400696,35922,27811,3931,1259,35302,8158346.192276849,2672,8482535.682750672,964,26288783.138960276,232,75900930.1125296,63,305278699.36987793,0.9679096678816302
2026-07-12,602,0,0,0.0,0.0,49708559.46056964,61,6936950.0,15,5350702.0,0,0.0,526,37420907.46056964,209,245,301,13,22,17,39241,425695542.49639535,10848.233798740994,200.0,0.9816832890575939,0.4888843052175553,0.786960458457921,35927,27811,3944,1266,35297,8150349.422588438,2678,8549316.556438284,966,26067566.6396991,235,74251802.7207208,65,308676507.1569487,0.9677378252338116
2026-07-13,682,0,0,0.0,0.0,105185312.24641149,82,9464505.0,22,6150076.0,0,0.0,578,89570731.24641149,255,277,373,27,58,17,39227,429060525.2463952,10937.887813148984,200.0,0.9821303548947159,0.5126235561784535,0.8099788055318269,35912,27799,3934,1254,35293,8147446.157433455,2680,8519146.840210311,972,26401256.751675,226,68913054.13547023,56,317079621.36160624,0.96803222270375
2026-07-14,1535,0,0,0.0,0.0,109732295.00597294,118,19673649.0,35,13092556.0,0,0.0,1382,76966090.00597294,275,315,385,32,34,22,39247,436286195.15626115,11116.421513905805,200.0,0.9822808999086284,0.5205251384453996,0.8078168644435837,35925,27815,3959,1278,35288,8142583.741646559,2681,8506371.934107138,993,27687132.197117712,230,70544497.31049356,55,321405609.9728961,0.9674370015542589
2026-07-15,10240,0,0,0.0,0.0,89048267.99284616,136,17402797.0,43,16162440.79242187,0,0.0,10061,55483030.200424284,338,9577,9642,81,32,61,39357,438135940.23528576,11132.351048994735,200.0,0.9821500987522412,0.5343204356504404,0.8073559777175113,36045,27905,3999,1291,35358,8235319.982791232,2708,8589979.558493167,1000,28036500.338690367,237,70793565.6090946,54,322480574.74621636,0.9671977030769622
2026-07-16,1308,0,0,0.0,0.0,105686993.52341981,110,17596343.327388126,38,15502887.0,0,0.0,1160,72587763.19603167,330,399,472,29,33,27,39380,440328507.6620368,11181.52634997554,200.0,0.982070828651899,0.5296190422390108,0.8014308603673742,36057,27919,4032,1311,35348,8225870.044979355,2721,8613201.154235758,1011,28662911.762427337,245,72650600.22020218,55,322175924.4801921,0.9667089893346876
2026-07-17,922,1,0,690000000.0,0.0,93267323.01476334,118,19068064.0,41,11214912.0,0,0.0,762,62984347.01476334,285,319,382,29,37,14,39386,448504656.90433824,11387.413215465856,200.0,0.9823832731544925,0.5386589182859461,0.8075244094681188,36059,27926,4042,1315,35344,8226088.002177844,2727,8631726.345122967,1015,28800742.00960516,244,70945340.64146604,56,331900759.9059663,0.96661250190423
2026-07-18,792,0,0,0.0,0.0,120877691.28602286,76,11812263.0,34,14280836.0,0,0.0,682,94784592.28602286,271,298,363,21,39,14,39382,446078335.9361236,11326.959929310944,200.0,0.9822828624082951,0.5390380332004098,0.8076117106696016,36049,27931,4048,1313,35334,8226615.700239105,2735,8660825.981465973,1015,28931930.198159844,242,70190451.65545759,56,330068512.4008011,0.9666598953836778
2026-07-19,689,0,0,0.0,0.0,53686439.72580984,76,8776475.0,24,7732430.082425975,0,0.0,589,37177534.64338387,226,251,297,22,25,9,39388,447222380.8536976,11354.28000542545,200.0,0.9822566446140438,0.5399711808551663,0.8035827600633587,36043,27924,4053,1324,35335,8222806.103096148,2729,8640310.606215665,1022,29192150.583730847,245,72016419.85913277,57,329150693.70152223,0.9663857012288006
2026-07-20,711,0,0,0.0,0.0,74466566.64099357,68,10652000.0,21,7520418.0,0,0.0,622,56294148.640993565,279,284,380,28,49,12,39379,450308438.19967496,11435.243104184336,200.0,0.982615678739774,0.5536037713527248,0.8134065045150218,36027,27907,4034,1298,35345,8224349.806367457,2736,8610037.948705334,1008,27969230.242530778,234,69936696.08888707,56,335568124.11318445,0.9670382691282156
2026-07-21,1119,0,0,0.0,0.0,130601618.71898423,146,23109441.0,42,14273182.0,0,0.0,931,93218995.71898423,338,390,473,65,39,19,39424,459435375.68698716,11653.697638164243,200.0,0.98281045777721,0.5607435790885348,0.8124823940943731,36062,27947,4067,1315,35357,8225450.871608691,2752,8676855.517596716,1017,28296299.204951413,242,72917361.48613179,56,341319408.6066986,0.9666446834415584
2026-07-22,10118,0,0,0.0,0.0,121929951.5672925,129,22677471.0,46,11771759.0,0,0.0,9943,87480721.5672925,317,9421,9487,79,30,56,39529,470249764.5660566,11896.323321259242,200.0,0.9830117036690085,0.5727665573007155,0.8145231501734197,36196,28054,4110,1319,35419,8319298.903383551,2791,8816424.875234608,1018,28069399.16864787,247,74925871.74878636,54,350118769.8700042,0.9666320928938248
2026-07-23,954,0,0,0.0,0.0,117153471.60499902,128,25959174.557690755,40,6576568.0,0,0.0,786,84617729.04730827,328,367,448,54,42,17,39558,489699460.40943664,12379.277526908252,200.0,0.9835489389837017,0.5742360248094315,0.8161562654146928,36217,28081,4134,1329,35424,8320410.626092553,2805,8826549.70901165,1023,28679906.955615066,248,74453281.89093897,58,369419311.22777843,0.9664037615652965
2026-07-24,1239,0,0,0.0,0.0,162402865.87141395,117,26527610.0,31,8175785.0,0,0.0,1091,127699470.87141396,347,528,607,47,49,46,39602,508057178.1343115,12829.078787291337,200.0,0.9838296748160988,0.5604949811779424,0.8099757064064546,36264,28169,4191,1349,35411,8337365.725865357,2842,8934588.084548723,1032,29005685.64913679,256,80286906.04298374,61,381492632.6317769,0.9659360638351598
2026-07-25,704,0,0,0.0,0.0,58550141.44030873,69,9421670.0,26,8860664.0,0,0.0,609,40267807.44030873,219,260,320,27,26,10,39613,508287004.64568806,12831.318118942974,200.0,0.9837878365589482,0.5621795757949144,0.8094226439836621,36271,28176,4198,1356,35415,8340887.783513592,2842,8964245.354783196,1037,29358991.548606124,258,79928827.8806452,61,381694052.0781399,0.9657688132683715
2026-07-26,960,0,0,0.0,0.0,90821630.49094786,78,10256317.0,53,11170620.0,0,0.0,829,69394693.49094786,282,285,349,21,25,17,39626,507818783.6479012,12815.292576790522,200.0,0.9838020392796218,0.5568483113548264,0.8100558070801872,36266,28174,4182,1351,35444,8346332.533649449,2831,8925424.37467843,1031,29066741.777715556,257,78227999.7198711,63,383252285.24198663,0.9659062231867965
2026-07-27,1296,0,0,0.0,0.0,133616703.50118884,113,26861800.0,54,16609535.0,0,0.0,1129,90145368.50118884,343,335,430,32,47,21,39632,517649342.08506286,13061.3984175682,200.0,0.9842305871225232,0.5728349253487203,0.8191960203022332,36257,28165,4163,1341,35469,8349767.169073628,2822,8901440.395842161,1027,28736911.773580603,252,76364626.28605455,62,395296596.4605118,0.9661637060960839
2026-07-28,950,0,0,0.0,0.0,100663564.41347723,110,29373127.0,30,7082602.946948267,0,0.0,810,64207834.46652896,292,343,409,45,29,22,39670,539841261.6494666,13608.300016371733,200.0,0.9845848696625241,0.5645570846280559,0.8141463941146199,36286,28200,4203,1373,35467,8351510.736678572,2830,8943484.964229202,1046,29682777.422698505,262,81474495.77968705,65,411388992.7461733,0.9653894630703302
2026-07-29,120,0,0,0.0,0.0,17353359.35906597,4,170000.0,6,2998360.0,0,0.0,110,14184999.359065969,63,61,81,5,7,4,39672,537012886.713192,13536.31999176225,200.0,0.9845403419438967,0.5632701231589302,0.8148581563292541,36285,28195,4197,1369,35475,8351661.63953097,2828,8936870.983430073,1043,29608544.108508907,261,80420848.69005525,65,409694961.29166675,0.9654920346844121
2026-07-31,1237,0,0,0.0,0.0,150295719.60653546,128,24032091.0,37,5766417.0,0,0.0,1072,120497211.60653546,327,370,443,69,39,13,39715,562219317.6695305,14156.34691349693,200.0,0.9850699144855537,0.5533644855791379,0.8169077598777053,36325,28232,4234,1374,35481,8351896.759858236,2860,9030356.879911104,1040,29853675.386768065,267,82550531.34626922,67,432432857.2967239,0.9654034999370515
2026-08-01,1057,0,0,0.0,0.0,133484261.26230487,84,16084029.0,35,12912516.60237359,0,0.0,938,104487715.65993129,268,293,370,33,45,14,39717,565644340.6069555,14241.869743609928,200.0,0.9851139820458281,0.5541805010624014,0.8187927018525527,36333,28247,4250,1384,35467,8355185.042086513,2866,9021464.61108191,1046,29901288.71918969,272,82363060.478004,66,436003341.75659335,0.965153460734698
2026-08-02,109,0,0,0.0,0.0,10254582.297199504,4,178000.0,7,3222202.0,0,0.0,98,6854380.297199504,53,52,69,1,6,1,39713,562590154.1578723,14166.39775785945,200.0,0.985048360092674,0.5554858375398476,0.8175329562808581,36327,28242,4245,1381,35468,8356117.553813051,2864,9013936.29994849,1043,29673365.8771262,271,82162226.9870176,67,433384507.4399669,0.9652254929116411
2026-08-03,1000,0,0,0.0,0.0,159245495.92024767,111,24497513.0,30,10822478.0,0,0.0,859,123925504.92024767,272,318,376,44,27,22,39752,580702805.0200362,14608.140597203568,200.0,0.9852314660194192,0.5573443785820382,0.8098767505234098,36375,28285,4283,1410,35469,8357831.16433254,2873,9064059.751573252,1052,30308908.142304093,292,90440400.50065318,66,442531605.4611732,0.9645300865365265
2026-08-04,872,0,0,0.0,0.0,118040052.53279372,87,20416077.0,31,9546588.0,0,0.0,754,88077387.53279372,263,277,348,42,33,9,39770,592758857.7893852,14904.673316303375,200.0,0.985540361197627,0.5619454533511925,0.8156825262833473,36387,28301,4293,1409,35477,8362906.001100712,2884,9073170.730886718,1058,30566486.499093708,279,84286656.25066888,72,460469638.3076352,0.9645712848881066
2026-08-05,9898,0,0,0.0,0.0,150930823.23226884,115,29613379.0,33,11018219.0,0,0.0,9750,110299225.23226884,291,9182,9241,99,21,69,39917,611329432.3097683,15315.014462754423,200.0,0.9857891984183219,0.5669067826363059,0.816354272812323,36532,28371,4326,1419,35591,8452535.25954333,2907,9166161.40922886,1058,30400420.509893443,285,84092894.56217957,76,479217420.56892306,0.9644512363153543
2026-08-06,938,0,0,0.0,0.0,112954791.77094927,117,27923579.06506195,37,14519986.0,0,0.0,784,70511226.70588733,302,345,435,59,44,15,39947,627121360.5606606,15698.834970352233,200.0,0.9860434747348245,0.5696591556245417,0.8184400081271289,36564,28409,4363,1435,35584,8454711.173115576,2928,9215216.519659791,1072,30809812.045244783,289,87648505.14264598,74,490993115.67999446,0.9640774025583899
2026-08-07,1058,0,0,0.0,0.0,176765619.93270648,118,19078369.0,43,14077553.0,0,0.0,897,143609697.93270648,299,358,416,50,31,16,39982,634238558.5105484,15863.102358825181,200.0,0.9861653434733831,0.5784205849423191,0.8181799590926959,36595,28430,4376,1434,35606,8458669.298728023,2942,9272094.649726328,1066,30588608.08238483,297,91638254.79311767,71,494280931.6865915,0.9641338602371067
2026-08-08,770,0,0,0.0,0.0,81734585.08073682,56,4182777.0,41,14197419.0,0,0.0,673,63354389.080736816,223,260,314,38,25,11,40006,627088395.6523097,15674.858662508364,200.0,0.9860004549586011,0.5767122182831456,0.8172310015381394,36615,28453,4396,1439,35610,8460282.861762315,2957,9288188.540071886,1072,30681977.05397081,298,92956854.04612753,69,485701093.1503771,0.9640303954406839
2026-08-09,69,0,0,0.0,0.0,13305096.214545742,0,0.0,7,3502296.0,0,0.0,62,9802800.214545742,37,36,50,2,6,2,40004,625849232.7828082,15644.666352934912,200.0,0.9859594502769773,0.5761977164502556,0.8156312198392318,36613,28453,4395,1439,35609,8460349.180248186,2956,9290766.461440735,1070,30652446.40640765,300,93979427.80982623,69,483466242.92488545,0.964028597140286
