date,transfers,mint_count,burn_count,mint_volume,burn_volume,p2p_volume,issuance_count,issuance_volume,redemption_count,redemption_volume,internal_count,internal_volume,transfer_count,transfer_volume,unique_senders,unique_receivers,active_addresses,new_addresses,zeroed_addresses,resurrected_addresses,holders_gt0,circulating_supply,mean_balance,median_balance,gini,top10_share,top100_share,holders_ge1,holders_ge100,holders_ge1000,holders_ge10000,n_lt_1k,val_lt_1k,n_1k_10k,val_1k_10k,n_10k_100k,val_10k_100k,n_100k_1m,val_100k_1m,n_ge_1m,val_ge_1m,share_holders_lt10k
2025-06-03,1,1,0,100000000.0,0.0,0.0,0,0.0,0,0.0,0,0.0,0,0.0,0,0,0,0,0,0,0,0.0,,,,,,0,0,0,0,0,0.0,0,0.0,0,0.0,0,0.0,0,0.0,
2025-08-04,1,0,0,0.0,0.0,100000000.0,0,0.0,0,0.0,1,100000000.0,0,0.0,0,0,0,0,0,0,0,0.0,,,,,,0,0,0,0,0,0.0,0,0.0,0,0.0,0,0.0,0,0.0,
2025-08-18,2,0,0,0.0,0.0,6000.0,1,3000.0,1,3000.0,0,0.0,0,0.0,1,1,1,0,0,0,0,0.0,,,,,,0,0,0,0,0,0.0,0,0.0,0,0.0,0,0.0,0,0.0,
2025-09-26,1,1,0,300000000.0,0.0,0.0,0,0.0,0,0.0,0,0.0,0,0.0,0,0,0,0,0,0,0,0.0,,,,,,0,0,0,0,0,0.0,0,0.0,0,0.0,0,0.0,0,0.0,
2025-09-29,2,0,0,0.0,0.0,6000.0,1,3000.0,1,3000.0,0,0.0,0,0.0,1,1,1,0,0,0,0,0.0,,,,,,0,0,0,0,0,0.0,0,0.0,0,0.0,0,0.0,0,0.0,
2025-10-27,334,0,0,0.0,0.0,8651452.685638594,250,6739996.0,3,11000.0,0,0.0,81,1900456.6856385928,28,276,276,259,0,0,259,6728996.0,25980.679536679538,3000.0,0.8174872436358795,0.6175185799235307,0.9331678996238355,255,250,244,97,15,2870.6822294140247,147,465689.4638733956,93,2705155.799666072,1,500000.0,3,3055280.0542311184,0.6254826254826255
2025-10-28,525,0,0,0.0,0.0,12048358.347309507,289,7100100.0,17,2002000.0,0,0.0,219,2946258.347309507,65,350,362,300,7,0,552,11827096.0,21425.898550724636,3000.0,0.779995323739143,0.41184826524398704,0.8238355438556488,539,524,510,210,42,6882.716239424812,300,976631.2183676064,201,6072613.094918871,6,1422939.4648759589,3,3348029.505598139,0.6195652173913043
2025-10-29,362,0,0,0.0,0.0,12027247.257414727,180,5418944.0,7,143004.55387,0,0.0,175,6465298.703544727,46,212,223,175,2,0,725,17103035.44613,23590.3937188,3000.0,0.7989810835108919,0.4210644786609923,0.8147109801256753,710,692,678,267,47,7117.941116950128,411,1341318.3986692156,253,7755302.594520999,9,2294815.808177634,5,5704480.7036452,0.6317241379310344
2025-10-30,242,0,0,0.0,0.0,8266324.887939254,110,3512537.0,4,22000.0,0,0.0,128,4731787.887939254,52,147,161,102,8,1,820,20593572.44613,25114.11273918293,3000.0,0.8074750345223224,0.3944423797615576,0.8065997104543655,805,783,769,301,51,6724.416597797423,468,1532486.5840412383,281,8488608.84439905,14,4201274.877648357,6,6364477.723443558,0.6329268292682927
2025-10-31,235,0,0,0.0,0.0,4677885.694120281,60,2152000.0,4,118741.0,0,0.0,171,2407144.694120281,38,95,108,62,6,0,876,22626831.44613,25829.71626270548,3000.0,0.8161663461324451,0.42235677055749243,0.8064946370852525,860,835,820,318,56,7791.0708502720645,502,1643556.650034058,298,8918730.966361534,13,4040157.301347953,7,8016595.457536184,0.636986301369863
2025-11-01,106,0,0,0.0,0.0,2875280.525143575,58,2153000.0,4,549500.0,0,0.0,44,172780.5251435748,26,82,91,57,7,0,926,24230331.44613,26166.66462865011,3000.0,0.8155903559655799,0.4136072904131671,0.792455810186416,909,884,868,333,58,8320.711968743279,535,1751128.1026294534,312,9845883.594937064,13,3603157.301347953,8,9021841.735246785,0.6403887688984882
2025-11-02,171,0,0,0.0,0.0,7965847.696246817,58,3389000.0,4,913000.0,0,0.0,109,3663847.696246817,34,88,96,53,7,0,972,26706331.44613,27475.649635936214,3000.0,0.8246984507635742,0.40649333219407735,0.7966855199454199,953,928,909,347,63,9109.559295586738,562,1841784.404379765,323,10055357.829093453,15,4444133.993144337,9,10355945.660216857,0.6430041152263375
2025-11-03,130,0,0,0.0,0.0,2190979.8384032026,45,1137000.0,3,18800.0,0,0.0,82,1035179.8384032026,36,77,80,45,3,0,1014,27824531.44613,27440.366317682445,3000.0,0.8228130070481493,0.38808153705882703,0.7841473114941621,994,968,946,362,68,9564.025605527022,584,1903904.3768317043,334,10518999.417258762,19,5093876.694878208,9,10298186.931555798,0.6429980276134122
2025-11-04,136,0,0,0.0,0.0,3280520.8537762454,71,2071000.0,1,8436.0,0,0.0,64,1201084.8537762451,30,96,105,69,3,0,1080,29887095.44613,27673.236524194446,3000.0,0.8281648291606395,0.3821039563450896,0.7835727267661576,1055,1028,1005,381,75,9104.682818913296,624,2019800.467320091,351,10766880.259063851,20,5671332.62329756,10,11419977.413629584,0.6472222222222223
2025-11-05,122,0,0,0.0,0.0,5776248.812547828,43,2019000.0,4,66465.0,0,0.0,75,3690783.8125478285,30,67,76,38,7,0,1111,31839630.446129996,28658.53325484248,3000.0,0.8308582967865752,0.3613259687285199,0.7829646742611738,1086,1058,1035,391,76,9555.542584907262,644,2089417.1175732757,357,11088754.742038846,24,7147417.729026973,10,11504485.314905997,0.648064806480648
2025-11-06,209,0,0,0.0,0.0,4739953.880176829,20,221000.0,5,243000.0,0,0.0,184,4275953.880176829,44,60,71,29,6,0,1134,31817630.44613,28057.875172954144,3000.0,0.8328810038704453,0.3565081321172179,0.7840554359094544,1103,1073,1048,392,86,9845.709522737066,656,2133486.7224393813,359,11004914.742038846,23,7326139.273383307,10,11343243.998745728,0.654320987654321
2025-11-07,144,0,0,0.0,0.0,4191840.388241086,23,388000.0,1,10000.0,0,0.0,120,3793840.388241086,30,59,65,29,3,0,1160,32195630.44613,27754.85383287069,3000.0,0.8328669643355741,0.33634608041861946,0.7811468399751414,1129,1095,1067,395,93,10719.001392855504,672,2191544.555613744,361,11071254.742038846,24,8093238.039922359,10,10828874.107162194,0.6594827586206896
2025-11-08,128,0,0,0.0,0.0,2714272.354010658,17,659000.0,4,16000.0,0,0.0,107,2039272.354010658,36,53,61,20,7,0,1173,32838630.446129996,27995.42237521739,3000.0,0.834327963351674,0.3323499616771037,0.7824071396749147,1142,1108,1080,398,93,10766.53629718183,682,2224780.2259146674,364,11229819.348906305,23,7459346.76471197,11,11913917.570299875,0.6606990622335891
2025-11-09,174,0,0,0.0,0.0,9746352.792525353,18,1153000.0,4,96000.0,0,0.0,152,8497352.792525353,36,53,60,19,6,0,1186,33895630.44613,28579.789583583475,3000.0,0.8390567018176749,0.33410129970802266,0.7883203263852826,1156,1120,1089,396,97,12558.917609287662,693,2261604.2259146674,361,11212578.020894572,23,7084315.095236616,12,13324574.186474856,0.6661045531197302
2025-11-10,191,0,0,0.0,0.0,8445272.221586697,30,609500.0,4,9101.0,0,0.0,157,7826671.221586696,51,78,93,34,10,2,1212,34496029.44613,28462.07050010726,3000.0,0.8400838603787694,0.31721519375036383,0.7882796463668813,1179,1146,1112,400,100,13686.791313666783,712,2320147.3276475323,365,11334602.271123273,23,7884928.391673143,12,12942664.664372385,0.66996699669967
2025-11-11,207,0,0,0.0,0.0,11677352.196525857,23,2432000.0,3,509000.0,0,0.0,181,8736352.196525857,48,69,81,22,7,1,1228,36419029.44613,29657.190102711727,3000.0,0.8497699774043246,0.36161916378273207,0.7991183505092591,1194,1160,1122,402,106,14046.9454096842,720,2334702.8282688567,369,11417037.136437248,20,6483423.561925984,13,16169818.974088226,0.6726384364820847
2025-11-12,137,0,0,0.0,0.0,10892229.531097094,43,3943000.0,0,0.0,0,0.0,94,6949229.5310970945,38,73,78,28,5,2,1253,40362029.44613,32212.31400329609,3000.0,0.8627336351897039,0.41727896810462334,0.8144739988749564,1218,1181,1144,407,109,13913.90785098382,737,2399902.8282688567,374,11574261.386437248,20,6531725.325683366,13,19842225.99788955,0.6751795690343176
2025-11-13,428,0,0,0.0,0.0,100224621.89121889,23,4118000.0,5,1039204.0,0,0.0,400,95067417.89121889,66,90,103,32,8,2,1279,43440825.44613,33964.67978587178,3000.0,0.873678348612272,0.46488381171248433,0.8257069301590643,1239,1190,1152,412,127,14092.932824277148,740,2406211.368720192,380,11719347.507147241,19,6106237.120104695,13,23194936.517333597,0.6778733385457388
2025-11-14,329,0,0,0.0,0.0,73361016.29184155,26,735000.0,3,9000.0,0,0.0,300,72617016.29184155,54,78,86,24,7,1,1297,44166825.44612999,34053.06510881264,3000.0,0.8733395201646152,0.46363756676459533,0.823059187477422,1259,1210,1172,422,125,13859.261230147675,750,2425994.3680354664,389,11814664.162503475,19,5434908.172800589,14,24477399.481560323,0.674633770239013
2025-11-15,181,0,0,0.0,0.0,51975018.93742193,27,990314.0,2,150000.0,0,0.0,152,50834704.93742193,45,67,76,25,6,2,1318,45007139.44612999,34148.05724289074,3000.0,0.8745692096892697,0.4829571387944874,0.8213686290317334,1279,1228,1188,432,130,14948.660044826585,756,2442429.7601062064,398,11965658.804702455,21,5847582.929049061,13,24736519.29222745,0.6722306525037937
2025-11-16,91,0,0,0.0,0.0,2353008.1740727397,26,768184.0,2,303000.0,0,0.0,63,1281824.1740727397,33,55,64,20,5,0,1333,45472323.44613,34112.77077729182,3000.0,0.874429205598125,0.4813417491384228,0.8210478979945195,1295,1243,1204,436,129,14276.471861477718,768,2494829.7601062064,403,12142717.8129954,20,5932771.696218589,13,24887727.70494833,0.6729182295573893
2025-11-17,144,0,0,0.0,0.0,34479619.93542867,29,820000.0,5,62999.0,0,0.0,110,33596620.93542867,37,65,74,32,7,2,1360,46229324.44612999,33992.15032803676,3000.0,0.8746725307897649,0.48374485696060554,0.8189699129849953,1320,1267,1225,444,135,15973.748847016097,781,2539262.6148346104,411,12378118.444651205,20,5932771.696218589,13,25363197.941578582,0.6735294117647059
2025-11-18,297,0,0,0.0,0.0,46466362.616367415,24,2779800.0,4,413000.0,0,0.0,269,43273562.616367415,50,69,84,20,10,0,1370,48596124.44613001,35471.62368330658,3000.0,0.8803102550050493,0.47930084584239663,0.8282296143837485,1331,1277,1234,445,136,16098.091521161918,789,2556535.211716584,409,12042697.91353437,22,6688629.677665403,14,27292163.551692486,0.6751824817518248
2025-11-19,217,0,0,0.0,0.0,99377617.20891744,21,706500.0,1,15000.0,0,0.0,195,98656117.20891744,29,57,59,20,2,2,1390,49287624.44613,35458.72262311511,3000.0,0.8806688344208661,0.48792095713083083,0.8267844584146378,1352,1293,1249,450,141,16500.5410206604,799,2595191.169315079,413,12168699.667447655,23,6458768.173885919,14,28048464.894460686,0.6762589928057554
2025-11-20,223,0,0,0.0,0.0,61792621.394996986,39,3389000.0,3,384458.0,0,0.0,181,58019163.394996986,45,87,92,32,2,4,1424,52292166.44613,36722.0269986868,3000.0,0.8846187098129197,0.4819650112283056,0.8276153032821238,1384,1320,1275,461,149,17394.736348860606,814,2635657.7472497905,424,12646922.748911869,22,6789196.625258008,15,30202994.588361472,0.6762640449438202
2025-11-21,273,0,0,0.0,0.0,40990395.95871329,33,1389000.0,4,1016000.0,0,0.0,236,38585395.95871329,47,74,85,26,6,0,1444,52665166.44612999,36471.72191560249,3000.0,0.8826524609320953,0.44198279608195823,0.8252162496743543,1403,1338,1292,468,152,17675.057670758226,824,2686578.7202492226,430,12696367.504032683,21,6987447.642195077,17,30277097.521982256,0.6759002770083102
2025-11-22,255,0,0,0.0,0.0,54479058.49644052,25,330000.0,1,1000000.0,0,0.0,229,53149058.49644052,47,74,82,23,3,2,1466,51995166.44613,35467.37138208049,3000.0,0.8818763957151208,0.46182613044503756,0.8214796104102092,1424,1356,1306,474,160,19370.318031198327,832,2705404.7431580042,437,12847422.309559945,21,6410242.553718977,16,30012726.521661878,0.6766712141882674
2025-11-23,287,0,0,0.0,0.0,64876513.663859405,22,1338000.0,1,6000.0,0,0.0,264,63532513.663859405,44,68,76,19,3,3,1485,53327166.44612999,35910.549795373736,3000.0,0.883599039819141,0.45972675786865497,0.8209329180519175,1440,1373,1324,479,161,18730.646016308947,845,2732619.912746858,441,12997789.525305033,22,7062101.025460335,16,30515925.336601466,0.6774410774410774
2025-11-24,221,0,0,0.0,0.0,31728043.851147607,13,514000.0,2,53100.0,0,0.0,206,31160943.851147607,36,51,58,14,7,0,1492,53788066.44612999,36050.98287274128,3000.0,0.8840262226282649,0.44679090847754926,0.8213540288722202,1448,1378,1329,478,163,17982.797465397656,851,2753578.5395791037,439,12937460.028309945,21,6047026.008058345,18,32032019.072717205,0.6796246648793566
2025-11-25,423,0,0,0.0,0.0,26428456.03553008,32,2565101.0,6,266656.09601157956,0,0.0,385,23596698.939518496,55,84,93,26,4,2,1516,56086511.35011843,36996.37951854778,3000.0,0.8842459654542614,0.44158188787845837,0.8134744654201655,1471,1400,1351,493,165,18166.8187001121,858,2776801.109397025,449,13266598.584201653,26,7258157.271317754,18,32766787.56650188,0.674802110817942
2025-11-26,25853,0,0,0.0,0.0,43608134.97706997,21,2529000.0,3,854500.0,0,0.0,25829,40224634.97706997,52,11234,11241,11159,2,5,12678,57761011.35011841,4556.003419318379,89.58,0.9673973046820978,0.447296223180545,0.802015893694706,12632,1409,1358,493,11320,1018243.0939964352,865,2800763.9144358356,449,13216755.203010866,27,7888966.91467872,17,32836282.22399656,0.9611137403375927
2025-11-27,184,0,0,0.0,0.0,17365065.30207637,12,1358500.0,3,174683.0,0,0.0,169,15831882.30207637,48,62,74,12,7,1,12684,58944828.35011842,4647.179781623969,89.58,0.9678814123579462,0.4288800281600117,0.8047574790414516,12639,1417,1362,493,11322,1019887.0128359603,869,2819876.5444842326,447,13068773.327225838,27,7756031.822886548,19,34280259.642685845,0.9611321349731946
2025-11-28,27295,0,0,0.0,0.0,54215395.84173754,16,1332000.0,4,1020919.0,0,0.0,27275,51862476.84173754,48,27015,27021,26569,6,2,39249,59255909.35011842,1509.74316161223,200.0,0.8986527245016604,0.35877846591142637,0.7135368678436494,39201,28346,1371,497,37878,6404731.763651069,874,2842857.2956520906,449,12927044.331904538,31,8821531.706088688,17,28259744.252822038,0.9873372570001784
2025-11-29,250,0,0,0.0,0.0,23487819.134446178,14,280500.0,9,985654.0,0,0.0,227,22221665.134446178,54,69,82,19,9,3,39262,58550755.35011842,1491.28305613872,200.0,0.8974625970923534,0.3936357390109641,0.7126341127458393,39208,28354,1378,498,37884,6404122.141441665,880,2864373.886241385,454,13156993.732905027,29,8077595.73763632,15,28047669.851894025,0.9873159798278234
2025-11-30,147,0,0,0.0,0.0,22002047.277478147,18,585000.0,4,55684.0,0,0.0,125,21361363.277478147,47,61,74,18,10,2,39272,59080071.35011841,1504.3815275544514,200.0,0.8982374130536448,0.3732228315473584,0.7106721807638869,39221,28366,1391,503,37881,6403708.053645063,888,2894398.175576019,457,13195401.974822646,31,9536531.628763534,15,27050031.51731116,0.9871918924424526
2025-12-01,377,0,0,0.0,0.0,55815199.70859085,23,1754000.0,5,2106000.0,0,0.0,349,51955199.70859085,78,86,109,23,18,5,39282,58728071.35011841,1495.0377106592946,200.0,0.8974126094349276,0.3166010935218243,0.6981941723251853,39227,28374,1407,510,37875,6402599.243046394,897,2918570.9365143627,458,13203304.00200731,33,8610225.558675148,19,27593371.609875206,0.9870169543302276
2025-12-02,1287,0,0,0.0,0.0,37591152.53817148,24,2722000.0,6,3017525.06829,0,0.0,1257,31851627.469881482,903,95,941,22,832,2,38474,58432546.28182842,1518.754126990394,200.0,0.8994370868226009,0.3206239478726555,0.7022456848202977,38418,27566,1418,509,37056,6239442.843575124,909,2962993.9002448292,457,12996106.058532126,34,9499129.806344856,18,26734873.673131485,0.9867702864271976
2025-12-03,13483,0,0,0.0,0.0,52705116.37143618,23,1453000.0,5,1027699.0,0,0.0,13455,50224417.37143618,1938,11253,13130,946,1876,7,37551,58857847.28182842,1567.4109153372326,200.0,0.8811205419073957,0.3147952471934782,0.6855729698166046,37493,35449,1435,519,36116,6863688.765350388,916,2996841.0427316707,469,13645968.315731082,32,8823178.573656114,18,26528170.58435917,0.9861787968363026
2025-12-04,2215,0,0,0.0,0.0,49816529.49444855,23,2234000.0,5,2058400.0,0,0.0,2187,45524129.49444855,1918,99,1961,20,1861,3,35713,59033447.281828426,1652.996031748339,200.0,0.8872609781085468,0.28032316017641407,0.689382441342353,35656,33608,1450,519,34263,6491754.87509563,931,3057033.8901183233,467,13588036.508612491,33,10348179.509852089,19,25548442.498149887,0.9854674768291658
2025-12-05,31328,0,0,0.0,0.0,56178295.895009436,24,2912060.0,2,173200.0,0,0.0,31302,53093035.895009436,1165,29900,31010,29738,1115,2,64338,61772307.281828426,960.1216587681996,200.0,0.8023859345703657,0.2549617399131046,0.611433783518893,64282,62261,1455,519,62883,12233057.008521535,936,3064921.008830522,467,13504653.70645635,35,10220100.614998095,17,22749574.943021916,0.9919332276415183
2025-12-06,628,0,0,0.0,0.0,24092465.951986525,15,2054000.0,1,119211.0,0,0.0,612,21919254.951986525,442,69,469,17,395,1,63961,63707096.281828426,996.0303353891969,200.0,0.8094966440057363,0.25890021940110797,0.6222677985831688,63906,61886,1467,523,62494,12155359.849606933,944,3096678.200148066,471,13612183.674654067,32,8349093.352646463,20,26493781.20477289,0.9918231422272947
2025-12-07,533,0,0,0.0,0.0,8276688.661237116,24,1616000.0,2,403900.0,0,0.0,507,6256788.661237116,461,61,490,18,426,0,63553,64919196.28182843,1021.4969597316954,200.0,0.8142745284041323,0.28831247067600435,0.6314380579975714,63496,61479,1479,526,62074,12072482.607792405,953,3115706.994388066,476,13738555.452687053,31,8275437.352646463,19,27717013.87431443,0.9917234434251727
2025-12-08,1745,0,0,0.0,0.0,75434307.07455057,31,4688000.0,1,1000000.0,0,0.0,1713,69746307.07455057,1311,100,1362,23,1262,4,62318,68607196.28182843,1100.9210225268532,200.0,0.8276661937003582,0.2753339863691986,0.6446263415000492,62258,60241,1503,535,60815,11818251.199662298,968,3164483.165202636,480,13898455.97723265,33,8836113.093840957,22,30889892.84588988,0.9914150004814019
2025-12-09,1643,0,0,0.0,0.0,64111302.43761583,25,3174910.0,5,2028000.0,0,0.0,1613,58908392.43761583,1219,101,1250,14,1149,2,61185,69754106.28182842,1140.052403069844,200.0,0.833639013103723,0.2893355706713987,0.6494375764732756,61125,59107,1515,541,59670,11589273.27563683,974,3179437.8486783346,486,14184457.424783323,34,9618593.585003713,21,31182344.147726223,0.9911579635531584
2025-12-10,12010,0,0,0.0,0.0,61706474.64630576,16,2942000.0,4,108723.0,0,0.0,11990,58655751.64630576,882,10961,11779,364,816,14,60747,72587383.28182842,1194.913053843456,200.0,0.8333114050824662,0.2747094673121195,0.6465312232333389,60681,59393,1516,545,59231,12425059.31641785,971,3158715.6776174274,487,14273598.583285399,36,10789568.309576008,22,31940441.39493173,0.9910283635405863
2025-12-11,1405,0,0,0.0,0.0,62565653.899496906,16,1474000.0,3,2018000.0,0,0.0,1386,59073653.899496906,915,90,954,12,864,2,59897,72043383.28182842,1202.7878404899814,200.0,0.8343087054938938,0.2881796580643514,0.6433512875829029,59831,58546,1522,549,58375,12254442.637738723,973,3178338.2138323495,491,14461399.03406445,38,11387765.836236572,20,30761437.559956327,0.9908342654890896
2025-12-12,1519,0,0,0.0,0.0,38530359.76775425,22,3883105.1643015794,4,1034216.0,0,0.0,1493,33613038.60345267,1090,254,1311,69,1055,4,58915,74892272.44613,1271.1919281359585,200.0,0.8433291138796418,0.29337487896640985,0.6540213509462076,58849,57510,1534,559,57381,12047194.445888987,975,3189836.803622906,497,14474095.995968722,41,12209633.83624661,21,32971511.36440278,0.9905117542221845
2025-12-13,1020,0,0,0.0,0.0,13607403.577454166,5,42000.0,1,10000.0,0,0.0,1014,13555403.577454166,959,55,984,8,925,1,57999,74924272.44613001,1291.8200735552339,200.0,0.8457568834925133,0.2992639941590974,0.6567506210557909,57932,56595,1537,560,56462,11863750.352217065,977,3191411.2554335385,497,14362548.377330232,43,13084425.429455893,20,32422137.031693272,0.9903446611148468
2025-12-14,1024,0,0,0.0,0.0,1511033.4123798895,13,691000.0,5,25581.0,0,0.0,1006,794452.4123798895,1004,40,1023,6,983,0,57022,75589691.44613001,1325.6232935731823,200.0,0.8495829064853008,0.304020117318536,0.6604805801709313,56955,55619,1542,561,55480,11667466.936751768,981,3206333.7566555976,497,14390367.491441008,44,13344736.399757244,20,32980786.86152438,0.9901616919785347
2025-12-15,827,0,0,0.0,0.0,54672090.04438663,24,517000.0,4,1158000.0,0,0.0,799,52997090.04438663,573,94,614,17,522,1,56518,74948691.44613,1326.1030370170563,200.0,0.8495260228436355,0.29189225098621246,0.6561990060273998,56452,55117,1556,565,54962,11564013.685441231,991,3250027.639671439,500,14453393.29101255,45,13804314.57532281,20,31876942.25468197,0.9900031848260731
2025-12-16,177,0,0,0.0,0.0,20540982.17695025,17,1615000.0,2,10000.0,0,0.0,158,18915982.17695025,121,42,148,10,106,1,56423,76553691.44613,1356.7816572342838,200.0,0.8528723352536565,0.29318331993643354,0.6622234666885203,56358,55023,1562,568,54861,11544075.252833093,994,3258544.90336439,503,14555420.352672992,44,13751385.525693778,21,33444265.411565747,0.9899331832763235
2025-12-17,11831,0,0,0.0,0.0,29266177.103719283,7,63899.0,3,1758991.56581,0,0.0,11821,27443286.537909284,616,11203,11777,272,575,12,56132,74858598.88032,1333.6171681094563,200.0,0.8500136297412901,0.2998138734930242,0.6527579046775713,56067,54940,1568,568,54564,11678349.893694043,1000,3282673.66382804,504,14633033.170581441,44,12820895.657647174,20,32443646.4945693,0.9898809947979762
2025-12-18,802,0,0,0.0,0.0,18596258.66855386,20,1504000.0,2,102517.0,0,0.0,780,16989741.66855386,683,72,717,19,639,2,55514,76260081.88032,1373.7090081838815,200.0,0.85424500660687,0.29175895471066987,0.6537664651764323,55447,54318,1579,577,53935,11552586.181887709,1002,3277188.6077530403,510,14874022.925717149,46,13306722.389409844,21,33249561.77555226,0.9896062254566416
2025-12-19,589,0,0,0.0,0.0,27299583.762891226,20,3143000.0,2,1300000.0,0,0.0,567,22856583.762891226,361,93,398,15,305,1,55225,78103081.88032001,1414.2703826223633,200.0,0.8583979262540167,0.3164430518960005,0.6649379968103457,55157,54026,1586,577,53639,11493288.058758976,1009,3299284.5776797123,510,14676802.433666907,47,13918529.217522718,20,34715177.59269169,0.9895518334087823
2025-12-20,975,0,0,0.0,0.0,10972967.43643759,12,1479000.0,0,0.0,0,0.0,963,9493967.43643759,865,67,892,8,821,0,54412,79582081.88032,1462.583288251121,200.0,0.8629594646099431,0.3312692516774245,0.670668176455802,54344,53213,1590,578,52822,11331266.321491748,1012,3305027.4661903568,510,14772618.359407358,48,13810073.02180541,20,36363096.71142513,0.9893773432331103
2025-12-21,803,0,0,0.0,0.0,47538108.661567025,11,572000.0,2,203000.0,0,0.0,790,46763108.661567025,523,68,553,15,484,5,53948,79951081.88032,1482.0027040913471,200.0,0.8646477029220415,0.3149914357410381,0.6688562819118775,53881,52742,1596,585,52352,11237257.769414403,1011,3300760.447962499,516,15037280.301640179,48,14191877.290771626,21,36183906.070531294,0.9891562245124935
2025-12-22,958,0,0,0.0,0.0,32126469.96177135,17,2762190.0,2,2000000.0,0,0.0,939,27364279.96177135,732,80,772,11,691,2,53270,80713271.88032,1515.1731158310492,200.0,0.8674726492617345,0.30502591101680704,0.6712266244090124,53203,52065,1605,588,51665,11099232.327651527,1017,3319693.0810063165,518,15117449.442428103,48,14557257.742792215,22,36619639.28644184,0.9889618922470433
2025-12-23,744,0,0,0.0,0.0,17085402.87779313,8,409000.0,4,557344.0,0,0.0,732,16119058.877793131,483,68,509,9,441,3,52841,80564927.88032,1524.6669798134023,200.0,0.8682230970057995,0.303733600763626,0.6668324964921993,52775,51632,1604,591,51237,11014372.40914521,1013,3302858.215357023,516,15024385.267669985,54,15753036.34779635,21,35470275.64035144,0.988815503113113
2025-12-24,11811,0,0,0.0,0.0,42845896.69067903,15,1202162.0,5,2520218.0,0,0.0,11791,39123516.69067903,393,11223,11564,179,338,14,52696,79246871.88032,1503.8498535053893,200.0,0.8659089332681917,0.2974081985154819,0.6606620880277417,52629,51427,1618,593,51078,11196052.774877805,1025,3349011.213557844,521,15146404.045765206,51,14986734.44220597,21,34568669.40391318,0.9887467739486868
2025-12-25,797,0,0,0.0,0.0,52608216.30637543,32,2045634.56581,6,1385000.0,0,0.0,759,49177581.74056543,306,100,352,25,248,4,52477,79907506.44613001,1522.7148359496543,200.0,0.8674106357928729,0.2747012827472673,0.6579359860554467,52410,51210,1636,597,50841,11148528.87885453,1039,3389384.6761959856,519,14995568.844212975,56,16423329.524979064,22,33950694.521887444,0.9886235874764182
2025-12-26,11804,0,0,0.0,0.0,14200256.939616911,16,367000.0,1,7980.0,0,0.0,11787,13825276.939616911,515,11106,11575,145,468,4,52158,80266526.44613001,1538.9111247772155,200.0,0.868114553348874,0.2701831375568735,0.656161365114375,52089,50792,1646,600,50512,11303519.786690665,1046,3419323.7563802125,522,15075889.337177377,56,16781131.60987457,22,33686661.956007175,0.9884964914298862
2025-12-27,947,0,0,0.0,0.0,28256989.211480856,13,611000.0,1,18503.0,0,0.0,933,27627486.211480856,683,73,716,11,645,0,51524,80859023.44613001,1569.3467790957613,200.0,0.8705720234873288,0.2955271223991427,0.6628974594684554,51456,50158,1653,600,49871,11174834.947026301,1053,3448263.114818719,525,15134684.166745126,53,15205206.698500242,22,35896034.519039616,0.9883549413865383
2025-12-28,244,0,0,0.0,0.0,15595479.406383574,13,146000.0,4,684615.0,0,0.0,227,14764864.406383574,174,61,200,11,133,1,51403,80320408.44613,1562.562660664358,200.0,0.8700526288852064,0.31314748963593253,0.6644807576060544,51333,50033,1656,596,49747,11149955.637159614,1060,3480662.5986185456,524,15118424.354839658,51,14419231.584073821,21,36152134.27143836,0.9884053459914791
2025-12-29,410,0,0,0.0,0.0,6545794.531123289,24,1981998.0,1,3338.75,0,0.0,385,4560457.781123289,321,64,350,16,289,1,51131,82299067.69613,1609.5728168064381,200.0,0.8736870518307575,0.3234291044922035,0.6673509997566751,51060,49763,1672,607,49459,11091461.942004781,1065,3485654.2412607325,534,15499586.406809855,52,14604451.34055207,21,37617913.765502565,0.9881285325927519
2025-12-30,819,0,0,0.0,0.0,39386713.54931853,16,1496000.0,5,1010676.0,0,0.0,798,36880037.54931853,640,70,670,11,599,3,50546,82784391.69613001,1637.8030248907926,200.0,0.8757106253432166,0.324555054146647,0.6690920655602967,50474,49178,1681,608,48865,10972562.414933693,1073,3520489.885802841,535,15600959.75927716,52,14822286.906681603,21,37868092.729434706,0.9879713528271278
2025-12-31,480,0,0,0.0,0.0,2424201.906237689,7,240000.0,3,159492.0,0,0.0,470,2024709.9062376888,385,71,417,11,345,0,50212,82864899.69613001,1650.3007188745719,200.0,0.8765806930167406,0.3265901801916532,0.6710529953780584,50140,48848,1681,606,48531,10905238.422599267,1075,3527042.326868077,532,15425879.793872252,53,14943876.629468037,21,38062862.523322366,0.9879311718314348
2026-01-01,181,0,0,0.0,0.0,32913216.458170272,10,546000.0,2,1136000.0,0,0.0,169,31231216.458170272,52,52,68,4,15,4,50205,82274899.69613,1638.7790000225075,200.0,0.87564275087847,0.3052984694848368,0.6648683009079321,50133,48844,1683,609,48522,10904089.324516978,1074,3519423.4413738716,532,15449414.161902655,55,15283571.814089544,22,37118400.95424695,0.98786973409023
2026-01-02,166,0,0,0.0,0.0,48412839.62442001,7,52000.0,1,28000.0,0,0.0,158,48332839.62442001,34,45,49,6,2,1,50210,82298899.69613,1639.0937999627563,200.0,0.8755988673815017,0.28520850794815134,0.6630037546674383,50137,48850,1688,612,48522,10904250.882117024,1076,3529533.328042535,534,15500635.982437365,55,15892133.115425278,23,36472346.3881078,0.9878111929894443
2026-01-03,124,0,0,0.0,0.0,31445220.420778867,6,24000.0,1,156200.0,0,0.0,117,31265020.420778867,34,42,51,8,9,0,50209,82166699.69613,1636.4934512961818,200.0,0.8754018527281299,0.2920688788032177,0.6636046864204532,50137,48851,1692,611,48517,10904086.223266799,1081,3550148.124825383,534,15486258.361983918,55,16227871.13084452,22,35998335.85520938,0.9878308669760402
2026-01-04,124,0,0,0.0,0.0,21532054.025140587,17,156000.0,3,1057050.0,0,0.0,104,20319004.025140587,36,51,61,14,6,1,50218,81265649.69612998,1618.2573916948102,200.0,0.8739658952063116,0.2809053003648808,0.6607300013150709,50147,48862,1705,610,48513,10904097.375854557,1095,3601221.2038236293,535,15565678.28585776,52,15366701.093355473,23,35827951.73723858,0.9878529610896492
2026-01-05,547,0,0,0.0,0.0,51820230.46688722,23,725000.0,6,1756000.0,0,0.0,518,49339230.46688722,320,86,361,28,271,2,49977,80234649.69613001,1605.4314924091084,200.0,0.8728911343079484,0.28945979923165066,0.6565868630478998,49906,48616,1722,619,48255,10851000.98768139,1103,3630370.875199653,546,15772260.881519828,51,14756311.35926552,22,35224705.59246361,0.9876143025791865
2026-01-06,349,0,0,0.0,0.0,25673672.15745031,17,180005.0,6,230311.0,0,0.0,326,25263356.15745031,199,68,227,14,156,0,49835,80184343.69613,1608.996562579111,200.0,0.8732006421574479,0.30853303856841163,0.6614807212550431,49763,48471,1726,617,48109,10820916.672778305,1109,3653324.697951738,549,15869704.82392162,47,14100878.295297489,21,35739519.20618085,0.9876191431724691
2026-01-07,11058,0,0,0.0,0.0,27430821.14662016,12,1326000.0,3,208517.0,0,0.0,11043,25896304.14662016,68,10954,10987,170,30,23,49998,81301826.69613001,1626.1015779857196,200.0,0.8739583638155362,0.28516601809787984,0.6586522529654397,49927,48489,1738,622,48260,11064498.081894405,1116,3662973.428566232,550,15824723.8620576,50,15565113.140592461,22,35184518.183019295,0.9875595023800952
2026-01-08,101,0,0,0.0,0.0,17376358.177474387,15,1133338.75,3,219231.0,0,0.0,83,16023788.427474387,49,62,73,8,11,4,49999,82215934.44613,1644.351575954119,200.0,0.8753943149170532,0.29959668848866156,0.6649889961681562,49928,48488,1741,621,48258,11063013.815855168,1120,3665067.181273484,551,15815161.732642427,47,14041070.015297487,23,37631621.70106143,0.9875797515950319
2026-01-09,267,0,0,0.0,0.0,71492436.76309435,11,1813000.0,2,6000.0,0,0.0,254,69673436.76309435,104,74,133,8,60,7,49954,84022934.44613,1682.006134566401,200.0,0.8780920320404989,0.28509568462004287,0.6700085005745835,49884,48444,1744,625,48210,11055636.418480068,1119,3657110.1201748243,553,15814107.585347027,47,14541504.302423663,25,38954576.01970442,0.9874884894102575
2026-01-10,350,0,0,0.0,0.0,18453095.335881796,10,186000.0,1,272830.0,0,0.0,339,17994265.335881796,291,62,311,6,254,2,49708,83936104.44613001,1688.5834160724633,200.0,0.8785428233633907,0.30530150884771035,0.6704844657635995,49637,48198,1742,629,47966,11006273.863579601,1113,3641560.3599171536,559,16010416.074792072,46,13652034.813638665,24,39625819.3342025,0.9873461012311902
2026-01-11,253,0,0,0.0,0.0,12624577.010463906,6,19000.0,3,166359.0,0,0.0,244,12439218.010463906,203,54,224,6,163,1,49552,83788745.44613001,1690.9256023193818,200.0,0.8786611876875328,0.29416775547307816,0.6707565789772622,49478,48043,1743,629,47809,10973679.831030576,1114,3648865.6794363,558,15864347.683420306,46,13653905.070449652,25,39647947.18179317,0.9873062641265741
2026-01-12,318,0,0,0.0,0.0,72647832.28216794,10,1178000.0,6,230000.0,0,0.0,302,71239832.28216794,175,53,195,9,139,5,49427,84736745.44613001,1714.3817234736077,200.0,0.8802527832190786,0.2850370638887898,0.6725064838088439,49354,47916,1745,628,47682,10948010.672018358,1117,3653594.939478341,555,15849129.105251335,47,14132897.603925288,26,40153113.125456676,0.9872943937524026
2026-01-13,426,0,0,0.0,0.0,97765754.51803032,21,953000.0,2,520000.0,0,0.0,403,96292754.51803032,236,68,265,13,196,2,49246,85169745.44613001,1729.4753979232833,200.0,0.8812500823312331,0.308516281932381,0.6750029876227907,49174,47735,1756,627,47490,10909156.72659125,1129,3701429.155217092,555,15869326.933111332,48,14413579.433042958,24,40276253.19816737,0.9872680014620476
2026-01-14,11544,0,0,0.0,0.0,40613334.62685418,8,112000.0,3,22357.0,0,0.0,11533,40478977.62685418,372,11044,11366,144,327,22,49085,85259388.44613001,1736.9744004508507,200.0,0.8818575573412878,0.29744308121152613,0.6734406273415281,49015,47428,1760,629,47325,10945217.736907452,1131,3706799.185948075,557,15990235.481357649,48,15257320.840289526,24,39359815.2016273,0.9871854945502699
2026-01-15,433,0,0,0.0,0.0,56165514.71295118,12,774000.0,3,2098357.0,0,0.0,418,53293157.71295118,268,77,299,5,218,3,48875,83935031.44613,1717.3407968517645,200.0,0.8804110601223425,0.28452501468508723,0.6672091430315303,48806,47222,1764,634,47111,10902025.772984166,1130,3691934.3493340183,561,16038850.922314864,49,15420604.346693557,24,37881616.0548034,0.9870281329923274
2026-01-16,697,0,0,0.0,0.0,52325463.82347789,13,651500.0,5,131600.0,0,0.0,679,51542363.82347789,284,285,526,27,236,6,48672,84454931.44613001,1735.1851464112838,200.0,0.8816116931996483,0.28234186074815915,0.6677564216267541,48602,47006,1764,633,46908,10861828.173878524,1131,3714172.095640219,559,16083608.365410656,49,14950160.31734204,25,38845162.49385856,0.9869945759368837
2026-01-17,315,0,0,0.0,0.0,57605673.06886733,18,610000.0,5,75583.35,0,0.0,292,56920089.71886733,164,63,185,11,125,1,48559,84989348.09613,1750.2285486960193,200.0,0.8826589673744174,0.3089349075631933,0.6718800960092514,48487,46888,1766,635,46793,10837654.310479548,1131,3700131.336677748,563,16148911.09038119,49,15046474.960657533,23,39256176.397933975,0.9869231244465495
2026-01-18,459,0,0,0.0,0.0,110042318.26706508,13,379000.0,6,1045195.0,0,0.0,440,108618123.26706508,185,66,204,10,145,2,48426,84323153.09613,1741.2785093984637,200.0,0.8820209508882538,0.3066347315131139,0.6684411833682044,48351,46754,1766,636,46660,10810406.74888152,1130,3694954.21840535,563,16152723.88792773,51,15808660.830944382,22,37856407.40997103,0.9868665592863338
2026-01-19,329,0,0,0.0,0.0,3940482.623743769,18,1199000.0,1,29931.0,0,0.0,310,2711551.623743769,255,63,283,15,216,2,48227,85492222.09613001,1772.7045450915466,200.0,0.884015511243083,0.30941754807440086,0.6719619213952425,48152,46553,1776,638,46451,10769039.49410126,1138,3728009.014971392,564,16147655.762993012,52,16394724.083647668,22,38452793.74041666,0.9867708959711365
2026-01-20,248,0,0,0.0,0.0,23258119.505510923,18,1468000.0,2,379033.0,0,0.0,228,21411086.505510923,159,68,187,7,117,2,48119,86581189.09613,1799.3139736098008,200.0,0.8856735025725574,0.327937542048863,0.6761510986407835,48045,46449,1786,640,46333,10744376.117376542,1146,3752647.2760748044,568,16342199.573704941,50,15348743.78912102,22,40393222.33985268,0.9866996404746565
2026-01-21,11039,0,0,0.0,0.0,7717331.2994297575,16,425700.0,11,1053079.0,0,0.0,11012,6238552.2994297575,333,10688,10971,108,283,16,47960,85953810.09613,1792.1978752320683,200.0,0.8851619424036521,0.3336780641232683,0.6729809607807467,47884,46285,1788,641,46172,10787868.498935305,1147,3754823.899643495,569,16365839.99629179,51,15364376.744363721,21,39680900.95689569,0.9866346955796497
2026-01-22,318,0,0,0.0,0.0,32796087.989853665,19,3665614.0,4,1022571.0,0,0.0,295,28107902.989853665,228,55,250,6,193,2,47775,88596853.09613,1854.460556695552,200.0,0.8888936049140448,0.3281155961058665,0.6800297330437229,47697,46099,1795,641,45980,10748513.026679005,1154,3781023.0234539965,566,16318822.686521769,53,16678485.092734654,22,41070009.26674058,0.9865829408686552
2026-01-23,418,0,0,0.0,0.0,67731264.47750616,20,121000.0,2,1005000.0,0,0.0,396,66605264.47750617,213,74,239,15,167,2,47625,87712853.09612998,1841.739697556535,200.0,0.8880368024446489,0.3154010864627179,0.6765102271225801,47547,45950,1805,644,45820,10715420.90355396,1161,3800483.8449680824,568,16258306.177975554,54,17273913.00636824,22,39664729.16326416,0.9864776902887139
2026-01-24,375,0,0,0.0,0.0,102455618.35501903,12,573000.0,3,1510300.0,0,0.0,360,100372318.35501903,204,50,222,6,165,2,47468,86775553.09613,1828.0853015953905,200.0,0.8872230892661784,0.33657748666211934,0.6770867164594174,47388,45790,1807,644,45661,10682864.780934315,1163,3820486.6006685435,571,16217627.399718642,53,16847876.749997772,20,39206697.56481072,0.9864329653661414
2026-01-25,212,0,0,0.0,0.0,21517170.190956652,18,685820.0,3,1010000.0,0,0.0,191,19821350.190956652,121,63,142,11,79,1,47401,86451373.09613,1823.8301532906478,200.0,0.8869067874618507,0.32878976906453206,0.675136972626536,47322,45724,1811,645,45590,10669113.390329253,1166,3821225.9545537247,572,16294515.439718643,52,16242191.315940097,21,39424326.99558828,0.9863926921372966
2026-01-26,395,0,0,0.0,0.0,66090161.320738085,32,1994500.0,11,3057947.0,0,0.0,352,61037714.320738085,113,92,143,13,47,6,47373,85387926.09613,1802.4597575861778,200.0,0.885511368822129,0.3116947394635564,0.6680018957654192,47290,45692,1819,647,45554,10661806.083055772,1172,3837199.6698284056,572,16349623.835553471,53,15924329.129825708,22,38614967.37786664,0.986342431342748
2026-01-27,381,0,0,0.0,0.0,39090793.3978273,21,825600.0,6,1241539.0,0,0.0,354,37023654.3978273,209,63,233,12,168,0,47217,84971987.09612998,1799.6058007948404,200.0,0.8852914727487601,0.31415790458429016,0.6674369782681742,47134,45534,1823,648,45394,10629312.874035098,1175,3841672.6378946016,574,16387555.279317016,52,15418824.890399743,22,38694621.41448353,0.986276129360188
2026-01-28,11201,0,0,0.0,0.0,24088983.2669685,20,1402000.0,4,1196900.0,0,0.0,11177,21490083.2669685,224,10732,10893,161,163,7,47222,85177087.09613,1803.758567958367,200.0,0.8855058047097613,0.2820850976871845,0.6604072385266643,47138,45419,1836,658,45386,10702639.886354506,1178,3841942.7325538164,581,16680939.602321308,54,16924377.94067872,23,37027186.93422165,0.9860658167803142
2026-01-29,513,0,0,0.0,0.0,73587208.60787871,17,977000.0,1,3000.0,0,0.0,495,72607208.60787871,124,82,153,17,73,2,47168,86151087.09612998,1826.4731830081832,200.0,0.88694214421043,0.30020329892204406,0.6677160575724367,47085,45365,1840,654,45328,10692651.270940475,1186,3869795.959593989,580,16664175.634188,50,15061623.679428974,24,39862840.55197856,0.9861346675712347
2026-01-30,331,0,0,0.0,0.0,44865201.98066689,27,2136562.35,2,1030200.0,0,0.0,302,41698439.63066689,111,72,136,3,59,4,47116,87257449.44613,1851.9706563827574,200.0,0.8884587330947461,0.31048216167169823,0.6700716120741095,47033,45312,1843,659,45273,10681700.6484502,1184,3865479.149617347,585,16841529.832219016,50,14776858.289850065,24,41091881.52599337,0.986013243908651
2026-01-31,458,0,0,0.0,0.0,76332817.13633889,16,317000.0,4,60394.0,0,0.0,438,75955423.13633889,156,76,179,10,103,2,47025,87514055.44613001,1861.0112800878258,200.0,0.8889578240716499,0.32106149962235375,0.669280501411909,46939,45219,1848,664,45177,10660258.401798397,1184,3858387.248576905,589,16923958.886179194,52,14974057.030007191,23,41097393.87956831,0.985879851143009
2026-02-01,164,0,0,0.0,0.0,29474261.401192874,11,190000.0,2,48900.0,0,0.0,151,29235361.401192874,45,52,55,5,3,1,47028,87655155.44613001,1863.8929030817812,200.0,0.8891369323865829,0.32527689318502795,0.6716709805414796,46944,45222,1852,663,45176,10659671.600490324,1189,3871399.624473858,590,16948660.01314786,50,14663227.572850108,23,41512196.635167845,0.9859020158203623
2026-02-02,272,0,0,0.0,0.0,34163632.09023601,15,469000.0,7,182139.0,0,0.0,250,33512493.09023601,69,61,85,8,19,2,47019,87942016.44613,1870.3506337040344,200.0,0.8895366119078261,0.3296837568868612,0.6734510507233128,46932,45211,1854,661,45165,10656478.369835814,1193,3886128.497503536,589,16974766.20041755,50,15431589.008206839,22,40993054.370166264,0.9859418532933495
2026-02-03,205,0,0,0.0,0.0,22888728.97606144,13,488000.0,5,2330000.0,0,0.0,187,20070728.97606144,48,55,66,7,8,1,47019,86100016.44613,1831.1749813081944,200.0,0.887172992991478,0.32442341309996664,0.6668437246041901,46933,45211,1859,662,45160,10655566.784580186,1197,3903818.4150597784,592,17125375.591070697,48,14482394.452002592,22,39932861.20341675,0.9859205852953061
2026-02-04,10685,0,0,0.0,0.0,30161818.20529207,10,1443000.0,5,149115.0,0,0.0,10670,28569703.20529207,80,10422,10459,100,36,11,47094,87393901.44613001,1855.7332451295283,200.0,0.8886941930124662,0.3490134651042737,0.6716015875069863,47005,45265,1857,659,45237,10748576.129188014,1198,3906143.1577060064,588,16945299.209585957,51,15292234.576954788,20,40501648.37269523,0.9860067099842867
2026-02-05,243,0,0,0.0,0.0,24115559.958394814,16,1640000.0,0,0.0,0,0.0,227,22475559.958394814,107,59,127,9,69,3,47037,89033901.44613001,1892.8482140895467,200.0,0.8907873014105966,0.3501916066973907,0.6752112839909999,46948,45211,1864,663,45173,10736000.824600492,1201,3920027.5122969365,592,17161178.195062984,50,15037769.916212182,21,42178924.99795741,0.9859047133107979
2026-02-06,274,0,0,0.0,0.0,17405734.726425033,14,1439000.0,2,62345.0,0,0.0,258,15904389.726425033,161,68,182,6,113,4,46934,90410556.44613001,1926.3339252169005,200.0,0.8926004834880913,0.3514097567537025,0.6783526421649445,46847,45110,1870,666,45064,10714931.424707297,1204,3924140.206430543,592,17041244.97015702,52,14959088.196133703,22,43771151.64870143,0.9858098606553884
2026-02-07,117,0,0,0.0,0.0,8012880.346121428,6,189000.0,2,6000.0,0,0.0,109,7817880.346121428,81,34,92,4,57,0,46881,90593556.44613001,1932.4151883733284,200.0,0.892981643738577,0.37159406768345077,0.6822792791035946,46794,45057,1868,664,45013,10704695.497615028,1204,3923878.0764305433,593,17054876.488588043,50,14246078.237768637,21,44664028.145727746,0.9858364795972783
2026-02-08,78,0,0,0.0,0.0,8223497.035956878,11,382000.0,1,57600.0,0,0.0,66,7783897.035956878,36,38,51,10,10,5,46886,90917956.44613,1939.1280221415773,200.0,0.8932961828553799,0.3656935472221781,0.6793764562014201,46799,45059,1874,668,45012,10704032.586469125,1206,3930088.0764305433,596,17316316.727783483,51,14719409.05647008,21,44248109.99897677,0.9857526767051998
2026-02-09,279,0,0,0.0,0.0,69819035.81141636,10,1393000.0,4,167500.0,0,0.0,265,68258535.81141636,91,64,110,3,43,3,46849,92143456.44613001,1966.817999234349,200.0,0.894735629820554,0.3581409890950495,0.6832731014222672,46763,45025,1878,669,44971,10696200.678057183,1209,3934668.908463139,596,17253441.59789483,50,14258796.631461235,23,46000348.63025361,0.9857200794040428
2026-02-10,297,0,0,0.0,0.0,52213063.237717524,10,1083000.0,3,1000000.0,0,0.0,284,50130063.237717524,114,51,132,7,79,0,46777,92226456.44613001,1971.6197371813073,200.0,0.8950045728092393,0.3564053378147305,0.6862072775640998,46690,44951,1876,667,44901,10681517.517024845,1209,3942848.8284199163,595,17115624.503402345,48,13616464.232144404,24,46870001.36513849,0.9857408555486671
2026-02-11,353,0,0,0.0,0.0,31123794.293407727,7,416000.0,4,2040800.0,0,0.0,342,28666994.293407727,235,46,251,5,203,2,46581,90601656.44612998,1945.0345944941066,200.0,0.8934547980340799,0.34297264906655023,0.678184158198571,46494,44756,1881,670,44700,10641698.843640102,1211,3954914.201648698,596,17160435.292526405,51,14770717.987168113,23,44073890.121146694,0.9856164530602606
2026-02-12,10632,0,0,0.0,0.0,40338620.92453,7,191000.0,1,733432.0,0,0.0,10624,39414188.92453,201,10351,10514,95,153,16,46539,90059224.44613001,1935.1344989391694,200.0,0.8927969350262497,0.3293977869279301,0.6739046351793743,46451,44631,1883,672,44656,10711463.002747538,1211,3952405.651199625,598,17304026.99727621,51,15426019.569905663,23,42665309.22500097,0.9855604976471347
2026-02-13,473,0,0,0.0,0.0,49548655.0910747,14,2782000.0,3,63000.0,0,0.0,456,46703655.0910747,114,203,284,21,78,0,46482,92778224.44612998,1996.0032796809512,200.0,0.8959541876400572,0.32605843567832915,0.6791199559302392,46394,44575,1887,673,44595,10703195.607989559,1214,3960636.5909882034,594,17206848.550010603,55,16656420.969223572,24,44251122.72791806,0.985521277053483
2026-02-14,305,0,0,0.0,0.0,102896997.40976386,3,173000.0,4,141481.0,0,0.0,298,102582516.40976386,53,51,68,4,15,1,46472,92809743.44613001,1997.1110226831213,200.0,0.8959721926057763,0.32055327605099765,0.6781005190310364,46383,44566,1890,675,44582,10701064.471820842,1215,3966246.43696193,596,17308097.33538913,54,16083867.890848512,25,44750467.31110959,0.985475124806335
2026-02-15,114,0,0,0.0,0.0,5679128.657263734,0,0.0,3,1091100.0,0,0.0,111,4588028.657263734,35,34,43,3,7,0,46468,91718643.44613,1973.802260612249,200.0,0.8947456727235173,0.3079936865027862,0.6748695879706007,46380,44563,1887,673,44581,10701178.505467225,1214,3964090.303621928,594,17255251.525328666,54,16549359.995703992,25,43248763.11600819,0.9855169148661445
2026-02-16,238,0,1,0.0,48251909.55387,12465492.789625589,7,345300.0,6,1694313.0,0,0.0,224,10425879.789625589,107,52,120,3,67,1,46405,90369630.44613001,1947.4114954451031,200.0,0.8932817096749444,0.29002449658681856,0.6692608310959506,46318,44501,1888,673,44517,10687943.67431024,1215,3960127.3869619295,593,17240705.40664693,55,17271447.40133521,25,41209406.57687569,0.9854972524512445
2026-02-17,82,0,0,0.0,0.0,5282533.204211235,8,83000.0,2,1201960.0,0,0.0,72,3997573.2042112355,28,37,42,6,3,1,46409,89250670.44612998,1923.1328071307285,200.0,0.8919420138054154,0.2912335486870419,0.6653263841608716,46322,44506,1892,673,44517,10688004.33164332,1219,3971055.3869619295,593,17210784.875667516,56,17388036.37513311,24,39992789.476724125,0.9854985024456463
2026-02-18,10207,0,0,0.0,0.0,5138745.148075039,3,26000.0,2,1005000.0,0,0.0,10202,4107745.1480750386,29,10163,10167,93,3,7,46506,88271670.44613001,1898.0705811321122,200.0,0.8904711936689332,0.28825311773657625,0.6610573729368732,46418,44583,1890,673,44616,10787214.273024857,1217,3970787.82696193,593,17161029.776275083,57,17908054.35595556,23,38444584.21391257,0.9855287489786264
2026-02-19,113,0,0,0.0,0.0,6148329.992514953,2,103000.0,1,308105.0,0,0.0,110,5737224.992514953,37,42,53,7,8,0,46505,88066565.44613001,1893.7010094856469,200.0,0.8901623338396223,0.28987003352809215,0.656389223260861,46416,44583,1897,679,44608,10784760.24249618,1218,3974787.82696193,600,17601072.888234828,54,15178086.209863434,25,40527858.27857363,0.9853994194172669
2026-02-20,51,0,0,0.0,0.0,1597920.920505362,7,200998.0,1,1000000.0,0,0.0,43,396922.920505362,29,29,41,7,4,2,46510,87267563.44613001,1876.3182852317782,200.0,0.8891781984016899,0.29458587696861677,0.6541127729983328,46419,44583,1903,679,44607,10781410.673739057,1224,3997039.3845752524,601,17606285.469259646,54,15175036.209863434,24,39707791.70869261,0.9854009890346163
2026-02-21,62,0,0,0.0,0.0,1810679.8031564888,6,218000.0,5,18799.0,0,0.0,51,1573880.8031564888,30,32,38,1,5,3,46509,87466764.44613001,1880.6416918473844,200.0,0.8894057743576084,0.29227015250980715,0.6529614581194498,46417,44583,1902,680,44607,10781709.609431418,1222,3994866.846460558,602,17777761.940502524,54,15348501.465525702,24,39563924.5842098,0.9853791739233266
2026-02-22,166,0,0,0.0,0.0,2012148.5098369096,9,711100.0,3,256479.0,0,0.0,154,1044569.5098369097,146,36,160,6,120,4,46399,87921385.44612998,1894.8982832847687,200.0,0.8901511193103122,0.28929756568535253,0.652682193087995,46306,44471,1909,682,44490,10757319.480237728,1227,4016117.892945786,603,17863225.40063144,55,15849279.891066054,24,39435442.78124899,0.9853014073579172
2026-02-23,369,0,0,0.0,0.0,1244033.480920005,1,3000.0,3,61101.0,0,0.0,365,1179932.480920005,352,27,362,3,330,3,46075,87863284.44613001,1906.9622234645688,200.0,0.8907685350997758,0.29023446624830923,0.6544859610849932,45979,44143,1907,680,44168,10692390.50641169,1227,4013744.366460558,600,17651863.40844821,56,16004332.700763632,24,39500953.46404591,0.985241454150841
2026-02-24,412,0,0,0.0,0.0,2384468.108493313,9,61000.0,5,1079000.0,0,0.0,398,1244468.1084933132,364,48,378,4,325,1,45755,86845284.44613001,1898.0501463475032,200.0,0.8901858149664753,0.2973364689750905,0.6528290240455917,45659,43822,1904,676,43851,10629813.50125074,1228,4025398.4424542077,597,17594950.21449618,57,16772852.063579228,22,37822270.22434965,0.9852256583979893
2026-02-25,10268,0,0,0.0,0.0,9728685.184945203,10,862995.0,4,738825.0,0,0.0,10254,8126865.184945202,93,10113,10169,79,50,4,45788,86969454.44613,1899.3940431145713,200.0,0.8900845500148186,0.3004473433148304,0.6529325094776224,45693,43801,1907,676,43881,10718910.93972458,1231,4030948.0556662893,597,17534411.311327703,57,16555442.6015315,22,38129741.53787993,0.9852363064558399
2026-02-26,82,0,0,0.0,0.0,3640379.222351253,9,45000.0,5,1175177.0,0,0.0,68,2420202.222351253,41,41,53,5,10,0,45783,85839277.44613001,1874.9159610800955,200.0,0.8886794954769544,0.29579842832519704,0.6501527496318261,45687,43795,1907,672,43876,10717383.950760597,1235,4058939.35133039,594,17454311.886028394,56,16217518.900874829,22,37391123.35713579,0.9853220627743923
2026-02-27,178,0,0,0.0,0.0,835303.2202652916,13,348000.0,1,10000.0,0,0.0,164,477303.2202652917,141,37,154,4,116,1,45672,86177277.44613,1886.8733019383867,200.0,0.8893182190830217,0.2959803120603133,0.6500958236573353,45576,43685,1907,673,43765,10696154.499947023,1234,4054457.6252599433,594,17503177.159034453,57,16416710.690874828,22,37506777.471013755,0.9852644946575583
2026-02-28,141,0,0,0.0,0.0,1880248.3097236692,12,279000.0,3,1042048.0,0,0.0,126,559200.3097236691,95,46,111,10,60,1,45623,85414229.44613001,1872.1747681241918,200.0,0.8884218905275113,0.28801984078951487,0.6457747475424591,45523,43631,1911,677,43712,10684359.868807921,1234,4042085.2441370133,598,17629431.87607678,57,16457359.690874828,22,36600992.76623346,0.985160993358613
2026-03-01,79,0,0,0.0,0.0,1789295.128783342,12,462000.0,2,1003000.0,0,0.0,65,324295.1287833419,59,29,70,8,37,1,45595,84873229.44612998,1861.4591390751175,200.0,0.8877208033543658,0.2796284960085586,0.641015683594519,45495,43605,1914,679,43681,10678872.586851206,1235,4047278.276107883,599,17742007.390885446,58,16672097.690874828,22,35732973.50141064,0.9851080162298498
2026-03-02,124,0,0,0.0,0.0,7688177.8657400515,16,1615199.0,2,1003400.0,0,0.0,106,5069578.8657400515,62,58,84,18,23,1,45591,85485028.44613,1875.041750479919,200.0,0.8883939332945794,0.27248754723317925,0.6337222021001645,45489,43596,1926,690,43665,10674508.84214223,1236,4053051.273275846,606,18183707.857235216,62,17280154.74703219,22,35293605.72644452,0.9848654339672304
2026-03-03,168,0,0,0.0,0.0,8194201.606661664,8,852500.0,2,38341.0,0,0.0,158,7303360.606661664,71,59,92,16,27,5,45585,86299187.44613001,1893.1487867967535,200.0,0.8893956507900478,0.28389592203594405,0.6347338577451469,45479,43587,1938,695,43647,10670779.696230827,1243,4087806.683775339,612,18463584.898170173,62,17577028.776981816,21,35499987.39097185,0.9847537567182187
2026-03-04,10389,0,0,0.0,0.0,13245458.835066766,9,1465000.0,3,208000.0,0,0.0,10377,11572458.835066766,141,10097,10138,85,42,13,45641,87556187.44613001,1918.3669824528386,200.0,0.8906079115048426,0.2783243965464277,0.6345872655312944,45535,43633,1944,702,43697,10761973.221114337,1242,4082968.925009583,618,18749203.72822099,62,17593018.536935043,22,36369023.034850046,0.9846190924826362
2026-03-05,230,0,0,0.0,0.0,6770436.17269512,6,535000.0,4,1527987.46837,0,0.0,220,4707448.70432512,87,58,102,7,40,1,45609,86563199.97776,1897.941195328992,200.0,0.8894657939650991,0.27306938022399113,0.6322424653668848,45504,43598,1942,699,43667,10755434.695345476,1243,4094097.507748315,616,18684736.81068056,61,17391171.595853325,22,35637759.36813232,0.9846740774847069
2026-03-06,244,0,0,0.0,0.0,6557728.494802405,7,1022780.0,3,1153000.0,0,0.0,234,4381948.494802405,115,61,134,5,68,2,45548,86432979.97776,1897.6240444752789,200.0,0.8893350463212133,0.26367509661506106,0.6269633221830669,45444,43537,1947,705,43601,10742287.549495313,1242,4099864.910860718,619,18800519.24436505,64,18000083.92667541,22,34790224.34636351,0.9845218231316414
2026-03-07,48,0,0,0.0,0.0,924621.4295667852,5,142000.0,1,11000.0,0,0.0,42,771621.4295667852,22,25,30,4,2,0,45550,86563979.97776,1900.416684473326,200.0,0.8894666068296448,0.2636970394996954,0.6265186211559585,45447,43541,1950,706,43600,10742566.689790264,1244,4105865.1787682166,620,18881602.73176332,64,18007280.129991975,22,34826665.247446224,0.9845005488474204
2026-03-08,115,0,0,0.0,0.0,5454796.323512013,4,1256000.0,1,343150.0,0,0.0,110,3855646.323512013,39,39,53,4,12,2,45544,87476829.97775999,1920.710301637098,200.0,0.8905863971678203,0.26566192982636805,0.6292911930054814,45443,43538,1952,706,43592,10743150.112307401,1246,4109558.3607037314,618,18775722.80770663,66,18609135.230057437,22,35239263.4669848,0.9844985069383453
2026-03-09,253,0,0,0.0,0.0,7565903.340816512,12,766000.0,3,451000.0,0,0.0,238,6348903.340816512,45,49,57,8,4,0,45548,87791829.97776,1927.45740708176,200.0,0.8909718611980595,0.26844245827480806,0.6298600234514562,45444,43539,1953,708,43595,10742985.8954168,1245,4100599.2533984384,620,18851680.740306586,66,18529509.432964288,22,35567054.65567389,0.9844559585492227
2026-03-10,272,0,0,0.0,0.0,8909104.136882955,10,432000.0,5,1962910.0,0,0.0,257,6514194.136882954,46,53,63,5,5,2,45550,86260919.97775999,1893.7633365040613,200.0,0.889078882487927,0.2610293736070798,0.6259403091134242,45444,43539,1953,707,43597,10742956.134937253,1246,4102349.605632545,621,18821427.321902756,64,18077553.006722324,22,34516633.90856512,0.9844785949506037
2026-03-11,9934,0,0,0.0,0.0,5070484.369560193,11,735000.0,2,13400.0,0,0.0,9921,4322084.369560193,62,9788,9814,44,25,9,45578,86982519.97775999,1908.4321378243887,200.0,0.8895672993600381,0.2717283511454888,0.6264497876945143,45476,43566,1958,710,43620,10837254.612288427,1248,4102862.3565821946,622,18752221.83568778,67,18654564.44116534,21,34635616.73203626,0.9844223090087323
2026-03-12,325,0,0,0.0,0.0,4047606.4571887027,13,315870.46837,1,143500.0,0,0.0,311,3588235.9888187028,96,59,115,6,56,0,45528,87154890.44613001,1914.3140582966528,200.0,0.8898345610215957,0.2715074446654581,0.6252543393705585,45427,43520,1959,711,43569,10828643.786247158,1248,4103345.794193817,622,18828927.416880604,69,19730771.853681713,20,33663201.59512671,0.9843832366895098
2026-03-13,512,0,0,0.0,0.0,11331564.528475491,16,2192000.0,4,168005.0,0,0.0,492,8971559.528475491,88,197,234,19,33,5,45519,89178885.44613001,1959.1573946292758,200.0,0.8922748276229229,0.268830482987053,0.6309870502707088,45417,43507,1965,713,43554,10829555.053915218,1252,4108969.6533985343,621,18769638.864733227,71,20496719.02735283,21,34974002.8467302,0.9843362112524441
2026-03-14,122,0,0,0.0,0.0,2939960.7326728124,10,1078000.0,3,174170.0,0,0.0,109,1687790.7326728124,29,41,51,13,3,0,45529,90082715.44613001,1978.5788276950957,200.0,0.8933387599706624,0.2785576638738269,0.6355413515971894,45425,43514,1971,716,43558,10829586.076657113,1255,4106586.3290498685,625,18795252.31024454,70,20258059.9600938,21,36093230.77008468,0.984273759581805
2026-03-15,99,0,0,0.0,0.0,1230148.4886420402,10,331000.0,1,3000.0,0,0.0,88,896148.48864204,34,44,52,8,3,0,45534,90410715.44613001,1985.5649722433786,200.0,0.8936878091228009,0.2778316537641518,0.6356504466126106,45429,43518,1976,716,43558,10829251.854937399,1260,4119187.3290498685,623,18692664.610244542,72,20650653.06149975,21,36118958.590398446,0.984275486449686
2026-03-16,445,0,0,0.0,0.0,7138497.355967185,27,515000.0,4,568620.0,0,0.0,414,6054877.355967185,68,78,104,21,20,2,45537,90357095.44613001,1984.2566582368186,200.0,0.8935633189612864,0.28704799444230567,0.6349160494850011,45431,43520,1991,723,43546,10827297.64455349,1268,4143187.333813402,631,18817440.384167053,72,20632347.052152447,20,35936823.03144361,0.9841228012385532
2026-03-17,490,0,0,0.0,0.0,6174376.03123776,14,115000.0,6,1052884.0,0,0.0,470,5006492.03123776,132,82,164,14,80,2,45473,89419211.44612998,1966.4242835557359,200.0,0.8925176672312618,0.26634729356640724,0.6295226610427463,45365,43454,1998,724,43475,10812623.444451824,1274,4165417.759770866,631,18849750.303995565,72,20774854.976392727,21,34816564.96151902,0.9840784641435577
2026-03-18,10192,0,0,0.0,0.0,6928950.729585651,15,1110276.0,3,494488.0,0,0.0,10174,5324186.729585651,125,9897,9972,68,73,11,45479,90034999.44613001,1979.7049065751228,200.0,0.893032666392827,0.27053048953828873,0.6325518806708671,45372,43415,1997,722,43482,10899052.273761066,1275,4170685.288379691,629,18713453.65813923,71,19894595.750108913,22,36357212.47574111,0.9841245409969437
2026-03-19,571,0,0,0.0,0.0,7297828.992631848,13,486866.0,5,2086000.0,0,0.0,553,4724962.992631848,266,58,290,12,225,2,45268,88435865.44613001,1953.606641471459,200.0,0.8915205573232385,0.2747854962866343,0.6265026607008237,45161,43201,2001,723,43267,10856818.071288679,1278,4182323.3605042514,630,18691419.010956585,73,20404411.82722764,20,34300893.17615284,0.9840284527701688
2026-03-20,1634,0,0,0.0,0.0,6279131.491050217,12,792000.0,2,1003136.0,0,0.0,1620,4483995.491050217,1281,75,1300,16,1226,3,44061,88224729.44613,2002.3315277939673,200.0,0.8935721891253173,0.27703056429840456,0.6263584543366196,43946,41985,2011,730,42050,10612056.596738163,1281,4191447.7943453225,636,18760919.884902082,74,20219358.586608972,20,34440946.58353546,0.9834320600984998
2026-03-21,2351,0,0,0.0,0.0,3768647.632136299,7,119000.0,1,701770.0,0,0.0,2343,2947877.632136299,2213,44,2229,5,2182,0,41884,87641959.44613,2092.4925853817685,200.0,0.8970493254523348,0.2812789464651057,0.6288993962597177,41768,39809,2015,729,39869,10175224.31469024,1286,4223939.863837849,636,18824819.88491208,73,19766137.36354487,20,34651838.01914497,0.9825947855983191
2026-03-22,2535,0,0,0.0,0.0,3228593.5407577506,4,60000.0,5,1106000.0,0,0.0,2526,2062593.5407577504,2417,60,2427,2,2365,1,39522,86595959.44613,2191.0824210852184,200.0,0.9003171664540285,0.2730803622171887,0.6302293814077186,39405,37447,2012,730,37510,9703883.27989411,1282,4217931.577181416,637,18798826.63491208,73,20227661.98204824,20,33647655.97209416,0.9815292748342695
2026-03-23,2910,0,0,0.0,0.0,5859393.166561274,8,142000.0,1,4000.0,0,0.0,2901,5713393.166561274,2641,81,2667,9,2585,1,36947,86733959.44613001,2347.523735245893,200.0,0.9053804327936209,0.28172953240740184,0.6429881164386843,36831,34873,2010,720,34937,9187917.780888194,1290,4231978.997212958,632,18745157.452492483,66,18133387.376935598,22,36435517.83860076,0.9805126261942783
2026-03-24,3317,0,0,0.0,0.0,5478562.750871861,13,713000.0,2,503000.0,0,0.0,3302,4262562.750871861,3041,72,3063,3,2988,0,33962,86943959.44613001,2560.0364950865674,200.0,0.9109019778626296,0.2946065353205222,0.6511108527917742,33845,31886,2019,718,31943,8588557.324988514,1301,4270401.588585852,631,18774844.952492487,65,17695896.920590796,22,37614258.659472354,0.9788587244567458
2026-03-25,12104,0,0,0.0,0.0,4715249.370599457,9,422000.0,3,115842.0,0,0.0,12092,4177407.370599457,2303,9691,11933,47,2239,10,31780,87250117.44613,2745.4410776000627,200.0,0.9143721376910177,0.2998191706119947,0.6565628142926142,31663,29708,2023,725,29757,8240482.967293829,1298,4285808.468551466,638,18738643.35249249,65,17825924.809294395,22,38159257.848497815,0.9771869100062933
2026-03-26,2770,0,0,0.0,0.0,11603080.996113198,11,401000.0,3,1077999.0,0,0.0,2756,10124081.996113198,2515,75,2540,6,2463,1,29324,86573118.44613001,2952.2956774699906,200.0,0.9175837109178696,0.3037004804219166,0.6590863757225127,29209,27253,2024,728,27300,7749681.22863213,1296,4272623.993349738,642,18891650.352492485,64,17366865.20794247,22,38292297.66371317,0.9751739189742191
2026-03-27,1282,0,0,0.0,0.0,2188951.1743093,5,128000.0,0,0.0,0,0.0,1277,2060951.1743092996,1136,58,1157,2,1097,1,28230,86701118.44613001,3071.24046922175,200.0,0.9193557718849638,0.30731620184136194,0.6629343051223723,28115,26158,2024,729,26206,7529974.393602043,1295,4276340.989617786,643,18817657.352492485,64,17432487.294154968,22,38644658.41626271,0.9741764080765144
2026-03-28,1355,0,0,0.0,0.0,17317429.26771382,10,1129000.0,2,355149.0,0,0.0,1343,15833280.267713819,774,69,799,6,727,2,27511,87474969.44613001,3179.6361254091094,201.68,0.9210379311063304,0.3114641894918903,0.6656521811697677,27394,25437,2026,730,25485,7385171.914460488,1296,4287823.483331684,643,18874069.83876261,65,17682583.75020846,22,39245320.45936675,0.9734651593907891
2026-03-29,618,0,0,0.0,0.0,10659807.676912302,4,173000.0,1,3200.0,0,0.0,613,10483607.676912302,541,53,557,4,502,1,27014,87644769.44613,3244.4202800818093,224.97,0.9218919309369534,0.3107626808000665,0.6676779162286801,26896,24939,2027,724,24987,7285042.498260039,1303,4331580.076972184,635,18609669.83876261,67,18181753.52095204,22,39236723.51118312,0.9731990819575035
2026-03-30,641,0,0,0.0,0.0,5403902.116918604,13,1196900.0,3,223900.0,0,0.0,625,3983102.1169186034,407,72,435,3,363,2,26656,88617769.44613,3324.496152690951,247.64499999999998,0.9231747048861348,0.31075139500185733,0.6712601789227721,26538,24580,2027,733,24629,7213649.413239014,1294,4282632.919982184,644,18735907.33876261,66,17847484.296808325,23,40538095.47733786,0.9725015006002401
2026-03-31,1292,0,0,0.0,0.0,5624873.406650646,17,1381000.0,3,1008200.0,0,0.0,1272,3235673.4066506457,1018,76,1050,17,972,0,25701,88990569.44613,3462.5333429100033,285.23,0.9245534266267944,0.3093982773665462,0.6708171113414141,25584,23626,2037,732,23664,7020794.163502198,1305,4356216.786384767,641,18817161.763762612,68,18262867.84397981,23,40533528.888500616,0.9715186179526089
2026-04-01,943,0,0,0.0,0.0,7133262.563657764,9,1005228.0,2,101000.0,0,0.0,932,6027034.563657764,672,66,698,4,634,2,25073,89894797.44613,3585.3227553994334,293.67,0.9261452590858797,0.31390166973814226,0.676327575155033,24955,22999,2030,729,23043,6897342.589715191,1301,4298768.34168555,636,18600356.13893532,70,18880203.356681645,23,41218127.0191123,0.9709248992940613
2026-04-02,1025,0,0,0.0,0.0,3645421.050451692,13,1301000.0,1,100000.0,0,0.0,1011,2244421.050451692,867,59,898,6,838,11,24252,91095797.44613001,3756.217938567129,327.865,0.927888548389112,0.3128937205208901,0.6818503964748645,24134,22177,2043,731,22209,6730774.821623668,1312,4364568.34168555,637,18486748.67698309,70,19010402.619100675,24,42503302.98673702,0.9698581560283688
2026-04-03,788,0,0,0.0,0.0,8878016.871650774,14,2184000.0,5,270594.0,0,0.0,769,6423422.871650773,558,52,584,12,529,1,23736,93009203.44613001,3918.486832074908,339.25,0.9299652333860214,0.3058305944799932,0.6925385276792423,23618,21661,2037,728,21699,6628717.129283546,1309,4317663.34168555,634,18250366.159958914,67,18364882.89126022,27,45447573.92394176,0.9693292888439501
2026-04-04,597,0,0,0.0,0.0,16886940.838289313,9,418000.0,7,1815000.0,0,0.0,581,14653940.838289313,113,67,130,6,63,0,23679,91612203.44613001,3868.9219750044344,340.6,0.9292387463332351,0.3143206661187846,0.6951878402668885,23559,21604,2031,719,21648,6618450.021675448,1312,4321716.286338974,630,18084347.282309663,62,16788567.102107532,27,45799122.75369839,0.9696355420414714
2026-04-05,247,0,0,0.0,0.0,5427620.668430204,10,324000.0,2,1012000.0,0,0.0,235,4091620.668430203,46,54,64,9,5,0,23683,90924203.44613001,3839.2181499864887,340.6,0.9287650491105318,0.3151544282264414,0.6959503906381999,23564,21608,2034,718,21649,6618472.578069815,1316,4323408.035200745,630,17903587.926058114,62,17420055.615890402,26,44658679.29091093,0.9696828949035173
2026-04-06,556,0,0,0.0,0.0,26437774.915580418,23,1313774.0,4,2302756.0,0,0.0,529,22821244.915580418,53,78,86,20,7,1,23697,89935221.44613001,3795.215489139132,343.42,0.927844184462484,0.316471532471055,0.6902256946603818,23578,21621,2046,721,21651,6619129.638730597,1325,4354474.660327004,633,18086016.449982047,63,17413663.34290991,25,43461937.35418044,0.9695742077056168
2026-04-07,374,0,0,0.0,0.0,12334281.371699644,21,1378000.0,7,439666.0,0,0.0,346,10516615.371699644,52,73,82,17,7,0,23707,90873555.44613001,3833.1950666946473,344.34,0.9285132707864716,0.3194302260674642,0.694249151414927,23587,21631,2056,720,21651,6618701.97460851,1336,4395694.555112738,631,17870270.16187568,64,17961128.394821525,25,44027760.35971155,0.9696292234361159
2026-04-08,559,0,0,0.0,0.0,21437878.76571616,16,168000.0,15,4069428.0,0,0.0,528,17200450.76571616,61,81,89,17,8,3,23719,86972127.44613001,3666.7704138509216,344.93,0.9250005503865912,0.285847441687766,0.6734741901855298,23602,21648,2074,728,21645,6618691.392448858,1346,4418411.673856176,637,18261541.279329866,66,17812722.971876502,25,39860760.1286186,0.9693073063788524
2026-04-09,369,0,0,0.0,0.0,12475494.407302981,12,643000.0,9,1463398.0,0,0.0,348,10369096.407302981,47,58,66,9,4,1,23725,86151729.44613001,3631.263622597682,344.8,0.9243981481854256,0.2908058483237369,0.6740328074311027,23606,21650,2077,726,21648,6617527.543282936,1351,4423542.074473457,637,18141567.764753804,65,17915665.297480904,24,39053426.7661389,0.9693993677555321
2026-04-10,327,0,0,0.0,0.0,5709458.359311905,13,781000.0,5,36273.0,0,0.0,309,4892185.359311905,46,60,67,11,5,1,23732,86896456.44613001,3661.5732532500424,344.945,0.9249025540661525,0.291338214755458,0.6743112350164556,23614,21656,2085,731,21647,6617138.669578382,1354,4427731.494834559,640,18156329.416973494,67,18378998.37515264,24,39316258.48959093,0.9691977077363897
2026-04-11,314,0,0,0.0,0.0,14937637.042852476,8,1222000.0,4,656872.0,0,0.0,302,13058765.042852476,48,63,69,9,4,0,23737,87461584.44613001,3684.6098683965965,345.07,0.9252569434693625,0.2881320060021818,0.6733058049174437,23619,21662,2090,732,21647,6617450.561104504,1358,4441316.976779685,639,18214424.39338927,69,18987910.740263876,24,39200481.77459266,0.9691620676580865
2026-04-12,140,0,0,0.0,0.0,1922893.049269651,8,107000.0,4,553979.0,0,0.0,128,1261914.049269651,37,42,51,7,3,0,23741,87014605.44613001,3665.1617642951014,345.07,0.9249472338271649,0.292018401608262,0.6751476511914727,23623,21666,2092,728,21649,6618489.794680039,1364,4462833.516791252,637,18085575.64835131,67,18437840.487354945,24,39409865.99895245,0.9693357482835601
2026-04-13,396,0,0,0.0,0.0,3049577.3758819858,17,719000.0,3,187739.0,0,0.0,376,2142838.3758819858,55,213,223,20,8,8,23761,87545866.44613001,3684.435269817348,345.07,0.92527346049187,0.2921658688162384,0.6743286253796118,23642,21679,2102,731,21659,6621211.986600606,1371,4469254.203946946,640,18320716.477296516,67,18556769.646781985,24,39577914.13150394,0.9692353015445477
2026-04-14,385,0,0,0.0,0.0,3250301.6361746704,7,51000.0,5,349746.0,0,0.0,373,2849555.6361746704,55,62,80,9,10,1,23761,87247120.44613,3671.8623141336643,345.07,0.9250707851654093,0.29220660200266496,0.6764480418571469,23643,21679,2102,731,21659,6621301.882085085,1371,4474603.604920078,642,18233071.175665557,65,18423959.1833784,24,39494184.60008088,0.9692353015445477
2026-04-15,377,0,0,0.0,0.0,10235785.075649397,8,669000.0,4,641215.0,0,0.0,365,8925570.075649397,53,64,73,3,6,1,23759,87274905.44613001,3673.3408580382174,345.21,0.9250861425676266,0.28993819542889715,0.6773890977174204,23642,21678,2103,732,21656,6620924.956253704,1371,4478447.591720405,642,18056463.4446287,66,18814740.86224863,24,39304328.59127855,0.969190622500947
2026-04-16,287,0,0,0.0,0.0,5630798.914505673,16,1531000.0,5,42939.0,0,0.0,266,4056859.9145056726,46,58,66,6,5,1,23761,88762966.44613001,3735.657861459114,345.0,0.9263224191292815,0.2998878604379537,0.6820290157592793,23645,21676,2101,737,21660,6620955.129752733,1364,4455787.1005687,647,18147305.574680578,66,18919982.547472186,24,40618936.093655795,0.9689827869197425
2026-04-17,449,0,0,0.0,0.0,6531832.868108233,6,38730.0,3,687401.0,0,0.0,440,5805701.868108233,46,56,65,9,6,2,23766,88114295.44613001,3707.5778610674915,345.07,0.9256947837884361,0.2930281502976194,0.6770840825665677,23648,21681,2106,740,21660,6619877.854843232,1366,4459103.18952834,648,18174527.508615997,68,19040817.883785006,24,39819969.00935742,0.9688630817133721
2026-04-18,323,0,0,0.0,0.0,6192689.087225635,9,165000.0,2,208469.0,0,0.0,312,5819220.087225635,37,46,49,3,3,2,23768,88070826.44613,3705.4369928529954,345.21500000000003,0.9256251087773013,0.29719545294452476,0.6770411258938531,23651,21684,2111,741,21657,6619246.659696824,1370,4472829.276372228,650,18251179.014570963,67,18553322.33863375,24,40174249.15685623,0.9688236284079434
2026-04-19,171,0,0,0.0,0.0,3407545.817310401,6,673000.0,0,0.0,0,0.0,165,2734545.817310401,42,54,62,4,2,2,23772,88743826.44613001,3733.124114341663,345.375,0.9260107355861054,0.29169832742393836,0.674306811968936,23654,21688,2115,747,21657,6619199.199912978,1368,4464503.37108282,654,18519557.182319723,69,19254140.949278094,24,39886425.74353638,0.9685764765270065
2026-04-20,294,0,0,0.0,0.0,9047826.397123247,12,1074000.0,5,293802.0,0,0.0,277,7680024.397123247,64,73,86,6,8,7,23777,89524024.44613,3765.1522246763675,345.21,0.9266191505699138,0.29037881931829157,0.676292174519477,23658,21688,2116,745,21661,6618803.437537471,1371,4475551.81056845,650,18385272.033616,72,21048516.645118985,23,38995880.5192891,0.9686671993943727
2026-04-21,332,0,0,0.0,0.0,14633150.633041704,11,1401000.0,4,83729.0,0,0.0,317,13148421.633041704,46,51,58,5,5,1,23778,90841295.44613,3820.3926085511816,345.21,0.9276744937163008,0.29324980334366496,0.6812184339765787,23657,21688,2116,744,21662,6618291.70302082,1372,4471960.145717965,649,18368278.573174834,72,21743572.999154992,23,39639192.025061384,0.968710572798385
2026-04-22,321,0,0,0.0,0.0,19508730.39462296,14,2142000.0,5,2057473.0,0,0.0,302,15309257.394622957,48,73,80,14,8,2,23786,90925822.44613,3822.6613321336076,345.21,0.9277777924601044,0.29434848167724287,0.6832269065361667,23661,21691,2121,743,21665,6617359.26752616,1378,4487416.07331671,649,18298078.711160988,70,20759090.61185321,24,40763877.78227293,0.9687631379803245
2026-04-23,240,0,0,0.0,0.0,13717996.757948888,14,1200406.0,4,875524.0,0,0.0,222,11642066.757948888,47,61,67,7,6,0,23787,91250704.44613,3836.1585927662163,345.21,0.9279970964731296,0.2922787229450932,0.6850093040658699,23663,21695,2123,743,21664,6618162.703757297,1380,4499999.723099526,651,18424960.471109286,67,20036942.18480888,25,41670639.36335501,0.9687644511708076
2026-04-24,372,0,0,0.0,0.0,11866823.754230898,8,1238000.0,2,750706.0,0,0.0,362,9878117.754230898,49,59,69,2,8,1,23782,91737998.44613,3857.455152894205,344.98,0.9286251011054678,0.3083655046478352,0.693652340449795,23656,21690,2117,736,21665,6618659.418719873,1381,4503031.848495424,649,18282029.84857699,60,16630519.077003397,27,45703758.25333431,0.9690522243713733
2026-04-25,284,0,0,0.0,0.0,19763062.72290861,7,159000.0,6,1956723.0,0,0.0,271,17647339.72290861,46,55,62,6,3,1,23786,89940275.44613,3781.2274214298322,344.98,0.9271293795580875,0.29398559643258254,0.6855127999864931,23658,21693,2120,738,21666,6618019.913840583,1382,4508931.848495424,649,18258113.63116099,63,18113986.465180602,26,42441223.587452404,0.9689733456655175
2026-04-26,157,0,0,0.0,0.0,4459421.761868429,5,656000.0,1,377285.0,0,0.0,151,3426136.7618684294,41,50,58,4,6,1,23785,90218990.44613001,3793.10449636872,344.96,0.9273577802012749,0.2926608959254246,0.6860761435962739,23657,21689,2121,739,21664,6615699.222018976,1382,4503080.548520077,651,18403113.63116099,61,17128198.084412504,27,43568898.96001745,0.9689299978978347
2026-04-27,384,0,0,0.0,0.0,11073341.424294492,14,1088003.0,3,821293.0,0,0.0,367,9164045.424294492,50,71,77,10,7,0,23788,90485700.44613001,3803.838088369346,345.21,0.9274387222114333,0.29029126043108333,0.6853505804703725,23662,21696,2130,741,21658,6615090.749740746,1389,4527243.786907823,653,18528938.584457982,61,17540106.655427665,27,43274320.66959578,0.9688498402555911
2026-04-28,148,0,0,0.0,0.0,3904495.1531306854,3,89500.0,7,1742557.0,0,0.0,138,2072438.1531306854,34,38,46,1,2,2,23789,88832643.44613,3734.189896428181,345.21,0.9261877087641985,0.29442778662056196,0.6811348579914546,23663,21695,2128,740,21661,6615788.898574216,1388,4526895.686907823,652,18382948.88196269,62,17152133.32207653,26,42154876.656608745,0.9688931859262685
2026-04-29,298,0,0,0.0,0.0,4871304.752795258,7,904000.0,2,76222.0,0,0.0,289,3891082.7527952576,37,57,59,4,1,3,23795,89660421.44613001,3768.036202821181,345.22,0.9267427113185599,0.2936570036807198,0.6818555853542762,23669,21703,2133,742,21662,6616769.738252383,1391,4539268.206859933,652,18368924.35275561,65,18805970.370529868,25,41329488.77773221,0.9688169783567977
2026-04-30,868,0,0,0.0,0.0,25077851.482144255,11,812469.0,5,1709508.0,0,0.0,852,22555874.482144255,54,67,71,4,5,2,23796,88763382.44613001,3730.180805434947,345.565,0.925934814792402,0.29148804898743097,0.6763671943570974,23672,21707,2138,745,21658,6615857.260622455,1393,4529742.6591981575,657,18781142.579574414,64,18963174.77598736,24,39873465.170747615,0.9686922171793578
2026-05-01,610,0,0,0.0,0.0,12264433.721638778,12,2288000.0,5,519734.0,0,0.0,593,9456699.721638778,43,57,64,4,1,0,23799,90531648.44613001,3804.0106074259425,345.54,0.9273452920463392,0.3012991957416275,0.6816305069040828,23675,21707,2139,747,21660,6615314.6771704275,1392,4525940.897113718,659,18881259.45064804,63,18231942.48810396,25,42277190.93309386,0.9686121265599394
2026-05-02,359,0,0,0.0,0.0,6858899.532757088,11,948500.0,4,781138.0,0,0.0,344,5129261.532757088,41,51,57,5,1,1,23804,90699010.44613001,3810.2424149777353,345.565,0.9275416581315219,0.30618315243909155,0.6859829345500048,23676,21709,2142,744,21662,6615196.1111384,1398,4552806.1425321605,657,18613034.84584163,62,18147386.3380045,25,42770587.0086133,0.9687447487817173
2026-05-03,350,0,0,0.0,0.0,6062287.679272673,7,1073000.0,2,13469.65,0,0.0,341,4975818.029272674,37,46,52,4,2,0,23806,91758540.79613,3854.4291689544652,345.59,0.9282946956403133,0.3092376921260011,0.6877334751984023,23680,21712,2144,745,21662,6615653.060458661,1399,4562854.349192159,656,18574613.24562231,64,18630142.685100988,25,43375277.45575588,0.9687053683945224
2026-05-04,539,0,0,0.0,0.0,7868204.162877546,15,1494300.0,5,653605.0,0,0.0,519,5720299.162877546,46,61,65,5,2,2,23811,92599235.79613,3888.9267899764814,345.82,0.9288427584125815,0.30513178691261755,0.6889952837472822,23685,21716,2151,745,21660,6614295.910835078,1406,4589190.547824152,654,18495312.59533469,65,18645388.38980899,26,44255048.35232709,0.9687119398597287
2026-05-05,275,0,0,0.0,0.0,1612802.2806418056,8,106000.0,1,3000.0,0,0.0,266,1503802.2806418056,36,44,50,5,2,0,23814,92702235.79612999,3892.7620641693957,345.87,0.9288907596355909,0.3046080688747616,0.6902493624805837,23688,21720,2154,747,21660,6614801.886791462,1407,4593155.517364847,657,18506619.23317023,65,19749732.06546038,25,43237927.09334308,0.9686318972033258
2026-05-06,565,0,0,0.0,0.0,5134467.534597027,6,326000.0,3,339799.0,0,0.0,556,4468668.534597027,61,68,82,3,10,1,23808,92688436.79613,3893.1635079019657,345.82,0.9289088118277319,0.3059873635667998,0.6898707468479692,23680,21710,2154,748,21654,6611530.221316823,1406,4590364.586507972,657,18443500.871588204,67,20681472.641230106,24,42361568.4754869,0.9685819892473119
2026-05-07,269,0,0,0.0,0.0,4162081.484681199,12,805319.0,3,1054060.0,0,0.0,254,2302702.484681199,43,55,63,4,6,1,23807,92439695.79613,3882.8788085911706,345.82,0.928614940117787,0.29684666526708375,0.6860456180373109,23677,21706,2157,752,21650,6609179.664342271,1405,4597127.026562512,659,18515540.871588204,69,21277354.731141042,24,41440493.502495974,0.9684126517410846
2026-05-08,258,0,0,0.0,0.0,6563621.200884007,13,3344000.0,1,250000.0,0,0.0,244,2969621.200884007,40,56,66,10,6,1,23812,95533695.79613,4011.9979756479925,346.39,0.9307102952690185,0.2967186925874108,0.6920812878943955,23682,21711,2166,757,21646,6606773.861339787,1409,4605751.237430016,662,18704087.473463148,69,21270371.842114817,26,44346711.38178223,0.9682093062321518
2026-05-09,509,0,0,0.0,0.0,15821573.310387064,12,1176000.0,2,315000.0,0,0.0,495,14330573.310387064,45,61,68,5,3,1,23815,96394695.79613,4047.646264796557,345.92,0.9313421423710657,0.3095277703211129,0.6949840656885691,23685,21713,2166,757,21649,6607944.3809102345,1409,4604885.346549369,662,18689088.473463148,69,20403437.32294234,26,46089340.272264905,0.9682133109384842
2026-05-10,250,0,0,0.0,0.0,7126849.5175477695,5,637808.0,3,1126542.0,0,0.0,242,5362499.5175477695,35,42,50,2,3,0,23814,95905961.79612999,4027.2932643037702,345.805,0.9310031031146508,0.29365491210829014,0.6945646293505976,23683,21712,2164,755,21650,6607685.808944964,1409,4605033.340902353,659,18480353.838841084,69,20797127.013831176,27,45415761.793610424,0.9682959603594524
2026-05-11,594,0,0,0.0,0.0,8259242.096207016,12,992000.0,2,18000.0,0,0.0,580,7249242.096207016,247,60,273,6,212,9,23617,96879961.79613,4102.1282040957785,348.36,0.9317878319228956,0.29467772859389657,0.6975623522833628,23487,21518,2171,755,21446,6567342.3192000175,1416,4634578.521106308,658,18398226.916192915,70,21478941.939576853,27,45800872.10005391,0.9680315027310835
2026-05-12,277,0,0,0.0,0.0,7675951.703795944,9,1576000.0,4,1323000.0,0,0.0,264,4776951.703795944,139,54,163,2,104,1,23516,97132961.79613,4130.505264336197,354.1,0.9322166498582323,0.3158516571908823,0.7022473506142122,23386,21416,2167,752,21349,6548982.324686784,1415,4651988.476606518,659,18420625.916192915,67,20702684.391724624,26,46808680.68691915,0.9680217724102739
2026-05-13,374,0,0,0.0,0.0,6803768.140589372,7,549000.0,7,2799776.0,0,0.0,360,3454992.1405893723,140,62,161,6,101,0,23421,94882185.79613,4051.1586096293927,355.98,0.930797479823764,0.32546380574209016,0.6966435734108151,23289,21321,2167,755,21254,6530266.042917015,1412,4618616.690975187,664,18534238.096192915,66,19318269.6125972,25,45880795.353447676,0.967763972503309
2026-05-14,282,0,0,0.0,0.0,1987548.3051239762,10,157000.0,1,3000.0,0,0.0,271,1827548.3051239762,94,48,116,9,65,1,23366,95036185.79613,4067.285191993923,357.32,0.9309042722741359,0.3253888254325865,0.6960478171854434,23232,21263,2173,755,21193,6517235.201705433,1418,4641218.228524667,664,18628002.688873373,66,19325938.740119603,25,45923790.93690692,0.967688093811521
2026-05-15,353,0,0,0.0,0.0,5839441.806846354,11,531469.65,3,608000.0,0,0.0,339,4699972.156846355,50,61,67,5,4,2,23369,94959655.44613001,4063.488187176602,357.37,0.9308349822782856,0.32968524358103085,0.6964642306982882,23235,21268,2176,757,21193,6518327.379706894,1419,4643764.298813828,667,18661560.38994583,65,18829128.17442419,25,46306875.203239255,0.9676066583935984
2026-05-16,237,0,0,0.0,0.0,4403859.242987078,2,13000.0,3,86469.0,0,0.0,232,4304390.242987078,57,46,69,5,20,1,23355,94886186.44613001,4062.77826787112,357.42,0.9308435803336849,0.32898852808953055,0.6973221105292188,23220,21251,2174,757,21181,6514475.367381487,1417,4635498.874117658,668,18669976.411946524,63,17837982.115148373,26,47228253.67753595,0.9675872404196104
2026-05-17,164,0,0,0.0,0.0,7849844.016446423,10,2047000.0,3,1226000.0,0,0.0,151,4576844.016446423,36,47,52,5,2,0,23358,95707186.44613001,4097.405019527785,357.42,0.9313526874741129,0.32540543641210634,0.6989087886585615,23223,21257,2177,759,21181,6514923.7741665095,1418,4641707.725692986,670,18759961.20128668,63,18394449.959999226,26,47396143.784984596,0.9675057796044182
2026-05-18,391,0,0,0.0,0.0,1671172.156745368,6,186000.0,2,6663.78668,0,0.0,383,1478508.3700653678,41,174,184,10,6,3,23365,95886522.65945,4103.852885060988,357.54,0.931452979606267,0.32510727884941076,0.6998983335622393,23230,21265,2180,759,21185,6518695.664430825,1421,4645809.131687658,670,18711200.44290456,62,17573313.895671003,27,48437503.52475595,0.9675155146586775
2026-05-19,254,0,0,0.0,0.0,3037681.4142521266,8,1258000.0,2,407141.0,0,0.0,244,1372540.4142521268,71,40,88,3,43,1,23326,96737381.65945,4147.19118834991,357.61,0.9321127212525596,0.3330975411246512,0.7035682049385074,23189,21224,2181,759,21145,6509912.454713929,1422,4652809.131687658,671,18713314.108457897,62,18385856.987283964,26,48475488.977306545,0.9674612020920861
2026-05-20,423,0,0,0.0,0.0,8363031.251427289,4,380000.0,8,1439300.0,0,0.0,411,6543731.251427289,154,69,178,4,105,2,23227,95678081.65945001,4119.26127607741,358.52,0.9314643805481432,0.335231573845156,0.6994775821263881,23091,21126,2180,758,21047,6490642.8072354,1422,4660107.959292026,670,18802657.671279356,62,17397854.3127536,26,48326818.908889614,0.9673655659361949
2026-05-21,368,0,0,0.0,0.0,13342810.476160234,7,888167.0,3,547992.809060603,0,0.0,358,11906650.667099632,40,54,61,5,6,2,23228,96018255.85038939,4133.728941380635,358.54999999999995,0.9318171499900961,0.35537261207628895,0.7026437960569395,23092,21124,2180,755,21048,6490742.50703525,1425,4666603.719866063,669,18794277.84200405,61,16944295.325810622,25,49122336.45567341,0.9674961253659377
2026-05-22,146,0,0,0.0,0.0,2562009.8296653554,9,143806.78668,2,2000000.0,0,0.0,135,418203.0429853552,31,42,50,6,2,1,23233,94162062.63706939,4052.944632078052,359.5,0.9303779363220304,0.3489580496826581,0.6948094673532589,23097,21131,2188,758,21045,6491116.315983575,1430,4681812.5714413915,672,18964441.163898047,62,17166082.85381836,24,46858609.73192802,0.9673739938880042
2026-05-23,230,0,0,0.0,0.0,3388829.151467273,9,742000.0,2,1003000.0,0,0.0,219,1643829.151467273,45,56,69,10,6,1,23238,93901062.6370694,4040.8409775828127,359.68,0.9301223490718002,0.34027110630749885,0.6933879680975058,23102,21136,2191,760,21047,6491796.54704146,1431,4685415.764121667,673,18913983.301792108,64,18858048.557148814,23,44951818.46696535,0.9672949479301145
2026-05-24,165,0,0,0.0,0.0,4070058.050648405,9,1047000.0,3,901974.0,0,0.0,153,2121084.050648405,40,47,59,4,6,1,23237,94046088.6370694,4047.2560415315834,359.73,0.9302357889786151,0.337675277347467,0.6949350246617892,23101,21137,2192,757,21045,6491916.803811363,1435,4702039.687094316,670,18796211.219817072,63,18298881.86237977,24,45757039.06396687,0.9674226449197401
2026-05-25,368,0,0,0.0,0.0,6719410.176610754,12,652000.0,9,1672275.0,0,0.0,347,4395135.176610754,51,57,66,9,6,2,23242,93025813.63706937,4002.487463947568,359.755,0.9294950457996358,0.33985888340911224,0.6916615381640872,23103,21138,2193,757,21049,6493160.522823829,1436,4705771.174147841,671,18884504.59091661,62,17326728.198262546,24,45615649.150918566,0.9674296532140091
2026-05-26,182,0,0,0.0,0.0,2370854.0236712764,10,612000.0,4,57000.0,0,0.0,168,1701854.0236712764,39,51,54,5,3,1,23245,93580813.63706939,4025.847005251426,359.78,0.9298009752426781,0.3376620166313278,0.6912966502921027,23106,21143,2198,760,21047,6492187.230946621,1438,4712332.417593228,673,18984190.989613958,63,17793416.748222284,24,45598686.25069331,0.9673047967304796
2026-05-27,253,0,0,0.0,0.0,5254314.077528331,11,323151.0,4,172055.65,0,0.0,238,4759107.427528332,49,64,68,7,4,0,23248,93731908.9870694,4031.8267802421456,359.88,0.9298597942481829,0.3373752783926499,0.6916867566170607,23108,21147,2204,761,21044,6490819.170382348,1443,4727397.08232571,673,18880572.61556979,64,18010291.230004486,24,45622828.88878706,0.9672660013764625
2026-05-28,127,0,0,0.0,0.0,2391027.7348942393,9,296723.80906060303,4,162208.0,0,0.0,114,1932095.9258336362,38,44,52,4,4,1,23249,93866424.79612999,4037.4392359297167,359.85,0.9299821269650851,0.33761720580137544,0.6930028545868532,23108,21145,2205,761,21044,6489795.313323161,1444,4727227.132213592,673,18799702.017012995,64,18158780.275345903,24,45690920.05823435,0.9672674093509398
2026-05-29,115,0,0,0.0,0.0,1587261.9194740122,5,118000.0,4,189273.25,0,0.0,106,1279988.6694740122,37,42,50,6,3,0,23252,93795151.54613,4033.8530683868057,359.83000000000004,0.929960486219287,0.3380231433860639,0.694193000704774,23109,21147,2206,759,21046,6489872.832065244,1447,4737808.7064396655,671,18655532.30425808,64,18207005.74337192,24,45704931.95999509,0.9673576466540512
2026-05-30,79,0,0,0.0,0.0,1832799.9088985578,6,535045.0,1,5000.0,0,0.0,72,1292754.9088985578,25,32,35,4,0,0,23256,94325196.54612999,4055.9510038755584,359.865,0.930253551155306,0.3356596471838017,0.6927662182688391,23113,21150,2208,762,21048,6490847.145308418,1446,4733507.397836069,673,18855532.30425808,65,18584147.505510695,24,45661162.19321674,0.967234262125903
2026-05-31,139,0,0,0.0,0.0,2253458.0494604222,7,174000.0,1,500000.0,0,0.0,131,1579458.0494604225,30,42,48,3,2,3,23260,93999196.54613,4041.238028638435,359.865,0.9299791056948844,0.3362429934517484,0.6911914222343876,23116,21153,2212,765,21048,6489625.473686679,1447,4732557.21469616,676,18905575.508137833,65,18264867.12087933,24,45606571.22873,0.9671109200343938
2026-06-01,169,0,0,0.0,0.0,4313395.322709328,9,536000.0,5,114769.0,0,0.0,155,3662626.322709328,54,58,70,3,7,2,23258,94420427.54613,4059.6967729869293,359.79499999999996,0.9303966644919354,0.350109649493419,0.6939715261694627,23111,21150,2207,764,21051,6490454.115227038,1443,4720168.155507524,677,18984717.069634438,64,18167585.41256666,23,46057502.79319434,0.967151087797747
2026-06-02,216,0,0,0.0,0.0,4138731.90477557,10,249333.0,7,1584102.0,0,0.0,199,2305296.90477557,48,55,62,6,5,2,23261,93085658.54613,4001.7909181088517,359.94,0.9293145074069888,0.3424524034410954,0.6876794222867433,23113,21155,2212,768,21049,6490236.800840862,1444,4719935.783470972,680,19062394.069634438,65,17935684.397164367,23,44877407.49501936,0.9669833627101156
2026-06-03,128,0,0,0.0,0.0,3231533.510652682,10,1276000.0,3,359933.0,0,0.0,115,1595600.510652682,39,50,58,3,1,1,23264,94001725.54613,4040.6518890186553,359.95500000000004,0.9299801580909105,0.339312003149182,0.6912002481132915,23116,21156,2214,767,21050,6490440.515207261,1447,4725711.40112698,679,19011557.609233174,64,17878102.226025585,24,45895913.794537,0.9670306052269602
2026-06-04,164,0,0,0.0,0.0,2571304.6170304655,13,505000.0,5,1163814.0,0,0.0,146,902490.6170304656,44,56,64,5,7,2,23264,93342911.54613,4012.332855318518,359.95500000000004,0.9295323665527885,0.34145138892644944,0.690489774629862,23114,21155,2216,765,21048,6489182.675639145,1451,4741190.304475231,678,18960212.609233174,64,18280259.16291765,23,44872066.7938648,0.9671165749656121
2026-06-05,260,0,0,0.0,0.0,7619054.978961225,7,867000.0,7,1078080.0,0,0.0,246,5673974.978961225,51,56,63,2,5,1,23262,93131831.54613,4003.6037978733557,359.88,0.9294276030118608,0.34252115415651974,0.690623212920894,23112,21154,2214,762,21048,6488930.045562208,1452,4745840.42652563,675,18878056.346446395,63,17119382.297704745,24,45899622.42989102,0.9672427134382254
2026-06-06,176,0,0,0.0,0.0,2956897.7834433084,4,29000.0,3,206027.0,0,0.0,169,2721870.7834433084,39,39,48,3,6,1,23260,92954804.54613,3996.33725477773,359.865,0.929389995235649,0.34900215247006794,0.69227011347175,23108,21150,2213,759,21047,6488305.611999038,1454,4750017.901637973,674,18866647.941599227,61,16408406.221859932,24,46441426.86903383,0.9673688736027515
2026-06-07,63,0,0,0.0,0.0,160621.20869266853,1,20000.0,2,6459.0,0,0.0,60,134162.20869266853,28,28,33,3,1,0,23262,92968345.54613,3996.5757693289484,359.83000000000004,0.9294090584246424,0.3490677702162446,0.6923978617470238,23108,21151,2212,759,21050,6489179.1939359,1453,4746434.744296019,674,18861647.941599227,61,16418830.585817918,24,46452253.08048093,0.9673716791333505
2026-06-08,185,0,0,0.0,0.0,13239424.011991117,8,2121000.0,5,1253975.0,0,0.0,172,9864449.011991117,41,49,55,3,4,1,23262,93835370.54612999,4033.847929934227,359.865,0.9300059263430368,0.3427994502769473,0.6951505737833981,23106,21151,2212,760,21050,6489492.921927108,1452,4744518.006283628,673,18671647.941599227,63,17762998.236573026,24,46166713.43974701,0.9673286905683088
2026-06-09,207,0,0,0.0,0.0,12959709.662641397,13,2227000.0,11,2324294.714798756,0,0.0,183,8408414.94784264,46,59,64,3,3,0,23262,93738075.83133125,4029.665369758888,359.83000000000004,0.9299598458082733,0.3410853470647076,0.6949929551875819,23105,21151,2211,759,21051,6490105.911768097,1452,4739356.472490013,672,18661311.111458585,61,15871380.56618508,26,47975921.76942947,0.9673716791333505
2026-06-10,245,0,0,0.0,0.0,11433517.887430547,13,995999.0,5,2106000.0,0,0.0,227,8331518.887430546,46,52,62,4,7,0,23259,92628074.83133125,3982.461620505235,359.88,0.9291246333675989,0.340033266148372,0.691373700537864,23104,21150,2214,760,21045,6488348.653243336,1454,4740482.864302817,673,18658628.443949424,62,16243909.980791174,25,46496704.88904449,0.967324476546713
2026-06-11,114,0,0,0.0,0.0,6801843.240637511,14,1973569.65,5,1792140.0,0,0.0,95,3036133.5906375116,39,45,55,5,4,1,23261,92809504.48133124,3989.918940773451,359.85,0.929263840567475,0.33907219164836766,0.6926197549496581,23105,21150,2214,760,21047,6488451.459162327,1454,4746209.659851491,673,18593147.111458585,62,16512574.160574857,25,46469122.09028398,0.9673272860152186
2026-06-12,224,0,0,0.0,0.0,500706.0937146537,3,61000.0,0,0.0,0,0.0,221,439706.0937146537,35,184,189,21,2,7,23287,92870504.48133123,3988.0836724924307,359.64,0.9293289626508524,0.3390193167483983,0.6921825923850039,23133,21158,2219,759,21068,6488596.084203854,1460,4756531.019104389,672,18642030.830032032,62,16498451.572650991,25,46484894.97533998,0.9674067076051016
2026-06-13,83,0,0,0.0,0.0,1027460.2833839558,4,133300.0,4,216600.0,0,0.0,75,677560.2833839558,30,35,42,5,4,0,23288,92787204.48133126,3984.335472403438,359.68,0.9292591472269104,0.3397684357157801,0.6918708341852543,23134,21160,2220,759,21068,6488736.3243342005,1461,4759676.760748593,672,18642030.830032032,63,17370597.245154276,24,45526163.32106214,0.9674081071796633
2026-06-14,52,0,0,0.0,0.0,185507.5700107355,2,33000.0,1,10000.0,0,0.0,49,142507.5700107355,27,24,33,1,7,1,23283,92810204.48133124,3986.1789495052717,359.78,0.929239192557299,0.3394605615222978,0.6913888181756104,23129,21157,2222,760,21061,6487409.972707344,1462,4766885.045234983,673,18687971.872404575,63,17362533.46275236,24,45505404.12823199,0.9673581583129321
2026-06-15,157,0,0,0.0,0.0,4986638.7304236265,16,1719299.0,5,1167000.0,0,0.0,136,2100339.730423627,43,54,61,8,5,0,23286,93362503.48133126,4009.383469953245,359.755,0.9296257428284866,0.34125679631062755,0.6924973349150496,23132,21159,2224,760,21062,6487335.415151022,1464,4768777.69257647,673,18753105.531784818,63,17492696.008240014,24,45860588.833578914,0.9673623636519797
2026-06-16,109,0,0,0.0,0.0,2441598.226917802,12,391000.0,5,537698.0,0,0.0,92,1512900.226917802,29,43,48,8,3,3,23294,93215805.48133123,4001.7088297987134,359.83000000000004,0.9293828065211316,0.3368307150881755,0.6893257649969938,23140,21167,2232,764,21062,6487370.019937188,1468,4777365.430383712,676,18895013.60778072,64,17658110.005432554,24,45397946.417797066,0.967201854554821
2026-06-17,91,0,0,0.0,0.0,1034907.1081348294,6,183000.0,4,180329.5,0,0.0,81,671577.6081348294,31,38,46,2,3,3,23296,93218475.98133123,4001.479909912913,359.83000000000004,0.9293634246190938,0.33520068271747183,0.6880943231646318,23141,21168,2231,764,21065,6488613.589905201,1467,4772676.970186256,677,19114081.28442719,63,17596207.345988125,24,45246896.79082447,0.9672046703296703
2026-06-18,231,0,0,0.0,0.0,11285660.530846378,15,1656663.714798756,7,910900.0,0,0.0,209,8718096.816047622,42,53,61,3,6,2,23295,93964239.69613001,4033.6655804305647,359.85,0.9299032641400737,0.3306054839081813,0.692182120611518,23141,21168,2232,763,21063,6488312.24717257,1469,4779001.247992706,674,18756559.50644849,66,19875273.759712838,23,44065092.9348034,0.9672461901695643
2026-06-19,169,0,0,0.0,0.0,3843470.7319062967,9,234961.0,2,1200000.0,0,0.0,158,2408509.7319062967,43,55,64,5,5,1,23296,92999200.69613,3992.0673375742613,359.88,0.9291538221873202,0.32145012985264915,0.6880326672337149,23142,21168,2232,764,21064,6489051.957518888,1468,4777152.591221329,674,18746508.04182791,67,20091882.9655983,23,42894605.13996357,0.9672046703296703
2026-06-20,120,0,0,0.0,0.0,2865504.98859936,10,97000.0,2,1222473.0,0,0.0,108,1546031.9885993602,29,38,44,6,4,1,23299,91873727.69613,3943.247679991845,359.97,0.9282448327667407,0.32383713721359425,0.6827790289485284,23144,21172,2237,766,21062,6488206.827177841,1471,4790051.164486746,677,18966015.122220255,67,19877329.61998912,22,41752124.962256044,0.9671230524915232
2026-06-21,65,0,0,0.0,0.0,1241828.8270724362,2,3000.0,3,541891.0,0,0.0,60,696937.8270724362,31,26,38,2,11,0,23290,91334836.69613,3921.63317716316,360.02,0.927860950318355,0.3267084100469379,0.6811184824261686,23135,21164,2237,766,21053,6486606.129201818,1471,4786557.34107167,678,19051827.862746526,66,19169986.084220637,22,41839859.27888934,0.9671103477887505
2026-06-22,241,0,0,0.0,0.0,10538668.707732048,11,256546.0,10,677696.0,0,0.0,220,9604426.707732048,46,60,71,7,5,1,23293,90913686.69613,3903.0475548933155,359.97,0.927537420354491,0.32233962016081286,0.6797093597922107,23136,21164,2237,766,21056,6486486.090883885,1471,4792306.009210341,678,19040010.81545963,66,19289800.543526456,22,41305083.237049684,0.9671145837805349
2026-06-23,91,0,0,0.0,0.0,5314351.005377184,6,133000.0,4,2105796.0,0,0.0,81,3075555.0053771837,36,42,50,5,3,0,23295,88940890.69613001,3818.0249279300283,359.94,0.9259618262050701,0.308235771670232,0.6730884509528053,23136,21163,2237,765,21058,6485540.222251128,1472,4799310.313398326,677,18990953.81545963,65,18250322.268261526,23,40414764.07675938,0.9671603348358017
2026-06-24,64,0,0,0.0,0.0,1801140.937046393,14,154538.0,5,1255000.0,0,0.0,45,391602.9370463931,22,33,40,5,4,2,23298,87840428.69613,3770.2991113456087,359.97,0.9250349066056672,0.3121023732343463,0.6697553476643834,23138,21166,2241,767,21057,6485154.322334601,1474,4815990.763000465,681,19107686.75042991,64,18016390.59838048,22,39415206.26198454,0.9670787192033651
2026-06-25,164,0,0,0.0,0.0,1910578.0794260702,17,692979.5,3,106460.0,0,0.0,144,1111138.5794260702,36,47,56,4,7,2,23297,88426948.19613,3795.6366998381764,359.85,0.9254878446517675,0.3114652961722342,0.6697004769465008,23136,21161,2241,771,21056,6482707.144523146,1470,4801853.116062839,682,19022818.55367224,67,18577643.772357337,22,39541925.60951444,0.9669056101643988
2026-06-26,338,0,0,0.0,0.0,18705753.522524916,24,4303451.0,2,283407.0,0,0.0,312,14118895.522524916,49,72,75,3,2,2,23300,92446992.19613,3967.682068503433,359.865,0.9286369872334462,0.327097851957462,0.683501709563273,23137,21162,2244,773,21056,6482093.23107592,1471,4804859.257522933,684,19072362.497493736,65,17848464.64275503,24,44239212.56728238,0.9668240343347639
2026-06-27,101,0,0,0.0,0.0,2543684.2716720575,5,1025000.0,2,151925.0,0,0.0,94,1366759.2716720577,35,44,51,2,3,0,23299,93320067.19613001,4005.325000906906,359.85,0.9292339856495202,0.32271621265785705,0.6839011869172931,23136,21160,2243,774,21056,6482128.541720517,1469,4800445.5657814145,683,19115788.369993217,66,17805806.06812305,25,45115898.6505118,0.9667796901154556
2026-06-28,141,0,0,0.0,0.0,5647702.946673462,9,1352000.0,3,176496.0,0,0.0,129,4119206.9466734617,38,54,58,3,1,1,23302,94495571.19612998,4055.2558233683794,359.79499999999996,0.9301326420569627,0.3304563690944723,0.688965197042204,23138,21159,2243,774,21059,6482246.629031911,1469,4801292.722378984,684,19107872.015961803,64,16877496.475775994,26,47226663.352981314,0.9667839670414556
2026-06-29,286,0,0,0.0,0.0,17437343.778367877,20,2178000.0,6,1619092.0,0,0.0,260,13640251.778367877,48,68,72,4,3,2,23305,95054479.19613001,4078.716120838018,359.78,0.9306054061533572,0.34421496369826254,0.6921820419882508,23140,21160,2244,774,21061,6481945.95035499,1470,4805019.25516913,684,18972510.480498895,65,17075829.40425384,25,47719174.10585314,0.9667882428663377
2026-06-30,249,0,0,0.0,0.0,14219749.556418525,17,1514999.0,3,2010000.0,0,0.0,229,10694750.556418525,50,69,76,5,5,1,23306,94559478.19613001,4057.301904922767,359.755,0.9302832781148633,0.3486435612116725,0.6910068455891892,23140,21157,2244,775,21062,6480751.481619447,1469,4804768.48514414,686,19032711.480498895,65,17273693.524251252,24,46967553.22461627,0.9667467604908607
2026-07-01,349,0,0,0.0,0.0,18610071.850699067,14,1751000.0,7,2919004.0,0,0.0,328,13940067.850699067,55,67,75,6,6,2,23308,93391474.19613001,4006.8420369027804,359.45500000000004,0.9295763552059624,0.35473982725542097,0.6908069915824957,23139,21156,2241,771,21067,6480497.838250276,1470,4807781.5484979795,684,18887711.480498895,65,18085807.905418582,22,45129675.42346427,0.9669212287626566
2026-07-02,243,0,0,0.0,0.0,14753264.472462475,17,2275032.0,4,1611056.0,0,0.0,222,10867176.472462475,45,66,68,2,2,0,23308,94055450.19613001,4035.3290799781194,359.73,0.9299524520081371,0.35011592168755556,0.6906122100916277,23141,21159,2244,775,21064,6480496.857623736,1469,4801278.269335584,685,18817832.73805833,66,17025531.69595632,24,46930310.635156035,0.9667496138664836
2026-07-03,291,0,0,0.0,0.0,9732677.873477638,20,2023337.0,5,1306749.0,0,0.0,266,6402591.873477638,41,58,66,9,4,0,23313,94772038.19613001,4065.201312406383,359.78,0.930348411423835,0.34696842593957894,0.6905543417211778,23144,21163,2250,778,21063,6479896.556804758,1472,4819066.451164042,687,18927832.73805833,67,17662337.534105994,24,46882904.91599689,0.9666280615965341
2026-07-04,151,0,0,0.0,0.0,5897479.686418197,24,573000.0,6,2030901.0,0,0.0,121,3293578.686418197,42,62,70,8,4,1,23318,93314137.19613001,4001.807067335535,359.865,0.9291865580386804,0.33409843104336545,0.6845559167237656,23147,21167,2256,780,21062,6479547.498743399,1476,4828091.193772273,689,19027753.772030316,67,17802637.900191624,24,45176106.83139239,0.9665494467793121
2026-07-05,260,0,0,0.0,0.0,9760560.399029223,14,1776000.0,6,1383376.0,0,0.0,240,6601184.399029223,44,61,69,7,3,2,23324,93706761.19613001,4017.611095700995,359.755,0.9295120146600776,0.33268579562005474,0.6861308810896279,23149,21165,2253,780,21071,6480250.956392987,1473,4821563.048174389,688,18909844.56800659,68,18320194.220043052,24,45174908.403512985,0.9665580517921454
2026-07-06,211,0,0,0.0,0.0,8693126.083265714,22,1760000.0,7,1200631.0,0,0.0,182,5732495.083265713,45,60,66,4,2,1,23327,94266130.19613001,4041.0738713134997,359.73,0.9299025945894618,0.3347543686092353,0.6880725827216868,23150,21166,2257,782,21070,6479184.359093407,1475,4828063.85180005,690,18896942.31800659,68,18505940.772188485,24,45555998.89504147,0.9664766150812364
2026-07-07,612,0,0,0.0,0.0,17830343.24801952,25,2604000.0,6,1740293.0,0,0.0,581,13486050.24801952,49,74,80,6,4,0,23329,95129837.19613,4077.750319179133,359.73,0.9304895945947346,0.34187730621481305,0.68983075353095,23153,21168,2260,783,21069,6477898.871282905,1477,4835912.61383737,691,18992538.434726775,68,18300754.7950163,24,46522732.48126665,0.9664366239444468
2026-07-08,78,0,0,0.0,0.0,2025432.0443238593,15,686119.0,5,586375.0,0,0.0,58,752938.0443238593,29,36,50,6,4,1,23332,95229581.19613,4081.500994176667,359.73,0.9305662885186663,0.3413464980529481,0.6901942647308549,23154,21168,2261,782,21071,6477821.426396388,1479,4843170.352126563,689,18881678.643316865,69,18520626.721942335,24,46506284.052347854,0.9664837990742328
2026-07-09,98,0,0,0.0,0.0,4154334.655842658,9,1020000.0,7,655867.0,0,0.0,82,2478467.655842658,32,45,52,3,2,3,23336,95593714.19613,4096.405304942149,359.73,0.9308170122845062,0.33886937615005885,0.6913905095669002,23159,21172,2260,782,21076,6479707.881158488,1478,4839698.402199717,689,18881721.143316865,68,17998804.47594533,25,47393782.2935096,0.9664895440521083
2026-07-10,224,0,0,0.0,0.0,1569894.8629614061,10,131000.0,4,119000.0,0,0.0,210,1319894.8629614061,30,172,180,14,4,5,23351,95605714.19613,4094.2877905070445,358.52,0.9308303440248927,0.3388197655680297,0.6914463412346783,23178,21174,2265,783,21086,6478204.173900433,1482,4846526.596588343,690,18874762.143598795,68,18013115.611145608,25,47393105.67089681,0.9664682454712861
2026-07-11,58,0,0,0.0,0.0,2009836.080347692,10,401000.0,7,1177060.0,0,0.0,41,431776.0803476919,29,34,43,4,4,2,23353,94829654.19613,4060.7054423898426,358.58,0.9302640442645569,0.33932510789674414,0.6894115778521956,23180,21177,2267,783,21086,6478384.16485979,1484,4860282.611139339,691,18914325.893598795,68,18398578.88461932,24,46178082.64191275,0.9664711172012161
2026-07-12,30,0,0,0.0,0.0,108018.2002393071,4,33000.0,2,11840.0,0,0.0,24,63178.2002393071,17,21,25,2,1,0,23354,94850814.19613,4061.437620798578,358.395,0.9302937202985156,0.33925154278512076,0.6893693179557152,23180,21175,2266,784,21088,6478009.897858713,1482,4851436.699507799,692,18934126.50883308,68,18408956.039468475,24,46178285.05046193,0.9664297336644686
2026-07-13,62,0,0,0.0,0.0,2319223.946581099,12,387438.0,1,50000.0,0,0.0,49,1881785.9465810992,25,37,46,4,6,2,23354,95188252.19613001,4075.8864518339474,358.54999999999995,0.9305360865073384,0.3502467810892438,0.6898304502223668,23181,21176,2268,785,21086,6477654.526328264,1483,4854716.292632107,694,19092126.50883308,68,18424375.939130872,23,46339378.92920568,0.9663869144472039
2026-07-14,76,0,0,0.0,0.0,1606594.2907555026,11,609300.0,2,132500.0,0,0.0,63,864794.2907555026,30,40,47,3,3,2,23356,95665052.19613001,4095.951883718531,359.0,0.9308183830789648,0.3479843099921976,0.690271834542185,23182,21179,2271,786,21085,6477370.523780181,1485,4857704.227918294,694,19095086.363434978,69,18944953.902158674,23,46289937.178837866,0.966346977222127
2026-07-15,57,0,0,0.0,0.0,1068729.8624121991,6,90000.0,3,208110.0,0,0.0,48,770619.8624121991,29,33,39,1,3,1,23355,95546942.19613001,4091.0701004551493,358.52,0.9307790443426724,0.34864473231795534,0.6909239997600088,23181,21176,2269,785,21086,6476862.456944277,1484,4859317.9087622315,694,19095086.363434978,68,18803737.38121961,23,46311938.0857689,0.9663883536715907
2026-07-16,51,0,0,0.0,0.0,1102655.8900444277,3,153000.0,4,72200.0,0,0.0,44,877455.8900444277,17,19,22,0,1,2,23356,95627742.19613,4094.3544355253466,358.395,0.9308510788030024,0.34851876850765623,0.691304135398876,23182,21176,2268,784,21088,6477071.284890534,1484,4859217.9087622315,693,19083599.363434978,68,18879790.6936794,23,46328062.94536286,0.966432608323343
2026-07-17,177,1,0,80000000.0,0.0,3692339.420005656,13,448000.0,1,610000.0,0,0.0,162,2634339.420005656,31,42,47,2,3,0,23355,95465742.19613001,4087.593328885892,358.52,0.9307644309065156,0.3478275908914845,0.6926570887036727,23182,21176,2269,782,21086,6476823.043231651,1487,4876188.158836823,692,18987707.93355475,67,18919403.939759336,23,46205619.12074745,0.9665168058231642
2026-07-18,68,0,0,0.0,0.0,779177.9441909409,4,76000.0,2,10146.0,0,0.0,62,693031.9441909409,22,23,30,1,5,2,23353,95531596.19613001,4090.763336450563,358.39,0.9308008825606441,0.3471562257628032,0.6915578389828972,23178,21172,2270,783,21083,6474792.678298555,1487,4867980.268021815,693,19123199.029827204,67,18901235.84343777,23,46164388.376544654,0.9664711172012161
2026-07-19,64,0,0,0.0,0.0,1556957.3301776585,6,60000.0,3,608794.0,0,0.0,55,888163.3301776585,21,26,30,1,3,0,23351,94982802.19613001,4067.6117595019487,358.33,0.9305447051531259,0.3497140826331961,0.6938287292428053,23174,21168,2267,779,21084,6474561.27252556,1488,4869648.776045641,692,19036795.19989719,64,18384973.41171168,23,46216823.53594993,0.9666395443449959
2026-07-20,129,0,0,0.0,0.0,4190548.9624935207,10,643000.0,2,503000.0,0,0.0,117,3044548.9624935207,22,36,41,3,4,0,23350,95122802.19613001,4073.781678635118,358.30499999999995,0.9306360819166493,0.35045208482870743,0.6945093193339096,23173,21167,2266,782,21084,6474600.576061412,1484,4859521.31380303,695,19025007.69989719,64,18427688.26198586,23,46335984.34438251,0.9665096359743041
2026-07-21,42,0,0,0.0,0.0,1329746.6050358764,14,343000.0,2,443000.0,0,0.0,26,543746.6050358765,13,25,26,3,1,1,23353,95022802.19613001,4068.976242715283,358.34,0.9305031399630339,0.35170398370290573,0.6928036126934535,23176,21170,2270,786,21083,6474719.014190219,1484,4859007.761835792,699,19156934.770369697,64,18112242.574742153,23,46419898.07499214,0.9663426540487303
2026-07-22,159,0,0,0.0,0.0,3838549.0856352258,17,1251997.0,3,61447.0,0,0.0,139,2525105.0856352258,47,66,72,14,4,3,23366,96213352.19613001,4117.664649325088,358.365,0.9312205213615776,0.3476832582939895,0.6928177266506323,23186,21176,2276,788,21090,6474931.119225323,1488,4874392.435048068,698,19205712.699897185,67,19206544.15902177,23,46451771.78293765,0.9662757853291106
2026-07-23,310,0,0,0.0,0.0,15566574.93348068,11,2368000.0,2,119997.0,0,0.0,297,13078577.93348068,45,57,65,5,4,1,23368,98461355.19613001,4213.512290145926,358.46,0.9326976586605626,0.3467402229814765,0.6990500840198639,23191,21179,2280,788,21088,6474162.6284390865,1492,4884652.245229387,697,19173121.699897185,67,19788906.36679987,24,48140512.25576447,0.9662786716877781
2026-07-24,136,0,0,0.0,0.0,4364212.868400812,15,177000.0,5,2171758.41058,0,0.0,116,2015454.457820812,45,56,68,7,6,1,23370,96466596.78555,4127.796182522465,358.54999999999995,0.9314059201319103,0.34733784743657115,0.6960042027931276,23192,21181,2279,787,21091,6475622.879762698,1492,4881889.413997302,699,19167927.699897185,66,20434656.714868225,22,45506500.07702459,0.9663243474540009
2026-07-25,64,0,0,0.0,0.0,1681878.0009643629,3,115000.0,3,827000.0,0,0.0,58,739878.0009643629,27,30,34,1,3,0,23368,95754596.78555,4097.680451281667,358.365,0.9309901067550322,0.35038810844234347,0.6950745764729351,23190,21177,2276,784,21092,6475046.878343752,1492,4882745.512014546,697,19140218.58913886,65,19705313.763704672,22,45551272.04234817,0.9664498459431702
2026-07-26,53,0,0,0.0,0.0,643183.8625358987,9,63000.0,2,190029.5,0,0.0,42,390154.3625358987,26,33,38,3,6,0,23365,95627567.28555,4092.7698388850845,358.39,0.9309109854562369,0.35049855735534075,0.6953277118689257,23188,21176,2276,783,21089,6474750.414198974,1493,4887218.91165931,697,19173100.407438505,64,19575173.17526716,22,45517324.37698605,0.9664883372565803
2026-07-27,125,0,0,0.0,0.0,6706443.767099419,9,190000.0,3,1263861.0,0,0.0,113,5252582.767099419,31,38,44,2,3,0,23364,94553706.28555,4046.9828062639103,358.30499999999995,0.9302397268508402,0.3574657063599551,0.694386337000438,23186,21174,2274,781,21090,6474459.728388068,1493,4887217.099826403,697,19135227.699897185,62,18257094.351122484,22,45799707.406315856,0.966572504708098
2026-07-28,160,0,0,0.0,0.0,4542580.745357349,16,341000.0,3,2210000.0,0,0.0,141,1991580.7453573486,37,52,55,5,3,2,23368,92684706.28555,3966.3088961635567,358.30499999999995,0.9289111557454905,0.36389639344648056,0.6895914168254177,23188,21176,2275,780,21093,6475394.909950873,1495,4895962.433490083,698,19198771.016608924,62,18386947.580542125,20,43727630.34495799,0.9666210201985621
2026-07-29,133,0,0,0.0,0.0,3241434.6866465267,11,898000.0,1,50000.0,0,0.0,121,2293434.6866465267,32,46,50,5,3,2,23372,93532706.28555,4001.9128138606025,358.18,0.9295056720058652,0.3598265662472014,0.6913077818570849,23192,21176,2276,781,21096,6475001.104559939,1495,4895858.270144575,697,19101959.197491713,64,19404335.17881629,20,43655552.534537494,0.9665839466027726
2026-07-30,144,0,0,0.0,0.0,2428447.687816691,10,347000.0,3,339940.0,0,0.0,131,1741507.6878166911,26,42,48,4,1,5,23380,93539766.28555,4000.845435652267,358.16,0.9294884007177319,0.35896573071254384,0.6906898134517707,23199,21180,2279,781,21101,6475144.568836033,1498,4905084.9086027285,696,19052573.08202248,64,18529393.170715734,21,44577570.55537302,0.9665953806672369
2026-07-31,187,0,0,0.0,0.0,7820614.3867546655,7,40000.0,6,1291800.0,0,0.0,174,6488814.3867546655,46,54,62,4,5,3,23382,92287966.28555,3946.9663110747583,358.16,0.9285348798585825,0.35767750262712805,0.6865610997226685,23201,21181,2280,783,21102,6475062.943598672,1497,4907826.278817568,699,19143749.43895799,64,18751998.32062365,20,43009329.30355212,0.9665127020785219
2026-08-01,126,0,0,0.0,0.0,6416925.715464252,4,188000.0,5,1608967.0,0,0.0,117,4619958.715464252,36,41,50,4,4,3,23385,90866999.28555,3885.695928396408,358.16,0.9273936016482343,0.3388949749561978,0.6816863076546897,23203,21183,2279,782,21106,6477380.682606487,1497,4904338.958643253,697,19042490.41367235,64,18648419.783406593,21,41794369.44722132,0.9665597605302544
2026-08-02,73,0,0,0.0,0.0,1845032.7207029127,1,4000.0,2,1092953.0,0,0.0,70,748079.7207029128,26,26,33,0,0,0,23385,89778046.28555,3839.129625210605,358.16,0.9265223591683962,0.33116928423077224,0.677803521305632,23202,21183,2279,782,21106,6477277.313361075,1497,4902372.955744258,697,19046520.108158868,64,18620144.580263063,21,40731731.32802274,0.9665597605302544
2026-08-03,75,0,0,0.0,0.0,2803324.5909732967,4,31000.0,3,1010502.0,0,0.0,68,1761822.5909732967,27,28,38,2,5,0,23382,88798544.28555,3797.7309163266614,358.07500000000005,0.9258342388645888,0.3414949091631983,0.6759477292312832,23198,21180,2276,780,21106,6477397.775570935,1496,4892780.572495351,696,19005191.568622656,64,18098923.554242916,20,40324250.81461815,0.9666410059019759
2026-08-04,81,0,0,0.0,0.0,2191569.127902671,4,36000.0,2,226000.0,0,0.0,75,1929569.1279026712,25,24,31,2,4,1,23381,88608544.28555,3789.767088043711,358.1,0.925684715468603,0.3428924959192304,0.675425943348696,23197,21181,2276,778,21105,6477655.318716515,1498,4905944.461755475,695,19076434.892255694,63,17765304.70298042,20,40383204.909841895,0.9667251186861127
2026-08-05,69,0,0,0.0,0.0,1077007.893510145,5,126000.0,2,15469.0,0,0.0,62,935538.8935101449,27,28,38,0,4,2,23379,88719075.28555,3794.819080608666,358.05,0.9257778991491782,0.3431724103083353,0.6743365692053332,23195,21179,2274,778,21105,6477575.005953177,1496,4892606.407722076,694,19122377.020747297,64,17780577.945058603,20,40445938.90606886,0.9667222721245562
2026-08-06,37,0,0,0.0,0.0,4271874.438692332,8,1133029.5,1,1000000.0,0,0.0,28,2138844.9386923327,20,26,36,1,1,3,23382,88852104.78555,3800.0215886386964,358.16,0.9257588300025736,0.3300713946667157,0.67241925472673,23197,21182,2278,780,21104,6477393.332468566,1498,4905880.748224117,694,19122964.624056466,65,18018327.935161203,21,40327538.14563966,0.9666410059019759
2026-08-07,205,0,0,0.0,0.0,7403584.118113519,15,858000.0,7,1645869.0,0,0.0,183,4899715.118113519,38,46,54,4,3,0,23383,88064235.78555,3766.1649824894153,358.03,0.9252070773036296,0.33251596620673457,0.6716355566726739,23196,21179,2275,779,21108,6476991.6723301,1496,4898739.397613597,696,19241432.69082482,62,17164307.574291635,21,40282764.45048986,0.9666851986485908
2026-08-08,12,0,0,0.0,0.0,3015.0,1,3000.0,0,0.0,0,0.0,11,15.0,1,6,7,1,0,5,23389,88067235.78555001,3765.327110417291,358.01,0.9252157606045794,0.33250463908956407,0.6716126774866514,23202,21180,2276,779,21113,6477006.6723301,1497,4901724.397613597,696,19241432.69082482,62,17164307.574291635,21,40282764.45048986,0.966693744922827
