date,transfers,mint_count,burn_count,mint_volume,burn_volume,p2p_volume,issuance_count,issuance_volume,redemption_count,redemption_volume,internal_count,internal_volume,transfer_count,transfer_volume,unique_senders,unique_receivers,active_addresses,new_addresses,zeroed_addresses,resurrected_addresses,holders_gt0,circulating_supply,mean_balance,median_balance,gini,top10_share,top100_share,holders_ge1,holders_ge100,holders_ge1000,holders_ge10000,n_lt_1k,val_lt_1k,n_1k_10k,val_1k_10k,n_10k_100k,val_10k_100k,n_100k_1m,val_100k_1m,n_ge_1m,val_ge_1m,share_holders_lt10k
2025-06-03,3,3,0,300000000.0,0.0,0.0,0,0.0,0,0.0,0,0.0,0,0.0,0,0,0,0,0,0,0,0.0,,,,,,0,0,0,0,0,0.0,0,0.0,0,0.0,0,0.0,0,0.0,
2025-08-04,3,0,0,0.0,0.0,300000000.0,0,0.0,0,0.0,3,300000000.0,0,0.0,0,0,0,0,0,0,0,0.0,,,,,,0,0,0,0,0,0.0,0,0.0,0,0.0,0,0.0,0,0.0,
2025-08-18,4,0,0,0.0,0.0,12000.0,2,6000.0,2,6000.0,0,0.0,0,0.0,2,2,2,0,0,0,0,0.0,,,,,,0,0,0,0,0,0.0,0,0.0,0,0.0,0,0.0,0,0.0,
2025-08-19,2,0,0,0.0,0.0,2000000.0,1,1000000.0,1,1000000.0,0,0.0,0,0.0,1,1,1,0,0,0,0,0.0,,,,,,0,0,0,0,0,0.0,0,0.0,0,0.0,0,0.0,0,0.0,
2025-09-26,3,3,0,900000000.0,0.0,0.0,0,0.0,0,0.0,0,0.0,0,0.0,0,0,0,0,0,0,0,0.0,,,,,,0,0,0,0,0,0.0,0,0.0,0,0.0,0,0.0,0,0.0,
2025-09-29,6,0,0,0.0,0.0,1112000.0,3,1006000.0,3,106000.0,0,0.0,0,0.0,2,2,2,1,0,0,1,900000.0,900000.0,900000.0,0.0,1.0,1.0,1,1,1,1,0,0.0,0,0.0,0,0.0,1,900000.0,0,0.0,0.0
2025-10-08,1,0,0,0.0,0.0,0.0,0,0.0,1,0.0,0,0.0,0,0.0,1,0,1,0,0,0,1,900000.0,900000.0,900000.0,0.0,1.0,1.0,1,1,1,1,0,0.0,0,0.0,0,0.0,1,900000.0,0,0.0,0.0
2025-10-21,1,0,0,0.0,0.0,900000.0,0,0.0,1,900000.0,0,0.0,0,0.0,1,0,1,0,1,0,0,0.0,,,,,,0,0,0,0,0,0.0,0,0.0,0,0.0,0,0.0,0,0.0,
2025-10-27,2502,0,0,0.0,0.0,32279678.923511337,538,20585447.0,22,2060678.0,0,0.0,1942,9633553.923511337,178,1334,1334,1246,0,0,1246,18524769.000000004,14867.390850722315,20.0,0.9341175785460791,0.5529545740988793,0.8883821211536987,1224,570,509,205,737,28361.33477344673,304,989334.0871242691,186,5165424.210782312,12,4137847.6513772546,7,8203801.715942718,0.8354735152487961
2025-10-28,2252,0,0,0.0,0.0,50538961.07939049,509,22794655.0,32,3056797.0,0,0.0,1711,24687509.079390485,247,993,1025,811,15,0,2042,38262627.0,18737.81929480901,301.17734183042444,0.9275065610037767,0.4340278984562653,0.8292170142196411,1981,1226,968,387,1074,62780.688485273306,581,1944876.616923385,350,10331209.705967983,23,5316712.402397402,14,20607047.586225957,0.8104799216454457
2025-10-29,2040,0,0,0.0,0.0,53304350.19387279,337,16774444.0,24,509507.55387,0,0.0,1679,36020398.64000279,234,917,965,736,22,0,2756,54527563.44613,19785.037534880263,100.0,0.9386086681657154,0.43945365157679783,0.8103624963296809,2675,1597,1257,480,1499,80592.91832176632,777,2569258.430347552,432,12890619.664479712,31,8024755.56499362,17,30962336.86798735,0.8258345428156749
2025-10-30,1249,0,0,0.0,0.0,55992689.64224776,229,20402808.0,12,206732.0,0,0.0,1008,35383149.64224776,225,471,519,278,24,2,3012,74723639.44613001,24808.645234438914,294.1200017707663,0.944330669617682,0.44549554944598097,0.815478683935903,2918,1822,1433,554,1579,88241.3319667574,879,2924758.606839682,492,14575104.35289254,39,10846486.342773957,23,46289048.81165706,0.8160690571049137
2025-10-31,1543,0,0,0.0,0.0,109522476.91833645,172,14814820.0,14,2442950.0,0,0.0,1357,92264706.91833645,245,396,455,188,18,3,3185,87095509.44613001,27345.528868486657,500.0,0.9479772337130407,0.4761904972773034,0.8264631949214504,3074,1963,1547,593,1638,94844.17635550698,954,3174428.4042991423,529,15445003.865315381,38,10907079.04638725,26,57474153.953772716,0.8138147566718995
2025-11-01,1294,0,0,0.0,0.0,55066883.64422184,187,9660100.0,17,4138082.0,0,0.0,1090,41268701.64422184,300,476,531,246,24,3,3410,92617527.44613,27160.565233469206,766.2893930022882,0.9459455274115305,0.45509372762662575,0.8099359060758635,3272,2134,1689,632,1721,103827.52660683115,1057,3528204.45150706,564,17171234.457428645,39,10381814.78284346,29,61432446.227744,0.8146627565982405
2025-11-02,1028,0,0,0.0,0.0,41859053.66845436,174,9020170.0,11,972000.0,0,0.0,843,31866883.66845436,253,409,463,204,30,1,3585,100665697.44613001,28079.69245359275,1000.0,0.9465528964342098,0.4522831707471896,0.81107373728014,3440,2293,1813,668,1772,110597.77915658083,1145,3810089.5588172968,598,18097706.66461162,38,10188093.49465745,32,68459209.94888705,0.8136680613668061
2025-11-03,1215,0,0,0.0,0.0,90754513.3161082,165,11051400.0,14,2679857.0,0,0.0,1036,77023256.3161082,279,397,428,158,15,5,3733,109037240.44613001,29209.011638395394,1277.5775670996431,0.9462138422653156,0.45362235247237315,0.805738559595306,3568,2414,1919,710,1814,111575.4981700255,1209,4028530.110729769,629,18941625.77791836,48,12950670.483283281,33,73004838.57602857,0.8098044468256095
2025-11-04,1250,0,0,0.0,0.0,109270661.18378948,204,13377142.0,8,3506799.0,0,0.0,1038,92386720.18378948,267,414,465,198,12,5,3924,118907583.44613,30302.64613815749,1810.4420253380645,0.9462780056607296,0.43241351744534584,0.805867118441259,3738,2573,2061,754,1863,117707.91356503025,1307,4306871.941617641,664,19659291.95840099,53,14766008.918259539,37,80057702.7142868,0.8078491335372069
2025-11-05,1928,0,0,0.0,0.0,100210917.25578214,127,11661740.0,27,5726001.0,0,0.0,1774,82823176.25578214,258,346,402,136,28,1,4033,124843322.44613,30955.44816417803,1707.6515606415312,0.9472134924070211,0.4387259939794689,0.8070699056826073,3829,2654,2125,770,1908,124474.90671483836,1355,4432362.515958114,675,20029196.55175558,57,16229419.943362515,38,84027868.52833895,0.8090751301760476
2025-11-06,1223,0,0,0.0,0.0,51840847.785636336,93,6300653.0,14,4705776.0,0,0.0,1116,40834418.785636336,240,308,354,100,16,4,4121,126438199.44613,30681.43641012618,1570.1754849634299,0.9470205469964176,0.4281450852366146,0.8042454673945174,3907,2715,2167,783,1954,131187.37393426086,1384,4520245.247699834,684,20199418.014421884,62,18310850.576616198,37,83276498.23345782,0.8099975734045135
2025-11-07,1878,0,0,0.0,0.0,140638972.00530052,111,11085800.0,24,6775775.0,0,0.0,1743,122777397.00530052,285,366,417,112,27,5,4211,130748224.44613001,31049.210269800526,1661.9703330396487,0.9476285050759078,0.4539289119069147,0.8033403683795293,3983,2783,2219,803,1992,138386.84220856513,1416,4637332.19585534,701,20737124.07018911,69,21170282.569817595,33,84065098.76805937,0.8093089527428164
2025-11-08,5755,0,0,0.0,0.0,67345112.8238426,80,4980938.0,19,5082225.570738909,0,0.0,5656,57281949.253103696,250,289,335,73,29,2,4257,130646936.8753911,30689.90765219429,1751.0540769290706,0.94682588960994,0.4480752825850818,0.799341518339002,4023,2810,2246,812,2011,139004.57755507546,1434,4703698.015289361,708,20972384.51537575,70,21043606.447002847,34,83788243.32016805,0.8092553441390651
2025-11-09,1872,0,0,0.0,0.0,43086352.86174875,87,6632810.0,15,3547909.0,0,0.0,1770,32905633.861748748,224,270,314,81,14,4,4328,133731837.8753911,30899.22316899055,1668.230632482731,0.9473097509249059,0.4459095524300432,0.7996264634151385,4088,2856,2280,821,2048,144681.6302725125,1459,4776430.947596681,714,21156141.888990227,73,22772804.38275526,34,84881779.0257764,0.8103049907578558
2025-11-10,4903,0,0,0.0,0.0,51691519.55274905,138,7855800.0,17,2452373.0,0,0.0,4748,41383346.55274905,270,364,414,121,21,6,4434,139135264.8753911,31379.17565976344,2000.0,0.9474366941557392,0.4594884405922537,0.7998381871725767,4180,2945,2359,849,2075,147780.16067053605,1510,4961372.123517631,743,22127958.686810043,73,24354443.927588988,33,87543709.9768039,0.8085250338294994
2025-11-11,1113,0,0,0.0,0.0,94631404.9391871,106,12956500.0,22,8227751.118291286,0,0.0,985,73447153.8208958,256,311,376,95,19,3,4513,143864013.7570998,31877.689731243034,1751.0540769290706,0.9491974386677783,0.4650097893717974,0.8051325092907621,4250,3013,2388,847,2125,154610.1287041331,1541,5071611.965778099,741,22202476.456901714,69,20829581.540039442,37,95605733.66567641,0.8123199645468646
2025-11-12,36505,0,0,0.0,0.0,51805831.987097815,104,8631781.0,10,2250529.0,0,0.0,36391,40923521.987097815,403,26832,26890,26400,18,4,30899,150245265.75709984,4862.463696465899,200.0,0.9551175420540836,0.4465504156834951,0.7680396896869521,30625,28068,2442,863,28457,6152220.661942679,1579,5202621.881367892,755,22686590.824888952,72,22069687.310096845,36,94134145.07880343,0.9720702935370077
2025-11-13,1902,0,0,0.0,0.0,124409040.44096778,103,9036700.0,13,3136858.0,0,0.0,1786,112235482.44096778,880,434,1023,107,187,6,30825,156145107.75709978,5065.534720424973,200.0,0.9576259783620662,0.45855452864973106,0.7748025544675152,30178,27586,2484,879,28341,6049759.710031459,1605,5287110.417064989,769,22796381.264220744,72,21095229.71662136,38,100916626.64916125,0.9714841849148419
2025-11-14,1725,0,0,0.0,0.0,135888100.82633117,108,9874449.0,13,2115728.0,0,0.0,1604,123897923.82633118,739,440,881,101,94,6,30838,163903828.7570998,5314.995419842396,200.0,0.9601194938194387,0.46474610013685036,0.7833064324502781,29887,27275,2521,894,28317,5981327.91751901,1627,5367954.557084018,783,23029218.97867949,71,19717562.927681394,40,109807764.3761359,0.9710097931123938
2025-11-15,1110,0,0,0.0,0.0,89012471.26954438,117,7892155.0,9,5888500.0,0,0.0,984,75231816.26954438,362,375,481,96,65,6,30875,165907483.7570998,5373.521741120641,200.0,0.9602994478248116,0.47356459829907344,0.7797981661145519,29920,27301,2580,919,28295,5974752.593962513,1661,5467829.700795265,804,23511279.049283568,77,21073029.34620485,38,109880593.06685361,0.9702348178137652
2025-11-16,938,0,0,0.0,0.0,58142124.29635844,99,7336184.0,23,5341668.0,0,0.0,816,45464272.29635844,285,350,415,85,33,7,30934,167901999.7570998,5427.749394100337,200.0,0.9605476024913517,0.47878966945939355,0.7791785410390691,29965,27338,2634,932,28300,5969981.977223014,1702,5606571.289337911,817,23902161.835021064,78,21706831.976303183,37,110716452.67921463,0.9698713389797634
2025-11-17,955,0,0,0.0,0.0,74320073.37380503,119,9839723.0,19,4605768.0,0,0.0,817,59874582.37380504,321,345,449,93,64,8,30971,173135954.75709978,5590.260397052074,200.0,0.9613358460206783,0.47287338220409525,0.7786723100630336,29994,27358,2696,957,28275,5960679.152657889,1739,5743312.179058772,840,24756152.030123867,79,23256805.422963455,38,113419005.97229584,0.9691001259242518
2025-11-18,1466,0,0,0.0,0.0,113925500.4469117,106,11662600.0,13,4172109.0,0,0.0,1347,98090791.4469117,548,353,671,74,136,5,30914,180626445.75709984,5842.868789451376,200.0,0.9631358389084897,0.48691267565123936,0.7859155250220683,29790,27137,2729,967,28185,5913056.9190096585,1762,5824851.709817061,846,24548465.24137298,82,22945471.827518627,39,121394600.05938148,0.9687196739341398
2025-11-19,35503,0,0,0.0,0.0,201286450.92215258,110,9526431.667218456,20,4063705.27760284,0,0.0,35373,187696313.97733128,362,34053,34125,22812,36,105,53795,186089172.14671543,3459.2280350723195,200.0,0.9413245715210194,0.4821845851174696,0.7586087449224046,52660,50864,2756,979,51039,11497113.810078043,1777,5880041.584209436,854,24737605.656992137,88,24091973.056250755,37,119882438.03918505,0.9818012826470862
2025-11-20,1529,0,0,0.0,0.0,142600585.85988495,134,13501138.0,23,3849867.0,0,0.0,1372,125249580.85988493,417,425,571,102,110,10,53797,195740443.1467154,3638.5010901484357,200.0,0.9439748272442988,0.4624535456776873,0.7610820481819969,52660,50850,2819,1002,50978,11481752.432162752,1817,5992474.391489586,870,25388399.52150225,92,25820801.572001196,40,127057015.22955965,0.9813744260832389
2025-11-21,1726,0,0,0.0,0.0,94463079.85006066,131,13403154.0,18,5176238.0,0,0.0,1577,75883687.85006066,674,401,818,77,238,7,53643,203967359.14671537,3802.3108168207477,200.0,0.9462860473447393,0.4321130879330223,0.7589724602382131,52388,50564,2878,1039,50765,11410189.71069134,1839,6098430.080936549,896,26369596.271320462,99,27330220.229893655,44,132758922.8538734,0.9806312100367243
2025-11-22,1946,0,0,0.0,0.0,135251869.08462256,83,5136350.0,10,4546000.0,0,0.0,1853,125569519.08462255,439,331,566,59,66,7,53643,204557709.1467154,3813.315980588621,200.0,0.9465566525680457,0.41538685082353577,0.7570703863390918,52374,50437,2910,1052,50733,11380596.957331669,1858,6138132.364690736,909,26673365.05289316,98,27988820.83119596,45,132376793.9406039,0.9803888671401674
2025-11-23,1865,0,0,0.0,0.0,105681864.18838969,95,4459500.0,13,3333784.064296681,0,0.0,1757,97888580.12409301,649,366,756,53,172,7,53531,205683425.08241874,3842.3236084216387,200.0,0.9473165596051134,0.42458756104975326,0.7628253903319308,52238,50148,2923,1043,50608,11318772.359900527,1880,6204305.07616709,902,26234721.67655615,96,26345046.103837505,45,135580579.86595747,0.9805159627131942
2025-11-24,1302,0,0,0.0,0.0,62705002.37471348,82,5644275.0,10,2321838.0,0,0.0,1210,54738889.37471348,539,329,647,48,247,10,53342,209005862.08241874,3918.2232027749005,200.0,0.9483347475877429,0.41685833168829484,0.7664385654709698,52039,49911,2934,1049,50408,11269309.113435224,1885,6237139.739502454,908,26253581.587656956,94,25668147.564300384,47,139577684.07752374,0.9803344456525814
2025-11-25,1619,0,0,0.0,0.0,67860977.9899894,128,8665033.0,11,2453116.0960115795,0,0.0,1480,56742828.89397781,587,385,725,72,287,4,53131,215217778.98640716,4050.7007017825217,200.0,0.9498019105257108,0.41722758000173193,0.7645194627486126,51824,49691,2983,1068,50148,11214216.468473203,1915,6367517.116280058,917,26714607.329513587,104,27244790.98021513,47,143676647.09192517,0.9798987408480925
2025-11-26,27569,0,0,0.0,0.0,135240953.30421495,127,9914500.0,22,6720637.0,0,0.0,27420,118605816.30421497,849,11597,12152,162,496,85,52882,218411641.98640716,4130.1698495973515,200.0,0.9491239990429707,0.41074592265461496,0.7602143470871213,51565,49526,3007,1082,49875,12111397.041361582,1925,6410006.49569493,930,27049379.450348165,106,29467567.135636248,46,143373291.86336628,0.9795393517643054
2025-11-27,1912,0,0,0.0,0.0,123061291.8823981,73,9289423.299414579,24,6058815.0,0,0.0,1815,107713053.58298352,827,325,928,63,531,6,52420,221642250.28582174,4228.200119912662,200.0,0.950314873364803,0.41751149748204014,0.765174969743705,51088,48998,3014,1083,49406,12006928.075363321,1931,6395855.258269535,932,27014447.70725303,103,27481268.894973926,48,148743750.34996194,0.9793399465852728
2025-11-28,28503,0,0,0.0,0.0,130315228.03754765,100,11629211.0,22,8572089.0,0,0.0,28381,110113928.03754765,494,27280,27537,26531,126,12,78837,224699372.28582177,2850.176595834719,200.0,0.9302411619915598,0.4169557171509008,0.7389307484908888,77494,75351,3042,1100,75795,17341431.185419306,1942,6423448.82621303,939,26888758.23641038,115,31355844.08183284,46,142689889.95594618,0.9860471605971816
2025-11-29,1896,0,0,0.0,0.0,97634799.64735757,107,8849238.0,32,8589016.0,0,0.0,1757,80196545.64735757,840,373,947,61,120,14,78792,224959594.28582174,2855.10704495154,200.0,0.9310311676650351,0.42209186469261234,0.739834438925925,77435,74884,3071,1106,75721,17241828.277185485,1965,6533400.256943675,947,26907351.31745753,115,32419937.07327473,44,141857077.36096033,0.9859630419331912
2025-11-30,1275,0,0,0.0,0.0,115032179.45408224,84,8105200.0,29,10538138.0,0,0.0,1162,96388841.45408224,340,351,448,59,47,10,78814,222526656.28582177,2823.440712130101,200.0,0.9302247809424861,0.4110530797826878,0.7345282989768261,77457,74887,3096,1115,75718,17238077.050636962,1981,6583944.756088239,954,27242343.23910735,116,31863078.11683506,45,139599213.12315413,0.9858527672748496
2025-12-01,2312,0,0,0.0,0.0,180360113.50276485,122,11930840.0,36,12538055.51158551,0,0.0,2154,155891217.99117935,742,500,910,107,335,8,78594,221919440.77423626,2823.618097745836,200.0,0.9301122829528845,0.3717237881344342,0.7282504227247537,77222,74630,3146,1140,75448,17180437.368366417,2006,6670014.3681925405,980,28254367.25070995,107,28018356.343645323,53,141796265.44332197,0.985495075959997
2025-12-02,2824,0,0,0.0,0.0,130043957.03910834,113,16789300.0,26,10329113.06829,0,0.0,2685,102925543.97081834,1537,473,1707,91,1174,7,77518,228379627.70594624,2946.1496388702785,200.0,0.9328455084703127,0.3751111128008947,0.7274673416051168,76145,73517,3188,1163,74330,16951269.813045967,2025,6758310.409504474,989,28051600.07163517,119,31367848.851839796,55,145250598.5599208,0.9849970329471864
2025-12-03,15479,0,0,0.0,0.0,98816569.5445869,87,6950830.0,21,5121735.103964951,0,0.0,15371,86744004.44062194,3232,11548,14491,119,2913,28,74752,230208722.60198125,3079.63295432873,200.0,0.9343572015756251,0.36269505008025854,0.723919286623857,73379,70832,3232,1180,71520,17360011.85378243,2052,6835794.394752555,1007,28861268.486015327,116,30846954.794107184,57,146304693.0733238,0.9842144691780822
2025-12-04,3713,0,0,0.0,0.0,168271860.3749071,86,11476000.0,25,8904357.0,0,0.0,3602,147891503.3749071,2659,424,2785,66,2288,8,72538,232780365.60198128,3209.081662052735,200.0,0.9369051748630736,0.3682928177621998,0.7347474693821533,71157,68569,3229,1164,69309,16906268.363842793,2065,6900422.873026522,998,28564545.283365227,111,30228575.604836415,55,150180553.47691032,0.9839532383026828
2025-12-05,33318,1,0,285000000.0,0.0,159735338.2430497,113,13163434.0,15,3383939.19631017,0,0.0,33189,143187965.04673952,2394,30252,32330,29752,2037,15,100268,242559860.40567106,2419.115374852107,200.0,0.9185096370210827,0.37514856216177145,0.7165615979669083,98879,96308,3267,1185,97001,22460231.010466896,2082,6909808.87650048,1012,29014936.99444613,120,32235781.141185634,53,151939102.38307196,0.988181673116049
2025-12-06,2012,0,0,0.0,0.0,73738661.78266042,72,7125370.0,18,5568352.0,0,0.0,1922,61044939.78266043,1138,355,1258,64,734,5,99603,244116878.4056711,2450.8988525011405,200.0,0.9197121093923769,0.37564608140848477,0.7167766561167919,98210,95518,3284,1194,96319,22295592.71002879,2090,6934478.497723263,1017,28937639.886520654,122,31010546.716593027,55,154938620.59480533,0.9880124092647812
2025-12-07,1676,0,0,0.0,0.0,41744723.361237556,82,5498674.0,13,6117641.0,0,0.0,1581,30128408.361237552,1091,344,1213,50,797,11,98867,243497911.40567112,2462.883585075618,200.0,0.9200962127587141,0.37129331688149336,0.7171366675269261,97464,94753,3303,1203,95564,22136572.31290777,2100,6990523.71750004,1029,29185866.963788643,120,30923269.459526222,54,154261678.9519484,0.9878321381249557
2025-12-08,3297,0,0,0.0,0.0,125075395.80425121,105,12353706.0,17,7817191.0,0,0.0,3175,104904498.80425121,2316,396,2443,61,1954,4,96978,248034426.40567112,2557.6360247238663,200.0,0.922995163602095,0.3755194790527531,0.7176779479741082,95565,92793,3339,1216,93639,21733221.007564053,2123,7063502.77270659,1037,29693177.79265891,122,30928811.526838884,57,158615713.30590266,0.9874610736455691
2025-12-09,3494,0,0,0.0,0.0,114137881.12704074,88,12309060.0,18,6115304.0,0,0.0,3388,95713517.12704074,2557,389,2688,50,2078,9,94959,254228182.40567112,2677.2415716853707,200.0,0.9266137100516968,0.40132751638884423,0.722980913902324,93537,90563,3362,1221,91597,21282979.452224743,2141,7105840.815156835,1039,29973282.82392069,126,32508244.222944763,56,163357835.09142408,0.9871418191008751
2025-12-10,13768,0,0,0.0,0.0,145829286.853859,82,15688000.0,22,4528735.0,0,0.0,13664,125612551.853859,1942,11229,12866,74,1230,31,93834,265387447.40567118,2828.265313273133,200.0,0.9302327395631692,0.3930378128263511,0.7217381122304607,92400,89034,3370,1231,90464,21950138.556214213,2139,7086461.601214455,1037,29787724.011069454,134,34302521.743864045,60,172260601.49330893,0.9868810878785941
2025-12-11,3510,0,0,0.0,0.0,156039259.128656,80,9403080.0,19,6538647.002600133,0,0.0,3411,140097532.12605587,2076,410,2187,56,1736,5,92159,268251880.40307096,2910.7507720686094,200.0,0.932103780804635,0.3829408228353797,0.7253903259499859,90726,87356,3381,1233,88778,21609407.703844175,2148,7142570.246388223,1039,29931499.47035903,135,34353541.42697044,59,175214861.55550912,0.9866209485780011
2025-12-12,3435,0,0,0.0,0.0,108250704.50684623,94,15201702.77985204,17,5703054.0,0,0.0,3324,87345947.72699419,2192,564,2474,70,1863,10,90376,277750529.18292296,3073.2775203917295,200.0,0.9355531730569112,0.38303368002216054,0.7276180991182476,88939,85532,3399,1247,86977,21242625.105213314,2152,7173836.473656308,1044,29683756.940318737,142,37243080.20337234,61,182407230.46036232,0.9862020890501904
2025-12-13,2827,0,0,0.0,0.0,42408532.33827585,61,5283050.0,15,1912501.0,0,0.0,2751,35212981.33827585,2139,303,2227,31,1877,10,88540,281121078.182923,3175.0742961703527,200.0,0.9374548604055171,0.38037736263394956,0.7296598933560936,87104,83696,3420,1260,85120,20870145.525496706,2160,7170042.6259523695,1056,30000616.587510973,143,37734421.82885115,61,185345851.6151118,0.9857691438897673
2025-12-14,2343,0,0,0.0,0.0,48031526.94277136,72,3843500.0,17,4560043.0,0,0.0,2254,39627983.94277136,1841,312,1946,48,1585,3,87006,280404535.182923,3222.818370950544,200.0,0.938297276564236,0.37853256600851,0.7297782720343237,85561,82143,3430,1252,83576,20559247.227469232,2178,7244012.094734323,1049,30028972.311731346,143,37661232.3904344,60,184911071.15855375,0.98561018780314
2025-12-15,2821,0,0,0.0,0.0,110858645.04618628,114,7288104.0,15,4245000.0,0,0.0,2692,99325541.04618628,1727,427,1853,63,1386,5,85688,283447639.1829231,3307.903547555353,200.0,0.9397376730932063,0.36778198379407784,0.7304917846778453,84238,80817,3458,1266,82230,20288372.27457379,2192,7273183.538257776,1061,30300677.681419745,144,37256377.12272322,61,188329028.5659485,0.9852254691438708
2025-12-16,2272,0,0,0.0,0.0,87817347.12380615,89,9722500.0,17,5652598.0,0,0.0,2166,72442249.12380615,1514,365,1628,69,1226,8,84539,287517541.1829231,3401.004757365513,200.0,0.9413287495199685,0.36551824750455336,0.7324216566914119,83079,79624,3454,1268,81085,20054056.558793288,2186,7220543.048183914,1062,30225432.172239713,146,42351332.84228082,60,187666176.5614253,0.9850010054531045
2025-12-17,13029,0,0,0.0,0.0,124655594.01242025,67,5727899.0,16,8285516.56581,0,0.0,12946,110642178.44661026,1091,11500,12307,120,765,20,83914,284959923.617113,3395.8567535466427,200.0,0.9410901106744394,0.362979204052694,0.727036628166247,82443,78963,3467,1265,80447,20149022.13077466,2202,7298375.148568245,1056,30179581.545952447,148,41599125.213572025,61,185733819.5782456,0.9849250423052173
2025-12-18,2094,0,0,0.0,0.0,58490370.88666002,78,7731565.198910303,19,5957433.0,0,0.0,1997,44801372.68774971,1509,347,1628,54,1225,11,82754,286734055.81602335,3464.8966311721892,200.0,0.9421053289477358,0.3579811812123946,0.7250979637425021,81284,77796,3489,1280,79265,19914962.177260537,2209,7313743.116031838,1067,30163159.128998082,148,40273771.268197104,65,189068420.12553576,0.9845324697295599
2025-12-19,2134,0,0,0.0,0.0,122660211.77700621,95,9896161.0,18,6327363.0,0,0.0,2021,106436687.77700621,1080,448,1208,47,718,15,82098,290302853.81602335,3536.052690881914,200.0,0.9431973340091394,0.38007457359173724,0.730855865027857,80627,77134,3516,1291,78582,19774197.53218472,2225,7372442.484992681,1078,30241614.56874502,151,41276941.9782912,62,191637657.2518097,0.984274890983946
2025-12-20,2220,0,0,0.0,0.0,79293266.16976593,66,6503725.0,12,2716538.0,0,0.0,2142,70073003.16976593,1509,333,1593,30,1216,7,80919,294090040.81602335,3634.375620262526,200.0,0.9446663455960571,0.3970581270417417,0.7351251745648053,79441,75938,3516,1286,77403,19534493.05352073,2230,7370442.550218003,1073,30061194.97972513,153,43408738.49306357,60,193715171.73949587,0.9841075643544779
2025-12-21,1940,0,0,0.0,0.0,108099877.00430875,73,7008000.0,18,4003010.0,0,0.0,1849,97088867.00430875,1050,349,1142,44,746,19,80236,297095030.8160233,3702.7647292490065,200.0,0.9455565922887794,0.37779943176478714,0.734674632303946,78752,75239,3544,1300,76692,19388879.357094184,2244,7469104.333731817,1085,30447451.220104687,152,42426875.90253412,63,197362720.00255853,0.9837977965003241
2025-12-22,2452,0,0,0.0,0.0,85759664.16228826,97,9609190.0,20,8170659.0,0,0.0,2335,67979815.16228826,1667,350,1784,38,1382,7,78899,298533561.81602335,3783.743289725134,200.0,0.946557138124655,0.38464730192059776,0.7337616493086194,77404,73891,3564,1311,75335,19112504.116126843,2253,7450895.350361149,1095,30862866.91116491,153,43184575.93919123,63,197922719.49917918,0.9833838198202766
2025-12-23,2300,0,0,0.0,0.0,109653203.69857985,70,7086761.0,30,10399692.0,0,0.0,2200,92166750.69857985,1270,486,1466,140,929,7,78117,295220630.81602335,3779.211065658222,200.0,0.9464713142955572,0.36419732873616484,0.7238106864881941,76621,73010,3565,1315,74552,18937381.07958667,2250,7422888.733977614,1090,30915109.488924768,161,45996617.98595549,64,191948633.52757877,0.9831662762266856
2025-12-24,13351,0,0,0.0,0.0,84644420.7578266,95,5145660.0,35,10663451.0,0,0.0,13221,68835309.7578266,1143,11628,12431,151,746,30,77552,289702839.8160233,3735.594695378885,200.0,0.9456336662355604,0.35799307756528215,0.7169421200043458,76052,72327,3600,1340,73952,19036859.666738946,2260,7470944.8106963085,1118,31543617.683201272,158,45590794.98903924,64,186060622.66634753,0.9827212708892098
2025-12-25,2492,0,0,0.0,0.0,137272719.78421456,125,12413876.56581,28,9768123.0,0,0.0,2339,115090720.21840456,1059,476,1228,88,681,7,76966,292348593.3818333,3798.4121999562576,200.0,0.946406622654114,0.3431864229627185,0.7134910303451495,75460,71726,3632,1336,73334,18906876.08465607,2296,7560534.981574446,1103,30976426.24609526,169,48860557.29323283,64,186044198.7762747,0.982641685939246
2025-12-26,13381,0,0,0.0,0.0,88886655.70377725,117,10378862.0,22,7358188.0,0,0.0,13242,71149605.70377725,1207,11476,12361,124,846,19,76263,295369267.3818333,3873.034989206212,200.0,0.9471225781519262,0.35169474863972305,0.7053094080753827,74745,70939,3656,1348,72607,18990315.11989164,2308,7604020.470196206,1105,30987093.394983876,178,51997366.19515458,65,185790472.20160702,0.9823243250331091
2025-12-27,1849,0,0,0.0,0.0,60134283.21291543,74,5641600.0,16,2737185.0875326674,0,0.0,1759,51755498.12538276,1034,364,1139,58,718,3,75606,298273682.2943006,3945.105974318184,200.0,0.9480676467447043,0.36090691478340936,0.715254055885867,74086,70257,3669,1352,71937,18847317.36053115,2317,7614557.828810804,1116,31128938.086966064,171,48916764.01984906,65,191766104.99814358,0.9821178213369309
2025-12-28,1118,0,0,0.0,0.0,75139610.348401,68,5736500.0,24,5122445.0,0,0.0,1026,64280665.348400995,470,337,583,66,189,4,75487,298887737.2943006,3959.4597386874643,200.0,0.948295990031074,0.3701065403574636,0.7167940865537517,73958,70093,3680,1350,71807,18810101.90236836,2330,7661677.959132742,1115,31152831.132467844,170,47514839.35592073,65,193748286.94441095,0.9821161259554625
2025-12-29,1386,0,0,0.0,0.0,68444746.96089755,119,11731385.0,16,2029433.75,0,0.0,1251,54683928.21089756,620,392,741,61,305,11,75254,308589688.5443007,4100.641674120986,200.0,0.9499309977928446,0.35467944557969616,0.7191918420637817,73728,69840,3717,1372,71537,18750040.264556173,2345,7710024.2334456025,1131,31730494.434913002,175,48412660.17091083,66,201986469.44047505,0.981768410981476
2025-12-30,1661,0,0,0.0,0.0,85198446.44215508,72,4968300.0,23,5751333.0,0,0.0,1566,74478813.44215508,978,354,1056,35,659,7,74637,307806655.5443007,4124.049138420632,200.0,0.9501282405627962,0.35292634908985343,0.7191281082644708,73101,69212,3723,1379,70914,18620438.471282583,2344,7710696.089387599,1140,32064903.40269572,171,47364707.58238709,68,202045909.99854764,0.9815239090531506
2025-12-31,1259,0,0,0.0,0.0,54942947.859391496,32,2686000.0,19,6764869.056410257,0,0.0,1208,45492078.80298124,645,265,725,29,420,4,74250,303727786.48789036,4090.6099190288264,200.0,0.9496622165257471,0.3439906179735217,0.7153810169464856,72710,68825,3734,1377,70516,18537633.83685313,2357,7738086.096487273,1138,31962112.53091594,171,47715968.895982295,68,197773985.12765175,0.9814545454545455
2026-01-01,1507,0,0,0.0,0.0,181808128.3211907,108,10692500.0,20,6061221.434092962,0,0.0,1379,165054406.88709775,651,354,753,42,368,20,73944,308359065.0537974,4170.17019709236,200.0,0.9504512688151552,0.332002408936541,0.7129031957863743,72408,68527,3762,1388,70182,18477596.224679224,2374,7801166.413289476,1139,31906309.45933014,180,50211921.20763346,69,199962071.74886513,0.9812290381910636
2026-01-02,1296,0,0,0.0,0.0,94760265.68055212,47,4417925.0,9,4161918.0,0,0.0,1240,86180422.68055212,649,287,724,26,375,7,73602,308615072.0537974,4193.025625034611,200.0,0.9507015702632122,0.33005471688972654,0.7133220166713053,72065,68171,3768,1384,69834,18404783.73222487,2384,7844542.761394959,1139,31813196.955524877,177,50973256.46866529,68,199579292.13598746,0.9811961631477405
2026-01-03,790,0,0,0.0,0.0,71888238.85743687,53,5311000.0,14,5072451.0,0,0.0,723,61504787.857436866,299,272,393,42,88,3,73559,308853621.0537974,4198.719681531797,200.0,0.9507186362816685,0.3295410700324832,0.71215804950725,72015,68127,3789,1393,69770,18389282.876867965,2396,7872317.828158207,1148,32224572.178725127,175,49692385.00683456,70,200675063.16321158,0.9810628203211028
2026-01-04,927,0,0,0.0,0.0,64496741.79047576,89,4827900.0,30,6118927.0,0,0.0,808,53549914.79047576,366,321,444,48,85,9,73531,307562594.0537975,4182.760931495525,200.0,0.9505313366594629,0.3309811905263872,0.7136840946254448,71983,68087,3808,1396,69723,18377023.624981284,2412,7914496.2885119915,1151,32194494.52120275,176,49299389.95050017,69,199777189.66860124,0.9810148100801023
2026-01-05,1537,0,0,0.0,0.0,106244229.55415983,119,9662205.0,40,9146389.0,0,0.0,1378,87435635.55415983,637,466,805,69,293,16,73323,308078410.0537974,4201.661280277641,200.0,0.9506242711590817,0.32265135506287,0.7092872942767049,71767,67858,3850,1415,69473,18322884.866658222,2435,7987239.726262566,1168,32776189.60877274,178,51853667.24975351,69,197138428.6023504,0.9807018261664143
2026-01-06,1615,0,0,0.0,0.0,155471831.93045703,154,10793319.0,38,10314402.0,0,0.0,1423,134364110.93045703,601,483,715,59,202,9,73189,308557327.0537974,4215.89756730926,200.0,0.9507523119130488,0.32368490397121785,0.7151741416531597,71630,67723,3888,1427,69301,18284732.340352688,2461,8093833.196500213,1186,33218201.36308513,174,49165626.85849892,67,199794933.29536048,0.980502534533878
2026-01-07,12380,0,0,0.0,0.0,105624138.10387354,110,12839475.0,18,4306066.30116,0,0.0,12252,88478596.80271354,649,11301,11642,151,304,29,73065,317090735.7526374,4339.844463869669,200.0,0.9519946342241064,0.3275598208940753,0.719973742637363,71488,67479,3911,1425,69154,18477081.709266473,2486,8185254.344392037,1185,33218549.957032025,172,49737444.592648566,68,207472405.14929837,0.9804968179018682
2026-01-08,1368,0,0,0.0,0.0,127761023.24813776,98,16666803.893942924,30,8133617.0,0,0.0,1240,102960602.35419483,515,472,693,84,170,14,72993,325623922.6465804,4461.029450037407,200.0,0.9531659524401096,0.33450063717699335,0.7234769072029129,71409,67389,3962,1469,69031,18447861.789136484,2493,8233575.244208483,1226,33515287.652366832,173,49786309.985234715,70,215640887.97563386,0.9798747825133917
2026-01-09,1273,0,0,0.0,0.0,150925567.6352058,96,16142100.0,34,10385864.0,0,0.0,1143,124397603.63520579,459,391,583,62,141,19,72933,331380158.64658034,4543.624403858066,200.0,0.9539087622244359,0.330584830036295,0.72282214737399,71346,67315,4001,1480,68932,18423801.725213993,2521,8286273.959837552,1228,33730081.92124083,179,49414633.48083254,73,221525367.55945545,0.9797074026846557
2026-01-10,1576,0,0,0.0,0.0,90225709.84829055,73,7308905.0,27,5926051.766728246,0,0.0,1476,76990753.0815623,878,362,965,37,553,4,72421,332763011.87985206,4594.8414393594685,200.0,0.9544109369915244,0.3473295678253184,0.7267829613100247,70818,66785,4014,1472,68407,18308091.19375077,2542,8326729.549511373,1227,33711511.218511924,175,50826398.79457772,70,221590281.12350032,0.9796744038331423
2026-01-11,1340,0,0,0.0,0.0,54736697.569288395,70,3521000.0,26,6865203.689148386,0,0.0,1244,44350493.880140014,656,352,759,43,359,8,72113,329418808.19070375,4568.091858481879,200.0,0.9540386223754508,0.33795535164716184,0.7227161698731379,70502,66478,4047,1484,68066,18237482.186545707,2563,8367477.497802846,1238,33847731.35707785,176,50943052.87674578,70,218023064.27253154,0.9794211861938902
2026-01-12,1474,0,0,0.0,0.0,162237829.11725202,113,9479434.0,40,7674052.0,0,0.0,1321,145084343.11725202,547,397,642,51,214,12,71962,331224190.1907037,4602.765212066141,200.0,0.9542991067179111,0.3144615098248125,0.721296159323742,70347,66320,4060,1489,67902,18204477.92357783,2571,8415724.388580995,1239,33896089.78137406,177,49885688.83146332,73,220822209.26570752,0.9793085239431922
2026-01-13,1791,0,0,0.0,0.0,265054497.64888364,125,16372217.0,37,6634039.0,0,0.0,1629,242048241.64888364,695,529,881,61,303,13,71733,340962368.19070375,4753.214952542118,200.0,0.9554745447164051,0.3129699866957645,0.7225150003042948,70111,66073,4158,1568,67575,18122048.046948314,2590,8529162.249385424,1314,34798899.0274386,180,50852421.383508995,74,228659837.48342234,0.9781411623659961
2026-01-14,12745,0,0,0.0,0.0,170519387.41319034,104,16196500.0,48,17244972.0,0,0.0,12593,137077915.41319034,811,11391,11880,141,444,39,71469,339913896.1907037,4756.102592602439,200.0,0.9554405810643938,0.31572619125350665,0.7183998625758214,69841,65697,4176,1568,67293,18141112.910847697,2608,8576485.790191054,1309,34782997.5726489,187,54736271.36754353,72,223677028.54947254,0.9780604178035232
2026-01-15,2311,0,0,0.0,0.0,168129928.1689581,110,14307813.30116,33,10541736.0,0,0.0,2168,143280378.8677981,706,1014,1398,614,328,13,71768,343679973.4918637,4788.763425090065,200.0,0.9563248302932836,0.3189747049380395,0.720813250096196,69586,65435,4204,1582,67564,18084020.53953229,2622,8590138.651417803,1327,35518893.46334633,180,52667653.94123762,75,228819266.89632967,0.9779567495262512
2026-01-16,2079,0,0,0.0,0.0,211071605.5931737,115,20968827.0,30,7778278.0,0,0.0,1934,182324500.5931737,854,636,1171,66,475,11,71370,356870522.4918637,5000.287550677648,200.0,0.9580596264730307,0.327013465583041,0.7267596313460848,69178,65014,4224,1586,67146,17996292.466369227,2638,8666962.313467793,1329,35720383.71032691,180,51972558.730653524,77,242514325.27104625,0.9777777777777777
2026-01-17,1254,0,0,0.0,0.0,157017618.55616432,92,13413000.0,33,13839214.35,0,0.0,1129,129765404.20616432,504,364,589,42,177,10,71245,356444308.1418637,5003.078225024405,200.0,0.9580277664462167,0.3395641059299754,0.7230074876201715,69052,64875,4235,1603,67010,17966799.188696705,2632,8627674.947797809,1345,36289333.44174105,183,54507337.399130255,75,239053163.1644979,0.9775001754509088
2026-01-18,1462,0,0,0.0,0.0,203297652.34283257,93,10739300.0,28,8406798.0,0,0.0,1341,184151554.34283257,513,362,588,39,187,6,71103,358776810.14186376,5045.8744376730065,200.0,0.9583328379683093,0.33164518240041757,0.7234347291967425,68906,64729,4252,1609,66851,17929963.206815213,2643,8650991.665730704,1347,36009950.71390764,188,55817325.0078302,74,240368579.54757994,0.9773708563633039
2026-01-19,1648,0,0,0.0,0.0,93158687.21665803,139,11734800.0,25,6204734.46657,0,0.0,1484,75219152.75008804,600,494,779,124,236,5,70996,364306875.6752937,5131.371847361735,200.0,0.9589915656492387,0.3383288112827914,0.7253415095976125,68794,64554,4287,1622,66709,17885427.312176615,2665,8745183.639366638,1357,36242330.28560136,191,56847274.758558765,74,244586659.67959034,0.97715364245873
2026-01-20,1594,0,0,0.0,0.0,123223154.02048373,121,16976505.0,33,8960872.0,0,0.0,1440,97285777.02048373,593,492,778,113,235,10,70884,372322508.6752937,5252.5606438024615,200.0,0.9599047907041234,0.33474894467518895,0.725506544200719,68678,64376,4311,1624,66573,17841596.50803004,2687,8819148.62821696,1354,36354452.95448452,196,59669808.73277831,74,249637501.8517839,0.9770893290446363
2026-01-21,12329,0,0,0.0,0.0,112407521.2692985,118,12167784.0,59,18491357.11932588,0,0.0,12152,81748380.14997262,778,11022,11481,126,402,27,70635,365998935.5559678,5181.552142082081,200.0,0.9593223582370658,0.3321786073901977,0.7201846790721871,68422,64060,4317,1616,66318,17869151.549816534,2701,8880177.095625222,1346,36166949.26740513,194,58647208.446363345,76,244435449.1967576,0.9771218234586253
2026-01-22,1526,1,0,345000000.0,0.0,125629478.32889941,132,19034606.04177251,50,17430458.094033606,0,0.0,1343,89164414.1930933,559,409,685,72,214,6,70499,367603083.5037068,5214.3020965362175,200.0,0.9595392468520437,0.33038930111536696,0.7174698224067702,68286,63887,4337,1625,66162,17831033.267492585,2712,8895628.355267469,1357,36552531.19147037,192,60138873.793177545,76,244185016.89629877,0.9769500276599669
2026-01-23,2290,0,0,0.0,0.0,261488249.8157272,169,18365717.0,44,17530267.0,0,0.0,2077,225592265.8157272,756,625,930,151,257,10,70403,368438533.50370675,5233.278887315977,200.0,0.9596345551286349,0.3608543095796112,0.7195682804534485,68177,63741,4408,1645,65995,17791642.444567822,2763,9003502.501634564,1379,37279345.939370826,193,60012441.707864664,73,244351600.91026887,0.9766345184154084
2026-01-24,1929,0,0,0.0,0.0,257537665.26832628,124,13098234.0,35,11900863.0,0,0.0,1770,232538568.26832628,746,489,901,91,350,15,70159,369635904.5037067,5268.54579603054,200.0,0.9597585457124648,0.3090220525930598,0.7182196811919171,67927,63479,4454,1657,65705,17729428.3026677,2797,9094115.967414457,1388,37422133.507457875,194,60158290.945350006,75,245231935.7808167,0.9763822175344574
2026-01-25,1385,0,0,0.0,0.0,82863037.28699966,105,11402181.0,35,9167745.0,0,0.0,1245,62293111.28699966,478,402,607,79,114,9,70133,371870340.50370675,5302.358953755104,200.0,0.959987696442776,0.3060301908972818,0.7193227960338702,67887,63424,4481,1657,65652,17714567.785585847,2824,9235446.742430886,1390,37598237.013446845,191,59032185.451798916,76,248289903.51044425,0.9763734618510544
2026-01-26,2049,0,0,0.0,0.0,278408755.61438364,138,17361521.0,52,10896205.300000003,0,0.0,1859,250151029.31438366,518,496,637,82,73,14,70156,378335656.20370674,5392.77690010415,200.0,0.9606288119246441,0.31665188114957676,0.7230019864712576,67896,63418,4500,1669,65656,17710294.16355495,2831,9243074.919142885,1399,37958677.59807612,196,60419119.919815786,74,253004489.60311696,0.9762101602143793
2026-01-27,1991,0,0,0.0,0.0,191618271.54850975,146,16362081.0,38,7859310.0,0,0.0,1807,167396880.54850975,615,490,748,66,198,13,70037,386838427.20370674,5523.343764063377,200.0,0.9614953223584229,0.318559452821665,0.7240401847801632,67775,63274,4522,1674,65515,17674569.498561848,2848,9278560.381944595,1401,38263565.56087266,200,62255454.7028503,73,259366277.05947733,0.9760983480160487
2026-01-28,12934,0,0,0.0,0.0,231985723.22018424,138,20274356.0,42,11885754.0,0,0.0,12754,199825613.22018424,604,11128,11377,198,194,25,70066,395227029.20370674,5640.781965628218,200.0,0.962158781094896,0.29774446741248584,0.7151371143825347,67791,63164,4556,1693,65510,17747821.599792928,2863,9314291.473038487,1412,38625979.38334499,201,63455675.55876729,80,266083261.18876305,0.9758370679074015
2026-01-29,2570,0,0,0.0,0.0,180006359.7137348,142,15112682.0,47,13232243.095474806,0,0.0,2381,151661434.61826,618,711,913,161,109,7,70125,397107468.10823196,5662.8515951263025,200.0,0.9623180800195169,0.3017278592227034,0.7218504869417678,67844,63201,4593,1686,65532,17764979.16281259,2907,9491255.33469405,1413,38639666.02549012,193,60766528.86868911,80,270445038.71654606,0.9759572192513369
2026-01-30,2434,0,0,0.0,0.0,192235913.8295176,183,25173549.744033612,31,9618254.0,0,0.0,2220,157444110.085484,696,620,903,100,210,14,70029,412662763.8522655,5892.741062306552,200.0,0.9636861050150866,0.30767358178013055,0.7284925990094739,67749,63079,4615,1707,65414,17742603.714963302,2908,9477523.626517722,1428,38974216.13219271,198,61920361.079268545,81,284548059.29932326,0.9756243841836953
2026-01-31,2113,0,0,0.0,0.0,231052551.5643926,126,11397048.0,42,13918513.0,0,0.0,1945,205736990.5643926,639,554,848,134,237,6,69932,410141298.8522655,5864.85870348718,200.0,0.9635159008990422,0.2904656596802512,0.7253155869057317,67637,62913,4626,1711,65306,17712025.568403,2915,9495719.690953566,1428,38886299.98560071,202,62377838.00452611,81,281669415.6027822,0.9755333752788423
2026-02-01,2868,0,0,0.0,0.0,230645930.60766754,130,14455528.0,24,6840174.601666087,0,0.0,2714,209350228.00600147,1159,565,1341,127,718,13,69354,417756652.2505995,6023.540852014296,200.0,0.9644050991478255,0.2978351784752246,0.7283490644445286,67061,62275,4641,1710,64713,17588318.330684435,2931,9523783.423084099,1424,38386213.489002295,203,62792742.25405613,83,289465594.75377244,0.9753438878795744
2026-02-02,2749,0,0,0.0,0.0,252909115.46763682,160,15882000.0,36,9301632.0,0,0.0,2553,227725483.46763682,787,677,1026,141,281,16,69230,424337020.2505995,6129.380618959981,200.0,0.9650285396562651,0.3131231358590236,0.7349072286954963,66937,62093,4673,1707,64557,17548085.60861094,2966,9663505.229190614,1424,38573559.540645614,202,62633302.26648625,81,295918567.60566604,0.9753430593673263
2026-02-03,2728,0,0,0.0,0.0,172113961.93964997,184,21864174.0,47,14182650.81533098,0,0.0,2497,136067137.124319,563,598,751,111,98,10,69253,432018543.4352685,6238.264673519826,200.0,0.9655513301191727,0.31541366658524944,0.7321755797003229,66955,62102,4701,1712,64552,17554212.553167574,2989,9741653.908929544,1424,38699079.11926301,201,61174536.687694795,87,304849061.1662136,0.9752790492830635
2026-02-04,12992,0,0,0.0,0.0,190288906.64626148,172,22791371.60166609,40,11943939.259897722,0,0.0,12780,155553595.78469768,657,10881,11157,144,227,34,69204,442865975.77703685,6399.427428718525,200.0,0.9663504069674953,0.3361873832280633,0.7378311022307606,66896,61998,4729,1715,64475,17622927.245266445,3014,9853299.942898855,1420,38293738.95540452,211,64574073.35430317,84,312521936.2791639,0.9752181954800301
2026-02-05,2012,0,0,0.0,0.0,144984856.5619895,173,16507656.0,32,11584066.0,0,0.0,1807,116893134.5619895,653,502,831,97,280,13,69034,447789565.77703685,6486.507601718527,200.0,0.9667016120984973,0.33605317700202225,0.7443330264158151,66717,61821,4774,1738,64260,17583607.21570494,3036,9943159.502088368,1443,39041052.770255834,212,61878640.14989261,83,319343106.13909507,0.9748239997682302
2026-02-06,2448,0,0,0.0,0.0,194383321.6874185,186,27620500.0,25,8027214.0,0,0.0,2237,158735607.6874185,597,570,795,107,172,17,68986,467382851.77703685,6775.039164135286,200.0,0.9679319297253832,0.3318046650155387,0.7445591535537524,66674,61763,4842,1759,64144,17557267.35138555,3083,10021212.487808969,1455,39735570.24915598,217,63660566.20538621,87,336408235.48330015,0.9745020728843533
2026-02-07,1643,0,0,0.0,0.0,126244717.85301037,95,11600100.0,26,7326169.0,0,0.0,1522,107318448.85301037,434,585,762,267,123,5,69135,471656782.7770368,6822.25765208703,200.0,0.9684248777261732,0.33258826554300586,0.7538891660774942,66659,61678,4828,1748,64307,17551594.721397843,3080,10005634.049150355,1452,39426552.32519653,208,59814859.12160653,88,344858142.5596856,0.9747161350979967
2026-02-08,1363,0,0,0.0,0.0,102795000.95012124,118,7091500.0,21,4173922.0,0,0.0,1224,91529578.95012124,371,387,476,61,34,10,69172,474574360.7770369,6860.787034884591,200.0,0.9685879352286496,0.3364823116895586,0.7534248028227087,66686,61691,4840,1751,64332,17553993.16490042,3089,10034821.181403302,1452,39718960.190392956,214,62410863.85189137,85,344855722.38844883,0.9746862892499856
2026-02-09,1809,0,0,0.0,0.0,182166306.10893965,124,14654010.0,37,6172711.2272,0,0.0,1648,161339584.88173965,423,407,552,68,99,12,69153,483055659.5498369,6985.3174779089395,200.0,0.9690042365626111,0.3243135952997459,0.7464836470383474,66670,61673,4882,1768,64271,17545330.81670517,3114,10053881.005007353,1460,39927092.782778926,219,65161187.351258144,89,350368167.59408724,0.9744335025233901
2026-02-10,2169,0,0,0.0,0.0,169470466.5871404,133,17904019.0,38,9772503.0,0,0.0,1998,141793944.5871404,698,539,868,84,273,10,68974,491187175.5498369,7121.338120883766,200.0,0.9694619289478633,0.3160090500922722,0.7421824942225859,66489,61475,4903,1785,64071,17507755.624442898,3118,10060233.989422865,1474,40695635.06319544,220,66966710.14389442,91,355956840.72888124,0.9741206831559718
2026-02-11,2539,0,0,0.0,0.0,232361201.61994547,128,12410500.0,36,13658506.0,0,0.0,2375,206292195.61994547,964,558,1125,67,489,11,68563,489939169.5498369,7145.8245635377225,200.0,0.9694788988790549,0.30479842339157615,0.7432238234969261,66069,61047,4928,1793,63635,17417728.943803854,3135,10089330.67267362,1488,41162316.96988347,212,63716419.23821609,93,357553373.7252598,0.9738488689234719
2026-02-12,12406,0,0,0.0,0.0,145131987.29965693,110,14570500.0,37,17378250.5950963,0,0.0,12259,113183236.70456061,588,10732,10974,105,183,21,68506,487131418.9547405,7110.784733523203,200.0,0.9693281046772873,0.3090629247820954,0.7430238775318757,66005,60922,4923,1783,63583,17493145.515412107,3140,10095201.95068983,1478,41001751.68349447,216,66755692.56243537,89,351785627.24270874,0.973973082649695
2026-02-13,2907,0,0,0.0,0.0,167679201.99130574,163,19335827.0,36,11973712.0,0,0.0,2708,136369662.99130574,560,1055,1209,386,102,18,68808,494493533.9547406,7186.570369066687,200.0,0.9698120168961977,0.3050522367267795,0.7366995954429217,66000,60924,4939,1790,63869,17497825.508033026,3149,10130632.408792099,1474,41194405.35575794,222,67158810.00206129,94,358511860.6800962,0.9739855830717359
2026-02-14,2150,0,0,0.0,0.0,272996752.3148434,96,10195300.0,31,12523375.28750903,0,0.0,2023,250278077.02733436,433,436,540,45,36,7,68824,492165458.66723156,7151.073152784371,200.0,0.9697427953084694,0.3183962910448808,0.7430238132707101,66008,60921,4938,1785,63886,17502526.770319637,3153,10169722.954223413,1476,40935757.09151168,217,65383048.17708894,92,358174403.6740878,0.9740642799023597
2026-02-15,1507,0,0,0.0,0.0,94311243.3889296,68,8303400.0,24,11258831.0,0,0.0,1415,74749012.3889296,329,343,426,39,21,11,68853,489210027.66723144,7105.137432896627,200.0,0.9695001966836414,0.31557614167472897,0.7359459276616361,66033,60947,4960,1786,63893,17498909.605384007,3174,10238501.570068352,1472,41248289.558568306,224,69349913.92109975,90,350874413.01211107,0.974060679999419
2026-02-16,1868,0,3,0.0,734517563.0452595,240650037.9475051,142,24616126.5950963,33,14719724.0,0,0.0,1690,201314187.3524088,501,476,618,49,90,11,68823,499106430.2623278,7252.029557885123,200.0,0.9699388325283191,0.3001302478209131,0.7235617024029772,66012,60917,4989,1804,63834,17485639.0545541,3185,10242280.937073894,1476,41360038.73238015,230,70869383.3696338,98,359149088.16868585,0.9737878325559769
2026-02-17,2018,0,0,0.0,0.0,162871893.49447227,120,10598775.0,38,17970173.6082,0,0.0,1860,134302944.88627225,593,498,713,68,132,16,68775,491735031.65412784,7149.909584211237,200.0,0.9695197739182373,0.29950037052020717,0.7285719267469107,65954,60852,5001,1809,63774,17479091.76214116,3192,10326534.76226989,1487,42058150.82761003,227,68444607.62881854,95,353426646.6732882,0.9736968375136315
2026-02-18,12035,0,0,0.0,0.0,126504735.8628889,100,11324530.0,42,16667339.0,0,0.0,11893,98512866.8628889,703,10578,10917,81,276,25,68605,486392222.65412784,7089.748890811571,200.0,0.9692127476617479,0.3026904461086515,0.7294628197350018,65772,60645,5106,1815,63499,17423532.65867605,3291,10446005.334600374,1489,42120377.197480574,235,69925940.66730358,91,346476366.7960672,0.9735442023176153
2026-02-19,1314,2,0,780000000.0,0.0,106501611.1044735,96,10243445.28750903,33,12118729.0,0,0.0,1183,84139436.81696448,387,371,494,50,62,4,68597,484516938.9416369,7063.238027051284,200.0,0.9691342009948762,0.30348614544102676,0.7339923733210901,65756,60622,5110,1815,63487,17416070.717201393,3295,10443604.656997595,1492,42143778.58610207,231,66342690.31871189,92,348170794.6626239,0.9735411169584676
2026-02-20,1593,0,0,0.0,0.0,112538903.15393327,116,12097798.0,42,15907146.0,0,0.0,1435,84533959.15393327,452,455,575,59,55,19,68620,480707590.94163686,7005.356906756585,200.0,0.9688023970031856,0.3013702848137275,0.7301506440576108,65778,60638,5152,1830,63468,17411026.2506425,3322,10550563.491638616,1503,42419885.67390171,233,64961867.55773571,94,345364247.9677183,0.9733313902652287
2026-02-21,1336,0,0,0.0,0.0,168142295.63930866,87,9461129.0,39,14174164.0,0,0.0,1210,144507002.63930866,380,367,451,26,26,15,68635,475994555.9416368,6935.15780493388,200.0,0.9685210246558472,0.30366013321190455,0.7310741243939725,65791,60645,5147,1825,63488,17412914.27812088,3322,10553264.94177791,1495,42349770.09295435,238,64945486.011965044,92,340733120.61681867,0.9734100677496904
2026-02-22,1270,0,0,0.0,0.0,128710957.5655647,82,9420196.0,28,11794977.203716502,0,0.0,1160,107495784.3618482,499,353,587,35,171,4,68503,473619774.73792034,6913.854498896696,200.0,0.9683650915639905,0.29792813490650066,0.7273250817653265,65652,60512,5165,1827,63338,17382429.83700334,3338,10613253.42350114,1499,42620981.41355296,236,65485827.44299688,92,337517282.62086606,0.9733296351984585
2026-02-23,1868,0,0,0.0,0.0,198225967.92305169,100,12744915.0,47,16091046.0,0,0.0,1721,169390006.92305169,805,420,892,36,417,9,68131,470273643.7379203,6902.491431769977,200.0,0.9682631466126993,0.28596776582331823,0.72385876434617,65272,60127,5159,1818,62972,17306363.131630264,3341,10635476.35488464,1488,42188424.342377335,236,65179295.74082098,94,334964084.1682071,0.9733161116085188
2026-02-24,2024,0,0,0.0,0.0,150794376.47044122,113,15281497.0,50,13823892.00000001,0,0.0,1861,121688987.4704412,745,461,858,58,351,21,67859,471731248.7379204,6951.638673395134,200.0,0.9684426339386994,0.2928894651688186,0.7250564478087473,64981,59826,5166,1818,62693,17248964.161508124,3348,10660252.76969562,1493,43106946.390802115,232,65010841.92303527,93,335704243.4928792,0.9732091542757777
2026-02-25,12347,0,0,0.0,0.0,203118541.84349388,173,24413126.0,54,17219934.09212125,0,0.0,12120,161485481.75137264,614,10650,10772,107,80,21,67907,478924440.64579904,7052.652018875801,200.0,0.9686995239260981,0.29366967033992675,0.7191749091026474,65024,59832,5224,1846,62683,17315511.475901213,3378,10708413.22510626,1509,43700170.185704395,244,69292053.67405087,93,337908292.0850364,0.9728157627343278
2026-02-26,1834,0,0,0.0,0.0,149560587.601402,154,13371543.6082,53,16023999.0,0,0.0,1627,120165044.99320203,516,569,660,63,39,19,67950,476271985.2539991,7009.153572538618,200.0,0.9684175782490244,0.289100364335739,0.7143241264872603,65059,59866,5250,1863,62700,17320688.888229884,3387,10736462.349168912,1517,44140977.23331712,255,72239214.2475938,91,331834642.53568935,0.9725827814569536
2026-02-27,2039,0,0,0.0,0.0,142515947.441036,150,11895300.0,40,12025864.0,0,0.0,1849,118594783.44103599,607,517,742,69,154,12,67877,476141421.25399905,7014.768202100845,200.0,0.9683003600050221,0.28635149668130006,0.7054847440425552,64978,59777,5280,1882,62597,17293944.18327566,3398,10755878.435451247,1530,45385454.025034875,262,75830528.34290381,90,326875616.2673335,0.972273376843408
2026-02-28,1691,0,0,0.0,0.0,153698393.44680938,120,10533794.0,34,14428634.801499821,0,0.0,1537,128735964.64530957,517,478,625,49,84,12,67854,472246580.4524993,6959.74563699265,200.0,0.9680924030616516,0.2862641350877736,0.7118433841091022,64940,59727,5287,1887,62567,17283125.029817324,3400,10737752.818730185,1537,45693483.88478082,261,71889122.52665976,89,326643096.1925112,0.9721902909187373
2026-03-01,1354,0,0,0.0,0.0,127663420.58344851,109,11394574.0,37,13111017.0,0,0.0,1208,103157829.58344851,411,396,519,53,61,8,67854,470530137.4524993,6934.4495159091475,200.0,0.9680317272784023,0.2976187787159004,0.7174180840257611,64921,59706,5300,1877,62554,17276030.647611257,3423,10821885.961221386,1530,45890606.97151968,261,70267267.66265085,86,326274346.2094961,0.9723376661655908
2026-03-02,1841,0,0,0.0,0.0,144740318.68477473,146,15922076.0,27,8022966.0,0,0.0,1668,120795276.68477471,477,506,612,89,40,16,67919,478429247.4524993,7044.115011300215,200.0,0.9683254109710909,0.3012484970862464,0.7134008591104976,64991,59762,5359,1912,62560,17282032.0369422,3447,10878574.482487977,1555,47422470.16587895,269,71556993.88813365,88,331289176.8790565,0.9718488199178433
2026-03-03,1945,0,0,0.0,0.0,174062492.10840026,153,23474241.0,46,14831208.0,0,0.0,1746,135757043.10840026,476,513,613,73,60,16,67948,487072280.4524993,7168.309302002992,200.0,0.9686910396312419,0.30310456275321207,0.7097515826036702,65017,59789,5397,1936,62551,17281108.544113994,3461,10942199.735056749,1574,49203774.67502675,272,72531955.80592862,90,337113241.69237316,0.9715076234767763
2026-03-04,11719,0,0,0.0,0.0,149776777.90908936,106,15286295.0,40,14417426.0,0,0.0,11573,120073056.90908934,452,10454,10548,98,68,25,68003,487941149.4524992,7175.2885821581285,200.0,0.9685892920534895,0.2968711677189449,0.7059552847134856,65061,59824,5435,1957,62568,17356282.835389998,3478,10942051.061826982,1589,50049476.77808963,280,75237415.5625928,88,334355923.21459985,0.9712218578592121
2026-03-05,2265,0,0,0.0,0.0,117887392.13727635,117,17858046.097337574,31,12675157.46837,0,0.0,2117,87354188.57156877,464,502,618,64,66,12,68013,493124038.0814668,7250.437976290809,200.0,0.9686639899532179,0.29321886397888286,0.6994223421790013,65072,59851,5495,1997,62518,17345009.24603432,3498,11044114.634512149,1621,51796922.6501777,287,77858381.3300293,89,335079610.2207134,0.9706379662711541
2026-03-06,1953,0,0,0.0,0.0,124671501.9887208,103,14059932.0,38,12510942.866712883,0,0.0,1812,98100627.12200792,469,438,582,52,98,11,67978,494673027.21475387,7276.957651221775,200.0,0.9686544883291285,0.29278870909255017,0.6960625363713038,65041,59819,5524,2018,62454,17330776.85673998,3506,11057020.020517282,1636,52433394.542846814,290,76973683.76886708,92,336878152.0257828,0.9703139250934125
2026-03-07,1471,0,0,0.0,0.0,109444493.55366538,73,10436570.0,30,9737498.0,0,0.0,1368,89270425.55366538,408,386,482,23,40,13,67974,495372099.214754,7287.67027414532,200.0,0.9687309540802916,0.2915629399236058,0.694862127376632,65031,59811,5516,2015,62458,17330881.49972058,3501,11040627.962052371,1639,52382559.841787234,282,76170831.8724952,94,338447198.0386986,0.9703563127078001
2026-03-08,1258,0,0,0.0,0.0,165530725.85036877,61,10904300.0,28,11196531.0,0,0.0,1169,143429894.85036877,383,335,469,35,97,12,67924,495079868.214754,7288.732527747983,200.0,0.9687240542851994,0.2848284453814722,0.6917809733694591,64976,59756,5503,2006,62421,17324901.245820858,3497,11008470.457743458,1626,52140726.247095406,288,79624734.02773182,92,334981036.23636246,0.970466992521053
2026-03-09,2295,0,0,0.0,0.0,305004772.8292002,125,17686075.0,47,15499529.0,0,0.0,2123,271819168.8292002,546,615,684,60,28,28,67984,497266414.2147539,7314.46243549591,200.0,0.9686015903258446,0.2718098595043916,0.6846291767101526,65030,59809,5561,2053,62423,17321696.7126222,3508,11032145.252187686,1663,54013369.84427225,300,83624369.13303311,90,331274833.27263874,0.9698017180513062
2026-03-10,1805,0,0,0.0,0.0,155707487.1425706,119,16274954.0,42,16944231.0,0,0.0,1644,122488302.14257061,500,543,625,56,41,16,68015,496597137.214754,7301.288498342336,200.0,0.9683605640314116,0.2661854243379233,0.6758354257248754,65058,59841,5591,2082,62424,17322737.208762508,3509,11045653.169941336,1676,54916179.908796385,317,87780061.23224342,89,325532505.69501036,0.9693891053444094
2026-03-11,11348,0,0,0.0,0.0,129417985.8554748,92,11757496.0,38,15286480.0,0,0.0,11218,102374009.8554748,446,10193,10287,78,46,25,68072,493068153.214754,7243.332841913768,200.0,0.9679854618468858,0.2662879979610258,0.6733078093033974,65116,59894,5644,2095,62428,17405081.805096965,3549,11124540.336255644,1690,55626107.88505511,314,85183795.4194737,91,323728627.76887256,0.9692237630743918
2026-03-12,1763,0,0,0.0,0.0,118018559.86387834,117,9082476.46837001,34,12600114.312167991,0,0.0,1612,96335969.08334033,411,431,560,65,84,12,68065,489550515.37095594,7192.397199308836,200.0,0.9676082991286298,0.26541588541165256,0.6701085822658843,65105,59883,5695,2117,62370,17390690.227166537,3578,11248076.098012952,1706,56820984.55721662,322,85869490.93299457,89,318221273.5555653,0.9688973775067949
2026-03-13,2928,0,0,0.0,0.0,160502394.38320306,156,18689644.0,48,15563396.0,0,0.0,2724,126249354.38320307,560,732,839,85,67,16,68099,492676763.370956,7234.713628261149,200.0,0.9675706156460933,0.26808314726961824,0.6630583202629253,65141,59924,5760,2152,62339,17385253.486172706,3608,11306130.541921591,1736,58570795.505826816,325,86783625.02518511,91,318630958.8118497,0.9683989485895534
2026-03-14,1670,0,0,0.0,0.0,147851898.85919878,112,11121200.0,46,16487667.0,0,0.0,1512,120243031.85919878,423,456,543,62,25,10,68146,487310296.370956,7150.974325286238,200.0,0.967104591755626,0.2737191562260956,0.6563769524630818,65182,59973,5797,2165,62349,17386916.064520657,3632,11377401.086404212,1745,59095954.247486934,330,88436557.0210837,90,311013467.9514605,0.9682299768144865
2026-03-15,1095,0,0,0.0,0.0,45697075.8250254,99,6354780.0,23,4340023.0,0,0.0,973,35002272.8250254,357,389,478,62,29,15,68194,489325053.37095594,7175.485429377305,200.0,0.9671166306386476,0.2728409178655062,0.6543051386086423,65222,60015,5833,2174,62361,17389093.760291718,3659,11445009.645439148,1745,59285032.24535384,338,89080489.19077778,91,312125428.5290935,0.9681203624952341
2026-03-16,2158,0,0,0.0,0.0,216643188.19928512,160,17286250.0,38,11520719.0,0,0.0,1960,187836219.19928512,456,505,609,85,55,17,68241,495090584.370956,7255.031203689219,200.0,0.967344674835938,0.24581424563064141,0.6587506972637026,65262,60054,5884,2200,62357,17384541.786490615,3684,11514386.18689435,1774,60794793.76239179,335,87485933.19293392,91,317910929.4422453,0.9677613165106022
2026-03-17,2022,0,0,0.0,0.0,152102683.52480978,114,18437792.0,33,14439308.0,0,0.0,1875,119225583.52480976,608,501,772,76,225,22,68114,499089068.370956,7327.261185232933,200.0,0.9673593165362204,0.24322845174478155,0.6455250155543942,65139,59920,5937,2233,62177,17346885.728395298,3704,11558102.360294309,1796,62347965.38831402,341,89616721.35666512,96,318219393.5372872,0.9672167249023695
2026-03-18,12071,0,0,0.0,0.0,153251753.22325072,134,15288416.0,39,14299112.98428,0,0.0,11898,123664224.23897073,1118,10280,11054,101,741,26,67500,500078371.38667595,7408.568464987792,200.0,0.967478604025304,0.24628687249646397,0.6520196069614097,64521,59260,5955,2237,61545,17303234.209002774,3718,11629278.852071762,1803,63470032.1708872,342,89026432.06484964,92,318649394.08986455,0.9668592592592593
2026-03-19,3301,0,0,0.0,0.0,167320508.86576995,151,19018305.0,38,20008877.0,0,0.0,3112,128293326.86576994,1211,573,1357,71,722,26,66875,499087799.38667595,7462.995131015715,200.0,0.9672928750199713,0.23843774586518005,0.6393910999016827,63878,58618,5996,2268,60879,17168669.578054875,3728,11647691.808579233,1823,65269680.594922744,352,92584966.32687557,93,312416791.07824355,0.9660859813084112
2026-03-20,3455,0,0,0.0,0.0,132416878.6675715,157,12874825.0,33,12278166.0,0,0.0,3265,107263887.6675715,1954,481,2099,66,1550,15,65406,499684458.386676,7639.734250476654,200.0,0.9675397085014251,0.2405949379396314,0.637950564173669,62391,57126,6026,2280,59380,16863548.64544115,3746,11731225.750686612,1830,65760316.38418693,358,94143940.76053149,92,311185426.8458298,0.9651408127694707
2026-03-21,3491,0,0,0.0,0.0,110949843.9634492,87,8137260.0,28,10043436.45451581,0,0.0,3376,92769147.50893338,2560,402,2649,29,2205,10,63240,497778281.93216014,7871.256830046808,200.0,0.9679337964976253,0.2452641308096088,0.6415951260573156,60219,54950,6028,2273,57212,16426765.160363723,3755,11751344.247327775,1833,65858852.77728032,346,90164706.12144361,94,313576613.6257447,0.9640575585072739
2026-03-22,3685,0,0,0.0,0.0,96334205.13627976,98,12848158.0,37,10078335.781430315,0,0.0,3550,73407711.35484944,2759,515,2943,50,2397,18,60911,500548104.1507299,8217.696379155323,200.0,0.9684065540676908,0.24429025934587226,0.6398862444618552,57891,52623,6047,2287,54864,15968995.274185698,3760,11809696.255307209,1839,65668694.7628516,354,92602377.23998687,94,314498340.6183984,0.9624534156392113
2026-03-23,5012,0,0,0.0,0.0,179933730.53939685,143,13923833.0,32,9968446.0,0,0.0,4837,156041451.53939685,3132,489,3244,39,2706,19,58263,504503491.1507299,8659.071643250947,200.0,0.9700849821037016,0.3033477038058482,0.691886475744446,55233,49967,5959,2182,52304,15455499.289381545,3777,11880695.869662866,1815,64856596.91804875,281,75382587.20527169,86,336928111.868365,0.9625491306661175
2026-03-24,4614,0,0,0.0,0.0,121086125.20150639,146,16320954.0,37,12806620.0,0,0.0,4431,91958551.20150639,3439,479,3556,63,3029,22,55319,508017825.15072984,9183.423871558232,200.0,0.9706494866780855,0.30423861189386747,0.6914758466522275,52291,47016,5997,2188,49322,14857781.947560126,3809,11975694.662365597,1819,64999897.3249688,282,76663342.61632487,87,339521108.59951043,0.9604475858204233
2026-03-25,13540,0,0,0.0,0.0,143110504.16070202,133,15673025.0,47,12961384.0,0,0.0,13360,114476095.160702,2665,10074,12369,57,2268,29,53137,510729466.1507299,9611.560045744583,200.0,0.9708815262659343,0.29759668172348247,0.6878902857243013,50101,44827,6021,2205,47116,14498488.803492704,3816,11994702.905669192,1827,64888062.981317446,289,78128589.87657525,89,341219621.5836752,0.958503490976156
2026-03-26,4245,0,0,0.0,0.0,127463017.54771248,119,13436189.438795809,61,17931019.26793,0,0.0,4065,96095808.84098667,2922,489,3029,36,2500,20,50693,506234636.32159567,9986.282846183805,200.0,0.9708744696035058,0.29785589935390067,0.6877433305283005,47656,42383,6024,2207,44669,14009451.954954538,3817,11976424.846729947,1834,65530435.80165033,283,75813061.61874747,90,338905262.09951335,0.956463417039828
2026-03-27,2668,0,0,0.0,0.0,100302922.56423017,106,12284919.0,44,12470207.0,0,0.0,2518,75547796.56423017,1497,419,1600,35,1117,21,49632,506049348.32159567,10196.029745357746,200.0,0.9708995223687,0.29987377602590704,0.6847123451673006,46588,41305,6038,2214,43594,13788481.6831351,3824,11993302.396640575,1835,65413830.80847821,288,76790900.9375234,91,338062832.4958184,0.9553916827852998
2026-03-28,2833,0,0,0.0,0.0,214387928.46721303,113,13384149.0,31,14126579.0,0,0.0,2689,186877200.46721303,1150,445,1254,46,762,15,48931,505306918.3215956,10326.92808897418,200.0,0.9709995532273104,0.3077558153495194,0.6928481416823662,45887,40592,6048,2212,42883,13643347.625937233,3836,12018217.131685149,1837,65264259.97291169,286,74150119.08644079,89,340230974.5046208,0.954793484702949
2026-03-29,1678,0,0,0.0,0.0,114556873.77242011,89,9902686.0,28,8860364.0,0,0.0,1561,95793823.77242011,865,386,976,40,539,13,48445,506349240.3215957,10452.04335476511,200.0,0.970917704138328,0.29755437353925496,0.6848958559799372,45404,40109,6064,2212,42381,13542613.922652785,3852,12086325.546741806,1819,64662581.31269349,304,79131207.99839732,89,336926511.5411103,0.9543399731654454
2026-03-30,2141,0,0,0.0,0.0,117351629.39079687,113,13192354.0,39,11391645.558912987,0,0.0,1989,92767629.83188388,1035,438,1146,36,686,20,47815,508149948.7626827,10627.417102638978,200.0,0.9709187890932703,0.28794977117231957,0.6770993648460208,44773,39478,6062,2224,41753,13418037.950540934,3838,12027926.780329295,1826,65021175.29792772,306,81101204.74397987,92,336581603.9899049,0.9534873993516679
2026-03-31,3166,0,0,0.0,0.0,186351943.71745598,167,20252143.0,56,15035854.0,0,0.0,2943,151063946.71745598,1712,542,1874,66,1285,26,46622,513366237.7626827,11011.244428867974,200.0,0.9710057463809857,0.2805321881464316,0.6780931489126777,43584,38281,6124,2251,40498,13162185.650536275,3873,12153300.904100679,1851,66088009.366652526,306,79579605.7144588,94,342383136.1269344,0.9517180730127408
2026-04-01,2792,0,0,0.0,0.0,215091197.96839002,135,21369235.0,50,17975987.0,0,0.0,2607,175745975.96839002,1356,525,1485,31,936,19,45736,516759485.7626827,11298.746846306687,200.0,0.9711796369150628,0.2709858484028148,0.6819606439064413,42701,37399,6126,2246,39610,12982903.151352774,3880,12145895.332394216,1838,65483905.17080955,316,81203240.68039505,92,344943541.42773104,0.9508920762637747
2026-04-02,2348,0,0,0.0,0.0,174726241.06248596,150,24373322.26793,41,17317810.0,0,0.0,2157,133035108.79455596,1245,451,1358,41,861,35,44951,523814998.0306126,11653.02213589492,200.0,0.9712833268161225,0.2715019719900125,0.6709458284180074,41908,36601,6153,2264,38798,12820150.218420953,3889,12194097.125187602,1842,65673434.299680665,326,85620426.05454032,96,347506890.3327831,0.9496340459611577
2026-04-03,2207,0,0,0.0,0.0,190668361.19225353,122,17622800.0,54,17361462.0,0,0.0,2031,155684099.19225353,1159,469,1290,54,778,29,44256,524076336.0306127,11841.92733257892,200.0,0.973410858448257,0.30050868238917156,0.7121187666852362,41207,35891,5950,2048,38306,12719966.872318348,3902,12185829.117736079,1665,47765726.88215486,286,81156766.335127,97,370248046.8232764,0.9537237888647867
2026-04-04,1691,0,0,0.0,0.0,147162912.246405,86,9861600.0,45,18028239.0,0,0.0,1560,119273073.24640502,442,449,580,20,88,12,44200,515909697.0306126,11672.16509119033,200.0,0.9730855616976956,0.30451413517898573,0.7085820309605669,41144,35831,5944,2037,38256,12707493.07249428,3907,12199171.615766563,1659,47766377.24834606,279,78666208.67207143,99,364570446.42193437,0.9539140271493213
2026-04-05,1258,0,0,0.0,0.0,100849943.72686002,89,12081343.0,34,11035578.0,0,0.0,1135,77733022.72686002,351,394,466,51,22,18,44247,516955462.0306126,11683.401406436878,200.0,0.9730278590286462,0.29079288072922416,0.7069536042475115,41183,35870,5970,2049,38277,12712371.534731254,3921,12239678.86639605,1666,47936665.260417074,283,78603219.25108911,100,365463527.11797917,0.9536917757136077
2026-04-06,2020,0,0,0.0,0.0,224499487.50762606,151,12529092.0,55,18611963.0,0,0.0,1814,193358432.50762606,442,526,613,78,39,40,44326,510872591.0306127,11525.348351545656,200.0,0.9724192781752492,0.28469941879746913,0.6989842810241186,41254,35933,6023,2077,38303,12716456.506699651,3946,12315085.756508522,1693,50630729.08476236,291,84705616.4663091,93,350504703.21633303,0.9531426250958805
2026-04-07,1798,0,0,0.0,0.0,172914591.6550705,160,14815800.0,55,15035010.0,0,0.0,1583,143063781.6550705,442,506,602,98,42,30,44412,510653381.03061265,11498.094682306868,200.0,0.9720867706555977,0.2682397327123793,0.683390843001736,41329,35994,6093,2090,38319,12712431.911003884,4003,12496632.519182438,1692,50747626.17884042,298,85720845.87738888,100,348975844.5441971,0.9529406466720706
2026-04-08,11775,2,0,1400000000.0,0.0,193180239.3677978,153,17659349.0,59,21263405.0,0,0.0,11561,154257485.3677978,509,9987,10117,110,42,38,44518,507049325.03061265,11389.759760784686,200.0,0.9715915079696628,0.2677523187913227,0.6832691927401341,41440,36126,6178,2122,38340,12797480.908443414,4056,12644146.903215189,1725,51533553.75392329,297,83622960.47193412,100,346451182.9930966,0.952333887416326
2026-04-09,1741,0,0,0.0,0.0,148801022.05815044,125,18028623.558912985,60,20100356.0,0,0.0,1556,110672042.49923746,415,457,538,49,34,16,44549,504977592.5895256,11335.32947068454,200.0,0.9714296417001493,0.2717383898117213,0.6784842073821794,41467,36153,6193,2127,38356,12799730.652922863,4066,12647885.505403949,1731,51894022.9733342,296,85016631.80399926,100,342619321.65386534,0.9522548205346921
2026-04-10,2042,0,0,0.0,0.0,206641565.90919453,143,16637918.0,59,20092714.0,0,0.0,1840,169910933.90919453,496,553,663,70,48,25,44596,501522796.5895256,11245.914355312709,200.0,0.9710955048138793,0.27485006651847355,0.6776485688556823,41510,36180,6230,2152,38366,12796815.063994769,4078,12687092.674137011,1753,52747056.575525954,302,86393385.00268349,97,336898447.2731844,0.9517445510808145
2026-04-11,1734,0,0,0.0,0.0,131413595.34297508,114,13817700.0,54,15415072.4,0,0.0,1566,102180822.94297509,437,475,573,57,32,15,44636,499925424.1895256,11200.049829499185,200.0,0.9709382996770353,0.2733198489643964,0.6738901658956375,41534,36199,6247,2151,38389,12799439.153130274,4096,12760509.525234744,1748,52786545.2649328,306,87641861.28790858,97,333937068.95831925,0.95181019804642
2026-04-12,1142,0,0,0.0,0.0,60983080.990913704,81,7241000.0,31,11024269.00000003,0,0.0,1030,42717811.99091367,342,392,477,44,16,17,44681,496142155.1895257,11104.096935823409,200.0,0.9705946372814012,0.27249432884604263,0.6700839876206264,41579,36242,6292,2169,38389,12796464.36345194,4123,12836331.470779292,1765,53182301.17211216,308,88799241.68024164,96,328527816.50294054,0.9514558760994606
2026-04-13,1822,0,0,0.0,0.0,132386947.97550389,164,20135359.0,53,9692223.0,0,0.0,1605,102559365.97550389,470,664,755,73,37,40,44757,506585291.1895256,11318.571199801721,200.0,0.9707642299215057,0.26339142808527893,0.6562355134045719,41647,36303,6345,2198,38412,12801291.020849038,4147,12905752.73063385,1781,54526514.8060815,320,96882110.95315269,97,329469621.6788085,0.9508903635185557
2026-04-14,2082,0,0,0.0,0.0,179270920.2954289,130,14224705.0,64,19670152.000000007,0,0.0,1888,145376063.2954289,623,598,809,83,140,34,44734,501139844.1895256,11202.661156827595,200.0,0.9712212243860816,0.28949939540483094,0.6812858446267467,41615,36265,6290,2144,38444,12805313.91174332,4146,12897064.904459216,1760,51433427.604336955,291,89394757.53311592,93,334609280.2358702,0.9520722492958377
2026-04-15,11384,0,0,0.0,0.0,148551733.31256083,146,17038278.0,41,17203111.0,0,0.0,11197,114310344.31256083,463,10063,10155,116,41,40,44849,500975011.1895256,11170.260455963915,200.0,0.9707969708713378,0.2812445965303456,0.6760735371209342,41727,36404,6344,2180,38505,12902440.422012996,4164,12970579.288278382,1793,53580749.8989805,292,87741193.50518656,95,333780048.0750673,0.9513924502218556
2026-04-16,1674,0,0,0.0,0.0,119119330.48468047,142,16919533.00000003,67,16078387.0,0,0.0,1465,86121410.48468044,430,495,593,86,41,32,44926,501816157.1895256,11169.838338368108,200.0,0.9707644780854306,0.283047927911344,0.6766604756756569,41796,36467,6365,2189,38561,12918696.413647944,4176,12986617.229952835,1801,54040397.07248201,295,89034119.731861,93,332836326.7415819,0.9512754307082758
2026-04-17,2133,0,0,0.0,0.0,152447502.494333,138,16001130.0,53,15042804.0,0,0.0,1942,121403568.49433298,451,582,687,130,49,34,45041,502774483.1895257,11162.595927921799,200.0,0.9703901800965682,0.25841284731732456,0.668327250409127,41910,36580,6424,2231,38617,12925610.185367294,4193,13045983.54335213,1834,56366923.438882485,306,92900246.97475702,91,327535719.0471667,0.9504673519682068
2026-04-18,1865,0,0,0.0,0.0,116951771.7911056,116,12059349.0,34,10824654.0,0,0.0,1715,94067768.7911056,463,493,604,66,52,23,45078,504009178.1895256,11180.823865067785,200.0,0.9704330764807463,0.26040675892057796,0.6669060214538889,41943,36611,6432,2228,38646,12936769.954601035,4204,13117232.400513332,1833,56369743.56526497,303,93081509.35053845,92,328503922.9186079,0.9505745596521585
2026-04-19,1467,0,0,0.0,0.0,100124205.51534173,105,10845215.0,46,11405343.0,0,0.0,1316,77873647.51534173,428,438,544,40,43,21,45096,503449050.18952566,11163.940264979725,200.0,0.9702858648800229,0.25541749533089836,0.6614754450789393,41949,36615,6444,2241,38652,12930856.623400643,4203,13093318.693504231,1835,56253767.62250981,313,94829232.57682161,93,326341874.67328936,0.9503060138371474
2026-04-20,2044,0,0,0.0,0.0,180387677.71968237,165,21026340.0,49,18350377.0,0,0.0,1830,141010960.71968237,483,592,688,90,44,39,45181,506125013.1895257,11202.164918650002,200.0,0.9700078174724847,0.2592454647737365,0.6493995671828633,41986,36661,6493,2279,38688,12923641.056852061,4214,13145610.126265075,1851,57644060.438545235,338,102887573.91081965,90,319524127.65704364,0.9495584427082181
2026-04-21,1740,0,0,0.0,0.0,140479188.6852541,144,14071964.0,46,13047394.0,0,0.0,1550,113359830.6852541,466,482,611,53,40,31,45225,507149583.1895256,11213.921131885585,200.0,0.9699460102433906,0.26320368788103454,0.6481584221632631,42017,36684,6511,2294,38714,12926715.920978962,4217,13139178.859348878,1870,59469016.6767063,335,103019434.53792234,89,318595237.1945692,0.9492758430071863
2026-04-22,11557,0,0,0.0,0.0,125966853.94710326,131,14731767.0,62,17599009.971032735,0,0.0,11364,93636076.97607052,429,9938,10022,92,28,36,45325,504282340.21849287,11125.92035782665,200.0,0.9693457194761537,0.2546986475898368,0.6339933112562572,42120,36771,6557,2320,38768,13014548.761442672,4237,13229204.95333863,1881,60304559.80964466,351,109031971.23641837,88,308702055.45764863,0.9488141202426916
2026-04-23,1839,0,0,0.0,0.0,132834721.71880937,134,17088543.0,49,17558074.0,0,0.0,1656,98188104.71880937,401,452,534,69,42,21,45373,503812809.21849287,11103.802023637249,200.0,0.9690899094093439,0.25661784646454244,0.6288695897369102,42166,36808,6587,2339,38786,13015665.140106285,4248,13286736.968906526,1895,61470619.30056094,357,110792974.30342308,87,305246813.5054961,0.9484495184360743
2026-04-24,2586,0,0,0.0,0.0,221334649.41053665,164,19025859.49547481,50,16277196.827999024,0,0.0,2372,186031593.0870628,732,583,880,55,232,36,45232,506561471.88596874,11199.183584320144,200.0,0.9712660112079174,0.32135054460655205,0.6957754255974458,42028,36668,6424,2173,38808,13026960.5680773,4251,13248995.482003383,1783,49632062.90302863,302,89268562.72726758,88,341384890.20559186,0.9519587902370004
2026-04-25,2378,0,0,0.0,0.0,153890875.54974768,137,13475009.0,45,15429810.0,0,0.0,2196,124986056.54974769,551,599,706,101,37,35,45331,504606670.8859687,11131.602454963902,200.0,0.970919454243738,0.3218557761280363,0.6889504584954715,42113,36749,6464,2195,38867,13043856.295364229,4269,13299450.19120032,1801,51199477.00425539,307,91101576.64667365,87,335962310.7484751,0.9515783900641945
2026-04-26,1854,0,0,0.0,0.0,119182509.25275253,99,13689353.0,46,13395185.0,0,0.0,1709,92097971.25275253,393,432,514,49,22,33,45391,504900838.8859687,11123.36892524881,200.0,0.9706674257853358,0.30800609298413395,0.676297685450529,42168,36799,6501,2205,38890,13047596.620786376,4296,13376189.575202852,1799,51586447.15048486,317,95254672.9864235,89,331635932.5530711,0.9514220880791346
2026-04-27,2612,0,0,0.0,0.0,178804411.0427992,157,18466936.0,48,13212869.0,0,0.0,2407,147124606.0427992,448,530,617,56,30,29,45446,510154905.88596874,11225.518326936777,200.0,0.9707513188695782,0.29461969947184236,0.6734828965673094,42219,36846,6535,2225,38911,13049134.864232535,4310,13402512.424206246,1820,52992995.12979736,313,94196778.2079525,92,336513485.2597801,0.9510407956695859
2026-04-28,11584,0,0,0.0,0.0,172571013.10727507,148,16856468.0,58,19728446.0,0,0.0,11378,135986099.10727507,484,9997,10121,100,86,43,45503,507282927.8859687,11148.3402827499,200.0,0.9708676982518611,0.3047978002884906,0.6848810685679807,42288,36885,6519,2185,38984,13145237.798592158,4334,13515972.523230258,1787,50138288.018723376,309,92556693.40534028,89,337926736.1400826,0.9519811880535349
2026-04-29,2449,0,0,0.0,0.0,969398357.6845926,104,11769000.0,60,21981518.0,0,0.0,2285,935647839.6845926,437,469,576,59,42,26,45546,497070409.8859687,10913.590872655528,200.0,0.9701199537867005,0.27702235385114476,0.6753013113402815,42317,36934,6551,2195,38995,13149324.231855586,4356,13593000.706316927,1796,50848024.18316944,308,91864879.5945062,91,327615181.17012054,0.951806964387652
2026-04-30,3696,0,0,0.0,0.0,1219701895.470027,202,29433339.971032735,77,25134977.0,0,0.0,3417,1165133578.498994,533,601,706,77,41,45,45627,501368772.85700154,10988.422926271758,200.0,0.9697423938653296,0.23541141233155924,0.6461286529670278,42399,37013,6611,2228,39016,13150386.490267843,4383,13671162.238259163,1800,51767387.33498229,329,99824193.64139995,99,322955643.15209216,0.9511692638130931
2026-05-01,3142,0,0,0.0,0.0,1197521480.3772902,225,37368805.0,62,15789965.102784202,0,0.0,2855,1144362710.274506,571,619,795,110,86,51,45702,522947612.75421727,11442.554215443903,200.0,0.9711210622011484,0.2536597963039281,0.669101798037968,42481,37091,6613,2215,39089,13176957.385019148,4398,13705952.68143056,1789,50155003.073290735,328,97972850.82990846,98,347936848.7845683,0.9515338497221129
2026-05-02,1974,0,0,0.0,0.0,1127927153.2937803,111,15073145.0,42,16809010.527406305,0,0.0,1821,1096044997.766374,377,422,533,85,34,16,45769,521211747.22681093,11387.87710517623,200.0,0.9710953110202248,0.25955370891330637,0.6760475274573697,42543,37146,6628,2215,39141,13196310.804372422,4413,13739776.727483392,1797,50245376.018652596,319,92637709.87082283,99,351392573.80547965,0.951604798007385
2026-05-03,1802,0,0,0.0,0.0,1174472646.4474993,105,8669244.0,31,14898364.65,0,0.0,1666,1150905037.7974992,324,362,453,68,25,16,45828,514982626.57681096,11237.29219204004,200.0,0.9705922431048019,0.24827586306885424,0.6683627245333024,42610,37205,6662,2238,39166,13205009.877396915,4424,13746361.372584125,1819,50781990.69439763,320,94025412.43518016,99,343223852.19725215,0.9511652264990835
2026-05-04,2295,0,0,0.0,0.0,1163996996.3686943,121,11976800.0,43,11719924.0,0,0.0,2131,1140300272.3686943,395,435,531,72,31,12,45881,515239502.57681096,11229.910040688104,200.0,0.970551706537037,0.2541589225788746,0.6658098257940328,42668,37257,6685,2241,39196,13215810.367403813,4444,13807571.288947307,1826,51059516.650520235,314,93105080.81706901,101,344051523.45287055,0.9511562520433294
2026-05-05,1503,0,0,0.0,0.0,537753630.7461939,98,7413292.0,30,13774938.0,0,0.0,1375,516565400.7461939,341,362,462,57,28,11,45921,508877856.57681096,11081.593531865834,200.0,0.9701994944825136,0.2441469354645756,0.6601577137653037,42705,37288,6678,2239,39243,13228691.01091151,4439,13813670.600588914,1823,50544906.27905621,315,94350946.30271861,101,336939642.3835357,0.9512423509940986
2026-05-06,2353,0,0,0.0,0.0,303753958.0544267,119,10613857.0,60,23110728.0,0,0.0,2174,270029373.0544267,478,471,594,50,70,18,45919,496380985.57681096,10809.925860249808,200.0,0.9696646306559334,0.2237704855533743,0.6581944924861919,42705,37282,6666,2218,39253,13227778.796934996,4448,13825842.311294917,1815,50107853.947004244,300,89504279.64005202,103,329715230.88152474,0.9516975543892506
2026-05-07,1731,1,0,400000000.0,0.0,162038919.4575673,153,23496000.0,64,28235077.0,0,0.0,1513,110307842.45756729,409,456,555,73,41,21,45972,491641908.57681084,10694.37719866029,200.0,0.9691835398699574,0.2334383714369502,0.6489864036678594,42759,37324,6698,2239,39274,13227089.740677748,4459,13877970.99169623,1825,50466574.136479944,314,95001359.56829007,100,319068914.139667,0.951296441312103
2026-05-08,11758,0,0,0.0,0.0,509306096.4163749,154,21292913.0,56,23814239.0,0,0.0,11548,464198944.4163749,447,9855,9964,109,42,49,46088,489120582.5768109,10612.753484134935,200.0,0.9689068354756523,0.23334255773725307,0.6441051945560732,42880,37394,6748,2239,39340,13290500.43600671,4509,13979719.428704629,1825,50552587.64805645,311,93252667.06202647,103,318045108.00201666,0.9514190244749176
2026-05-09,2047,0,0,0.0,0.0,889327280.3102113,108,17230200.0,52,21007014.0,0,0.0,1887,851090066.3102113,367,422,516,61,28,19,46140,485343768.57681096,10518.93733369768,200.0,0.9685532090336897,0.22949634820744957,0.6413068328277873,42926,37435,6776,2243,39364,13297986.138908826,4533,14055347.33714515,1823,50713384.76676142,317,93022775.27529827,103,314254275.0586972,0.9513870827915041
2026-05-10,1810,0,0,0.0,0.0,1025691570.2643168,68,10367308.0,41,15854750.02162,0,0.0,1701,999469512.2426969,314,333,428,45,14,17,46188,479856326.5551909,10389.199068052112,200.0,0.9683054228747904,0.2267208707280799,0.6357411739234381,42969,37454,6775,2228,39413,13301658.510457335,4547,14076415.41125444,1808,49777139.47301157,315,92636688.80168188,105,310064424.35878575,0.9517623625184031
2026-05-11,2701,0,0,0.0,0.0,1213963544.768432,143,17751841.0,49,15618301.9445,0,0.0,2509,1180593401.823932,603,465,772,50,238,36,46036,481989865.61069095,10469.846763634785,200.0,0.9682604334706482,0.23639441649239973,0.631235518066474,42816,37299,6811,2242,39225,13266777.102387022,4569,14164690.2225095,1815,50047497.559214115,321,94261778.20502561,106,310249122.5215547,0.9512989834042923
2026-05-12,2060,0,0,0.0,0.0,641110196.0698566,129,24211521.0,36,14491549.0,0,0.0,1895,602407126.0698566,540,455,685,44,158,12,45934,491709837.61069095,10704.703217892868,200.0,0.9693408937750008,0.30381075082494413,0.664305821170364,42708,37177,6792,2219,39142,13244190.487837393,4573,14178153.047716433,1816,50053982.66645861,307,91544392.3212403,96,322689119.0874382,0.9516915574519963
2026-05-13,11468,0,0,0.0,0.0,157216660.27078155,116,22472793.0,34,12318916.0,0,0.0,11318,122424951.27078155,476,9863,10048,105,130,45,45954,501863714.610691,10921.001754160487,200.0,0.9696587091357795,0.2986025101838589,0.6603172409316124,42734,37154,6834,2242,39120,13308402.213968884,4592,14194219.14062207,1830,50062822.35721324,310,90909007.54346514,102,333389263.3554216,0.9512120816468642
2026-05-14,2162,0,0,0.0,0.0,160345788.8920788,135,23583900.0,46,15863972.0,0,0.0,1981,120897916.8920788,436,423,572,46,91,22,45931,509583642.6106909,11094.547094787637,200.0,0.9700017344093755,0.30052446475305394,0.6588701284078249,42714,37116,6857,2248,39074,13295490.637472304,4609,14230949.926516425,1835,50276900.57198471,306,89030861.43328448,107,342749440.04143304,0.9510570203130783
2026-05-15,1744,0,0,0.0,0.0,195909804.40898696,173,33949037.280190505,53,19413444.250693794,0,0.0,1518,142547322.87810263,426,482,571,35,33,30,45963,524119235.6401876,11403.068460287353,200.0,0.9706101526521371,0.3010453023202215,0.66092549594793,42742,37146,6875,2268,39088,13303427.4797207,4607,14218903.788522625,1844,50813212.252044074,316,91379926.36855927,108,354403765.75134104,0.9506559624045428
2026-05-16,1401,0,0,0.0,0.0,161513445.1859893,105,19915600.0,52,17346420.0,0,0.0,1244,124251425.18598929,363,371,483,33,47,24,45973,526688415.6401876,11456.47261740995,200.0,0.9707019335299002,0.2961146513529252,0.6613218330262005,42749,37158,6883,2267,39090,13304362.60620459,4616,14280098.244440544,1841,50703397.91105202,319,93090008.41365622,107,355310548.4648343,0.9506884475670502
2026-05-17,1007,0,0,0.0,0.0,82905402.79368488,76,8715766.0,35,11698675.0,0,0.0,896,62490961.79368489,275,288,365,29,24,9,45987,523705506.6401876,11388.120700201962,200.0,0.9705794672252667,0.30082968965137397,0.6632381312759024,42761,37169,6873,2268,39114,13312500.899934795,4605,14248259.534801908,1843,50727536.204932705,319,92075748.43758048,106,353341461.56293774,0.9506817143975471
2026-05-18,1653,0,0,0.0,0.0,149325669.581229,152,23098856.0,41,14044582.78668,0,0.0,1460,112182230.79454899,383,522,615,41,29,18,46017,532759779.85350764,11577.45571970158,200.0,0.9708771535924436,0.28166551752983515,0.6599624449747171,42793,37195,6899,2280,39118,13312654.302830718,4619,14282940.880122516,1852,51588443.464602254,317,90974294.30963922,111,362601446.8963129,0.9504530934219962
2026-05-19,1453,0,0,0.0,0.0,130760362.42511597,149,19132227.0,42,15547964.27027,0,0.0,1262,96080171.15484597,405,387,506,37,70,18,46002,536344042.5832377,11659.146180236461,200.0,0.9709177883127696,0.27922268607436423,0.6599805566683027,42776,37182,6928,2289,39074,13303193.803908175,4639,14363623.456497803,1858,52072331.72457417,321,92628253.80844449,110,363976639.789813,0.9502412938567888
2026-05-20,11206,0,0,0.0,0.0,155586035.17173296,154,24867561.0,58,16965077.0,0,0.0,10994,113753397.17173296,507,9871,10053,93,125,53,46023,544246526.5832376,11825.533463338714,200.0,0.971127560389117,0.2761125872957355,0.6615183210536725,42792,37156,6971,2296,39052,13366802.70358983,4675,14526007.393346054,1861,52212660.927711055,324,93112007.05395445,111,371029048.5046362,0.9501119005714534
2026-05-21,1873,0,0,0.0,0.0,279757166.4441697,173,41199337.0,56,21449565.809060603,0,0.0,1644,217108263.6351091,455,456,582,48,66,17,46022,563996297.7741771,12254.928029511475,200.0,0.9725715831852636,0.36467549377518055,0.6958219360409614,42791,37144,6948,2272,39074,13369778.010935374,4676,14508910.95921381,1852,51411521.492007874,317,89265091.47485752,103,395440995.83716244,0.9506323062882969
2026-05-22,1565,0,0,0.0,0.0,182987396.0538948,216,35150360.38505,62,20057187.00000001,0,0.0,1287,127779848.66884477,435,544,654,151,44,26,46155,579089471.1592271,12546.62487616135,200.0,0.9727331535179092,0.3452433881766897,0.6770375205002753,42906,37249,7045,2319,39110,13369790.842247076,4726,14651021.833215544,1886,52932321.48992433,319,92071037.29238126,114,406065299.7014588,0.9497562560935977
2026-05-23,1571,0,0,0.0,0.0,162221311.9310808,317,81167900.0,59,17986026.50112869,0,0.0,1195,63067385.429952115,353,554,652,231,25,8,46369,642271344.6580983,13851.30894904135,200.0,0.9734237686113755,0.3032190571374445,0.5956278810069893,43113,37453,7217,2453,39152,13381382.10896222,4764,14805930.860678514,1929,56035661.56909921,352,103493650.0691456,172,454554720.0502128,0.9470982768660097
2026-05-24,1603,0,0,0.0,0.0,189636904.02596825,292,65436464.0,44,16620472.0,0,0.0,1267,107579968.02596825,381,544,636,161,31,19,46518,691087336.6580985,14856.34241923768,200.0,0.9738067047366178,0.28455320548273544,0.5565754353919067,43261,37596,7347,2555,39171,13389424.85598889,4792,14912434.528212365,1969,59168943.857402325,380,112974298.12218046,206,490642235.2943144,0.9450750247216131
2026-05-25,2662,0,0,0.0,0.0,268790095.3352737,342,68777811.0,111,33177729.0,0,0.0,2209,166834555.33527365,479,659,768,181,32,32,46699,726687418.6580983,15561.091643463422,200.0,0.973570218605128,0.2502995760203943,0.5170202333261441,43435,37761,7499,2661,39200,13398641.148878954,4838,15034500.122048913,2025,63348727.58229991,395,118193451.05508718,241,516712098.7497834,0.9430180517784107
2026-05-26,1621,0,0,0.0,0.0,245553786.25005433,216,53419024.0,93,27151579.96263848,0,0.0,1312,164983182.28741583,414,516,606,101,43,25,46782,752954862.6954598,16094.969490305242,200.0,0.97358444452372,0.23757977135924094,0.49616722302116956,43511,37818,7548,2716,39234,13396833.871100996,4832,15018557.975634554,2040,64710023.673764445,413,123237923.89106753,263,536591523.2838924,0.9419434825360181
2026-05-27,11188,1,0,190000000.0,0.0,227096388.53637213,208,39152737.0,93,30808443.809378143,1,5000.0,10885,157130207.72699398,433,9921,10014,136,40,34,46912,761299155.8860817,16228.239168785847,200.0,0.9735164361275576,0.23681408872312779,0.4898054154867318,43640,37911,7601,2732,39311,13489412.773183651,4869,15139784.09815834,2046,65072938.37197902,414,122708571.28428021,272,544888449.3584805,0.9417633015006821
2026-05-28,1912,0,0,0.0,0.0,231925419.13311848,190,41577850.5608831,85,25221057.72988487,0,0.0,1637,165126510.8423505,458,512,613,70,39,23,46966,777655948.71708,16557.84926791892,200.0,0.9735920792322017,0.22224112840895274,0.48057550277078415,43687,37947,7628,2751,39338,13492196.30423825,4877,15216737.515231598,2052,65880324.03017752,416,126344292.33003071,283,556722398.5374019,0.9414257122173487
2026-05-29,1972,0,0,0.0,0.0,223668413.9241431,232,47715411.0,85,26348381.54977811,0,0.0,1655,149604621.374365,465,547,654,95,33,25,47053,799022978.1673019,16981.339726846363,200.0,0.9736306984622995,0.21080555795106828,0.4696253184251049,43766,38032,7689,2785,39364,13502390.863194443,4904,15282817.751323579,2060,66401391.82803993,423,126594818.24413845,302,577241559.4806055,0.940811425413895
2026-05-30,1301,0,0,0.0,0.0,218420513.87411287,131,33699229.0,75,30862303.53333301,0,0.0,1095,153858981.34077987,376,420,523,67,36,20,47104,801859903.6339688,17023.180698751035,200.0,0.973249573521989,0.19332848253536905,0.4509711049630872,43814,38077,7709,2804,39395,13513927.39571612,4905,15304727.790936593,2060,66447496.23332604,428,128977966.51677388,316,577615785.6972163,0.9404721467391305
2026-05-31,1312,0,0,0.0,0.0,227920306.1909008,135,23673100.0,65,29944030.0,0,0.0,1112,174303176.1909008,375,398,505,55,33,8,47134,795588973.6339688,16879.30100636417,200.0,0.9729680026633352,0.17705536257379748,0.44545545722255725,43839,38101,7719,2816,39415,13519266.854216594,4903,15239582.861816835,2071,66829182.20050141,432,132601491.70608938,313,567399450.0113446,0.9402554419315144
2026-06-01,1779,0,0,0.0,0.0,187991984.53267726,205,29450151.0,82,23094246.16598952,0,0.0,1492,135447587.36668774,574,565,739,73,96,26,47137,801944878.4679794,17013.065712030453,200.0,0.9734700240736307,0.18689936242081362,0.4548845838298253,43819,38082,7698,2788,39439,13518528.410655282,4910,15292558.179519437,2060,65740139.51833253,413,127601290.0631054,315,579792362.2963667,0.9408532575259351
2026-06-02,1887,0,0,0.0,0.0,155240085.99727193,192,30399206.0,83,32342216.0,0,0.0,1612,92498663.99727191,631,673,838,59,63,30,47163,800001868.4679793,16962.48899493203,200.0,0.973477085272175,0.19500519965097698,0.4552255481522391,43827,38089,7721,2781,39442,13515828.439181462,4940,15309614.084260423,2057,65683102.92287269,412,129312033.92551339,312,576181289.0961514,0.9410342853508047
2026-06-03,11321,0,0,0.0,0.0,240029047.10312375,228,42745445.0,85,35166736.55086436,0,0.0,11008,162116865.5522594,568,9946,10075,129,45,42,47289,807580576.917115,17077.556660473154,200.0,0.9733386064979179,0.19134708198244088,0.4470290497092574,43937,38134,7746,2803,39543,13596540.499331517,4943,15360838.256059766,2066,66554569.94752046,415,129056650.35129145,322,583011977.8629117,0.9407261731057963
2026-06-04,1948,0,0,0.0,0.0,204653795.47002473,208,34195418.95944098,84,30128351.02929167,0,0.0,1656,140330025.4812921,574,576,727,60,64,22,47307,811647644.8472643,17157.030563072363,200.0,0.9736772950288433,0.20885258407730672,0.4560839600251948,43936,38132,7733,2789,39574,13600113.874384215,4944,15393104.513273718,2061,66319174.19361052,407,125155780.25893259,321,591179472.0070632,0.9410446656942947
2026-06-05,1870,0,0,0.0,0.0,199906390.15506205,169,30098113.0,73,29683712.0,0,0.0,1628,140124565.15506205,511,505,637,49,41,18,47333,812062045.8472643,17156.361224669137,200.0,0.9736087027012936,0.21371927340196376,0.45217490801973154,43948,38144,7731,2800,39602,13606797.905231912,4931,15316400.070525985,2070,66749856.150484666,404,123194910.83371997,326,593194080.8873018,0.9408446538355903
2026-06-06,1578,0,0,0.0,0.0,104189564.3907244,136,20215202.0,51,13724092.0,0,0.0,1391,70250270.3907244,412,407,519,43,44,11,47343,818553155.8472643,17289.845507197777,200.0,0.9738712569072975,0.2149758010495297,0.45604360340264366,43951,38130,7724,2792,39619,13602992.26573318,4932,15323191.065937841,2068,66578758.16308607,394,119752283.58331496,330,603295930.7691922,0.9410261284667216
2026-06-07,1072,0,0,0.0,0.0,91512275.61322233,89,18425997.0,44,18928822.53380911,0,0.0,939,54157456.07941322,320,327,417,38,26,13,47368,818050330.3134551,17270.10492977232,200.0,0.9739568454469362,0.21578042968453215,0.45822264920855854,43972,38147,7719,2779,39649,13607708.413473722,4940,15378621.198832806,2057,65892452.105706744,395,121322359.05327412,327,601849189.5421678,0.9413317007262286
2026-06-08,1438,0,0,0.0,0.0,194397161.75601447,142,21093414.0,64,25080166.0,0,0.0,1232,148223581.75601447,443,451,568,58,63,19,47382,814063578.3134552,17180.86147299513,200.0,0.9738998311227272,0.21441533134763702,0.4580861198595414,43979,38161,7725,2779,39657,13614138.04976103,4946,15374730.266615827,2056,65029548.28765278,398,122133935.80084088,325,597911225.9085846,0.9413490354987126
2026-06-09,1534,0,0,0.0,0.0,164340109.79805943,139,18934999.0,76,28139497.714798756,0,0.0,1319,117265613.08326069,456,470,583,53,50,21,47406,804859079.5986564,16978.000244666422,200.0,0.9736778374704428,0.20939862661697867,0.45236797379160876,43980,38160,7709,2768,39697,13620768.164216965,4941,15380441.581232648,2046,64553968.76160211,399,124211430.06578128,323,587092471.0258234,0.9416107665696325
2026-06-10,12780,0,0,0.0,0.0,177502824.32525587,179,28392575.0,59,21700858.0,0,0.0,12542,127409391.32525589,428,11636,11729,143,46,1867,49370,811550796.5986563,16438.13645125899,200.0,0.9746698535145741,0.2169177763731092,0.4538318320996638,45951,38229,7752,2790,41618,13703226.32125822,4962,15442410.15163261,2061,65248057.67965002,406,125849517.58380572,323,591307584.8623099,0.9434879481466477
2026-06-11,1513,0,0,0.0,0.0,179889854.77518332,163,25885982.09759771,60,22219428.550836872,0,0.0,1290,131784444.12674874,422,454,567,42,33,20,49399,815217350.1454172,16502.709571963343,200.0,0.9746942417937258,0.21447158878418393,0.45416490514913016,45981,38252,7770,2795,41629,13706020.497068573,4975,15520132.219100738,2063,65480234.45714457,411,129267852.46738462,321,591243110.5047188,0.9434199072855726
2026-06-12,1510,0,0,0.0,0.0,153161665.3562302,162,46294745.0,46,14372140.0,0,0.0,1302,92494780.35623018,410,612,714,43,38,26,49430,847139955.1454173,17138.174289812207,200.0,0.9755348218979663,0.20559265220477824,0.47357047837942173,45997,38259,7780,2791,41650,13701387.476398608,4989,15549822.998426648,2063,65884799.25738428,407,129713472.26721507,321,622290473.1459926,0.9435363139793648
2026-06-13,885,0,0,0.0,0.0,123373350.04403456,135,61498101.0,46,11591920.0,0,0.0,704,50283329.04403456,294,373,456,48,30,14,49462,897046136.1454173,18136.066801694582,200.0,0.9766957963320686,0.19911504526601076,0.4678704348020554,46009,38256,7775,2782,41687,13703248.021682136,4993,15541862.871369975,2059,66174787.24282583,399,126862707.51233664,324,674763530.4972026,0.9437548016659254
2026-06-14,810,0,0,0.0,0.0,81015116.24901032,78,19297700.0,38,12138803.0,0,0.0,694,49578613.249010324,274,281,362,24,29,6,49463,904205033.1454172,18280.432508044745,200.0,0.9768182335004929,0.1954186756371873,0.4646285891000605,46006,38262,7775,2786,41688,13706969.732707845,4989,15511169.533197442,2061,65850202.17192282,399,126865283.99652845,326,682271407.7110606,0.9436750702545337
2026-06-15,1615,0,0,0.0,0.0,183553582.2397202,249,50710763.0,59,22289087.19601392,0,0.0,1307,110553732.0437063,451,527,618,41,37,29,49496,932626708.9494033,18842.4662386739,200.0,0.9771132220683545,0.19615115456597854,0.45625495280196776,46029,38286,7806,2812,41690,13699019.825848797,4994,15491997.67006421,2067,66416609.88634563,411,129993526.31509116,334,707025555.2520535,0.943187328268951
2026-06-16,1232,0,0,0.0,0.0,112403102.44378178,146,22523153.0,61,23280725.0,0,0.0,1025,66599224.443781786,350,397,482,42,44,20,49514,931869136.9494033,18820.31621257429,200.0,0.9770221643082241,0.19246809988258007,0.45263019995863024,46044,38291,7818,2820,41696,13694343.489051681,4998,15489603.659675507,2070,66843491.24717692,418,132249658.1271883,332,703592040.4263109,0.943046411116048
2026-06-17,10963,0,0,0.0,0.0,138141243.664831,160,30588247.0,58,19356587.5,0,0.0,10745,88196409.16483101,420,9865,9958,112,32,65,49659,943100796.4494033,18991.538219646052,200.0,0.9769025017683591,0.19154139642082202,0.4477697088104514,46195,38414,7913,2849,41746,13788051.758246653,5064,15676920.551595902,2085,67053523.12458491,424,133780613.56727186,340,712801687.447704,0.9426287279244447
2026-06-18,1629,0,0,0.0,0.0,171719452.45685652,183,30775690.744090427,66,20442559.0,0,0.0,1380,120501202.7127661,402,423,530,47,49,12,49669,953433928.1934936,19195.754458384377,200.0,0.9770505886218951,0.1893572185457167,0.4420542656135494,46208,38432,7917,2844,41752,13792416.509326614,5073,15717410.071760034,2075,66398087.55428072,426,134486700.2975938,343,723039313.7605326,0.9427409450562725
2026-06-19,1920,0,0,0.0,0.0,292266305.8150442,186,42734125.0,71,28565246.713030476,0,0.0,1663,220966934.10201374,489,490,633,53,93,13,49642,967602806.4804631,19491.616100891646,200.0,0.9775021721604928,0.19579387173651497,0.44981350112062723,46179,38395,7878,2827,41764,13792354.554094305,5051,15628626.001200108,2061,65066695.050402075,420,130988327.26733479,346,742126803.6074319,0.9430522541396398
2026-06-20,1381,0,0,0.0,0.0,94351253.90416332,102,11635555.0,45,15509061.0,0,0.0,1234,67206637.90416332,376,423,526,71,34,12,49691,963729300.4804633,19394.44367149913,200.0,0.9775720935290029,0.20150506506894658,0.45320966544332114,46209,38414,7879,2814,41812,13791531.775077002,5065,15650929.948424902,2055,64831882.832187735,415,128804377.66980657,344,740650578.2549671,0.9433700267654103
2026-06-21,1258,0,0,0.0,0.0,103687637.99500974,85,13523930.0,36,14018936.0,0,0.0,1137,76144771.99500974,334,430,514,43,37,17,49714,963234294.4804633,19375.513828709485,200.0,0.9775363251533888,0.19845978414547386,0.45256272967823297,46227,38416,7883,2811,41831,13793498.682522774,5072,15685788.26747144,2043,63897579.72416119,422,130023456.9573714,346,739833970.8489366,0.9434565715894919
2026-06-22,1713,0,0,0.0,0.0,144940783.30126783,152,22999192.0,68,23192580.0,0,0.0,1493,98749011.30126785,397,528,628,71,30,24,49779,963040906.4804633,19346.328903362126,200.0,0.9773462313604862,0.19566224399334212,0.4464311721919511,46287,38445,7904,2831,41875,13792419.280210823,5073,15683496.82470854,2048,64332988.05063746,434,132583703.42508614,349,736648298.8998203,0.9431286285381386
2026-06-23,1623,0,0,0.0,0.0,178242288.89286315,154,37049247.0,52,20112607.0,0,0.0,1417,121080434.89286315,366,532,608,69,19,33,49862,979977546.4804633,19653.795404926863,200.0,0.9773486536039304,0.19132711813147316,0.4396419279034421,46364,38500,7946,2855,41916,13796317.03367215,5091,15772371.043538783,2049,65015826.800540276,455,140258173.46335465,351,745134858.1393573,0.9427419678312141
2026-06-24,11417,0,0,0.0,0.0,203999311.92667985,163,32550218.0,81,24597828.829902902,0,0.0,11173,146851265.09677696,444,9982,10099,160,61,38,49999,987929935.6505605,19758.993892889066,200.0,0.9777722669415392,0.19883451042404782,0.45270876263714455,46510,38537,7947,2842,42052,13887577.86830813,5105,15825554.258452553,2048,63913569.98914876,445,134959519.33057088,349,759343714.20408,0.9431588631772635
2026-06-25,1827,0,0,0.0,0.0,180732211.10110307,209,40348298.91127034,79,26352703.59177258,0,0.0,1539,114031208.59806015,471,553,664,49,57,25,50016,1001925530.9700582,20032.10034729003,200.0,0.9780196015074764,0.20488855953128085,0.4622043253910064,46521,38546,7956,2858,42060,13886845.926971132,5098,15790837.08453773,2059,64758981.83459778,455,139056239.36969525,344,768432626.7542562,0.9428582853486884
2026-06-26,2406,0,0,0.0,0.0,152019806.3339902,170,31038003.0,71,22614026.62304443,0,0.0,2165,98367776.71094576,485,682,779,108,42,24,50106,1010349507.3470137,20164.2419539978,200.0,0.9780870315806522,0.19897104438365146,0.4607402836814121,46590,38598,7970,2868,42136,13897710.442951698,5102,15805914.568910468,2062,64584924.130282775,456,137756995.9812358,350,778303962.223633,0.9427613459465932
2026-06-27,1579,0,0,0.0,0.0,94202748.09549479,119,17716052.0,37,11914235.326812498,0,0.0,1423,64572460.76868229,351,481,560,36,37,10,50115,1016151324.0202012,20276.39078160633,200.0,0.9781639434485084,0.1987382591454169,0.46066938058308776,46588,38594,7974,2867,42141,13894178.108471535,5107,15834610.846775917,2052,63946769.23019993,460,135033588.3068011,355,787442177.5279527,0.9427915793674548
2026-06-28,1416,0,0,0.0,0.0,112150404.00969681,93,14029154.0,58,15978252.634253986,0,0.0,1265,82142997.37544283,331,438,517,30,25,14,50134,1014202225.3859472,20229.82856715896,200.0,0.9782664370966268,0.20141075425574612,0.4652144985223532,46606,38593,7971,2851,42163,13894033.50117622,5120,15885536.493621416,2045,63772357.17177516,456,135228313.76969743,350,785421984.449677,0.9431324051541867
2026-06-29,1737,3,0,1510000000.0,0.0,146286404.35743552,154,22073587.0,64,18066736.0,0,0.0,1516,106146081.35743554,411,556,656,50,48,20,50156,1018209076.3859472,20300.842897877566,200.0,0.9785552839039067,0.21861295430124697,0.4793954625148897,46621,38595,7976,2842,42180,13890612.26471069,5134,15924622.735812908,2043,63286222.16638275,455,135163903.6363088,344,789943715.582732,0.943336789217641
2026-06-30,2835,0,0,0.0,0.0,609044615.6767583,255,69113498.0,97,39996435.0,0,0.0,2483,499934682.6767583,872,668,1057,55,422,24,49813,1047326139.3859471,21025.156874429307,200.0,0.982743724632804,0.4487624742855443,0.6946151421884457,46268,38275,7684,2604,42129,13876929.807687415,5080,15710925.244010529,1999,60079318.19797003,394,116203497.58278096,211,841455468.5534983,0.9477244895910706
2026-07-01,12194,0,0,0.0,0.0,526104947.54778314,322,136620934.0,84,31177336.0,0,0.0,11788,358306677.54778314,775,10070,10237,77,143,33,49780,1152769737.3859475,23157.286809681547,200.0,0.9851774317177353,0.5573365041109167,0.7716225721464309,46246,38233,7619,2521,42161,13950892.210781317,5098,15724057.009052869,1987,59183087.39893439,366,106371411.76393348,168,957540289.0032451,0.9493571715548413
2026-07-02,2633,0,0,0.0,0.0,478174703.2917464,346,128365985.0,82,30022634.0,0,0.0,2205,319786084.2917464,688,696,842,43,102,20,49741,1251113088.385947,25152.55198701166,200.0,0.9866395934049669,0.6002887389453728,0.8060199219816706,46202,38182,7560,2480,42181,13958069.199416062,5080,15669223.254165404,1971,58187685.83184611,360,105874675.92378643,149,1057423434.1767329,0.9501417341830682
2026-07-03,2506,1,0,1430000000.0,0.0,511392768.0467498,346,160417634.0,80,24742345.0,0,0.0,2079,326232789.0467498,653,691,801,39,55,19,49744,1386788377.3859472,27878.505495857735,200.0,0.9879597575499443,0.63981012078679,0.825670552132908,46195,38178,7563,2475,42181,13948272.815425158,5088,15692601.51258031,1962,57456063.824729964,367,108660378.06728178,146,1191031061.16593,0.9502452557092312
2026-07-04,2432,0,0,0.0,0.0,483963022.42152315,387,164542373.0,74,25952568.92899051,0,0.0,1971,293468080.4925327,673,731,826,30,44,27,49757,1525378181.4569569,30656.554483931042,200.0,0.9891261636773153,0.6770137647715013,0.8474095569813359,46197,38176,7558,2470,42199,13950140.554484991,5088,15667176.664795903,1966,57537272.68229678,367,108603541.68482736,137,1329620049.8705516,0.9503587434933778
2026-07-05,1956,0,0,0.0,0.0,347570236.4018514,267,122839683.0,57,23843831.0,0,0.0,1632,200886722.40185142,570,594,692,37,37,15,49772,1624374033.4569566,32636.302207203982,200.0,0.9898509360073079,0.6981778982427445,0.85932967354093,46197,38166,7541,2462,42231,13953513.803119088,5079,15638097.499418508,1963,57059563.2968266,365,107850050.97866216,134,1429872807.8789303,0.9505344370328699
2026-07-06,2830,0,0,0.0,0.0,614053224.8617182,435,213389855.0,75,23611440.677918497,0,0.0,2320,377051929.18379974,837,849,988,34,94,15,49727,1814152447.7790387,36482.24199688376,200.0,0.9910313859665623,0.7365640607522431,0.8777465904757569,46146,38121,7496,2429,42231,13949892.048893891,5067,15591867.390255481,1938,54734998.98288907,361,107509563.71570012,130,1622366125.6412995,0.9511532970016289
2026-07-07,2942,0,0,0.0,0.0,414300801.9800783,299,119611386.0,80,29990932.0,0,0.0,2563,264698483.98007825,759,810,920,45,40,19,49751,1903772901.779039,38266.02282927054,200.0,0.991506937444389,0.7530012120312937,0.8870879760969308,46160,38126,7489,2420,42262,13950078.670186844,5069,15593756.176290851,1939,54862127.907912776,355,104552888.63729921,126,1714814050.3873484,0.9513577616530321
2026-07-08,19648,0,0,0.0,0.0,403107993.214817,301,113004475.0,82,30529453.224022716,0,0.0,19265,259574064.99079424,2239,15887,15979,4169,39,84,53965,1986247923.5550153,36806.22484119365,200.0,0.9923428401568912,0.761257761218834,0.8917354262420124,50381,38432,10067,2425,43898,11616743.968464755,7642,18313209.39418684,1926,53159792.59533458,375,107950538.86338577,124,1795207638.7336433,0.9550634670619846
2026-07-09,2886,0,0,0.0,0.0,343971726.8486367,282,94187927.49918738,112,35484439.0,0,0.0,2492,214299360.34944934,824,856,995,52,79,21,53959,2044951412.0542028,37898.24518716438,200.0,0.9924927285749133,0.7675016835898505,0.8912869572680513,50375,38463,10089,2449,43870,11621550.27186148,7640,18346568.24697788,1939,53565205.30090421,382,110779566.4236643,128,1850638521.8107948,0.9546136881706481
2026-07-10,3060,0,0,0.0,0.0,373677848.70746523,285,107442415.0,70,27316897.3268125,0,0.0,2705,238918536.38065273,816,929,1108,43,109,24,53917,2125076929.7273905,39413.85703446762,200.0,0.9927840626216788,0.7725818525367274,0.894453270273206,50323,38443,10076,2435,43841,11622033.169776078,7641,18385623.543092802,1934,53613053.12930665,367,106674210.50840658,134,1934782009.3768082,0.9548379917280264
2026-07-11,2142,0,0,0.0,0.0,151069967.19184467,138,32529565.0,63,19250464.0,0,0.0,1941,99289938.19184467,627,651,757,32,58,16,53907,2138356030.727391,39667.5020076686,200.0,0.9928241900139418,0.7754940830136257,0.8944761772808866,50308,38452,10071,2433,43836,11632313.24613661,7638,18394249.43019409,1928,53058667.6256244,374,111562272.39486863,131,1943708528.0305667,0.9548667148978797
2026-07-12,1704,0,0,0.0,0.0,109437417.91059937,117,23392948.0,36,13263828.517982636,0,0.0,1551,72780641.39261673,534,577,667,18,41,21,53905,2148485150.2094083,39856.880627203565,200.0,0.9928358131435585,0.7778471242677072,0.8949715637988759,50308,38457,10084,2445,43821,11626093.230519567,7639,18453532.418716937,1929,52725449.17402494,388,114846960.70456912,128,1950833114.6815772,0.954642426491049
2026-07-13,2275,0,0,0.0,0.0,251191134.9473257,180,53911909.0,54,14953799.0,0,0.0,2041,182325426.9473257,690,727,887,74,120,24,53883,2187493813.959408,40597.10509732954,200.0,0.9930828594776433,0.7922390516752414,0.9046490330901609,50284,38451,10060,2421,43823,11632241.695940115,7639,18417342.26961544,1933,52663816.747303456,371,108866249.55746245,117,1995914163.6890864,0.9550693168531819
2026-07-14,3124,0,0,0.0,0.0,223298502.77475205,233,62552127.0,65,23268088.0,0,0.0,2826,137478287.77475205,697,773,872,68,50,25,53926,2227421506.558881,41305.149771147146,200.0,0.9931751916942424,0.7980194970513674,0.9061764704512056,50324,38489,10086,2446,43840,11636473.469776554,7640,18392956.012765773,1958,54024981.99611561,374,110930136.05958897,114,2032436959.020634,0.9546415458220524
2026-07-15,19053,0,0,0.0,0.0,278802939.1082582,299,81801794.0,90,31883819.79242187,0,0.0,18664,165117325.31583634,1073,10364,10487,163,87,37,54039,2277710413.4662075,42149.38125180347,200.0,0.993290659346021,0.8058425704305785,0.9084103391066085,50439,38569,10878,2458,43161,10937441.83068562,8420,19251094.56255961,1965,54394342.42952739,381,112031845.55994348,112,2081095689.0834908,0.9545143322415293
2026-07-16,11240,0,0,0.0,0.0,270072948.7203338,258,86335237.06881785,64,23397687.0,0,0.0,10918,160340024.65151596,1045,1129,1239,56,59,34,54070,2340884238.1336575,43293.58679736744,200.0,0.9934121771606944,0.8094656226581703,0.907908913482543,50465,38597,10916,2481,43154,10929040.518935736,8435,19287328.37589261,1977,55238102.52354049,388,114120101.48294851,116,2141309665.2323396,0.954115036064361
2026-07-17,11288,4,0,2000000000.0,0.0,222463377.93990812,232,70591641.0,71,21191588.0,0,0.0,10981,130680148.93990812,953,995,1091,42,57,16,54071,2390290060.7411413,44206.50738364634,200.0,0.9935501944973729,0.8136370007939507,0.9106354325930608,50466,38606,10925,2482,43146,10926698.098203896,8443,19312541.830893487,1978,55243107.18509517,388,112124890.14104569,116,2192682823.4859033,0.9540973904680883
2026-07-18,11579,0,0,0.0,0.0,196259877.6237823,127,31184263.0,64,23610730.0,0,0.0,11388,141464884.6237823,895,932,1015,27,46,13,54065,2397985679.717932,44353.753439710206,200.0,0.9935695294732169,0.8153074150520017,0.9107668729205011,50457,38606,10923,2480,43142,10928216.957409292,8443,19317387.272162765,1976,55223601.45072904,389,113510555.21278787,115,2199005918.8248434,0.9541292888190142
2026-07-19,10848,0,0,0.0,0.0,108686755.04013269,113,14543338.0,40,11318258.082425974,0,0.0,10695,82825158.9577067,834,877,944,33,33,10,54075,2401310759.635506,44407.04132474353,200.0,0.9935820970036962,0.8200884758189,0.9110302792284672,50454,38599,10927,2486,43148,10922123.67288675,8441,19298765.191272117,1983,55503271.29759762,387,111919787.60869211,116,2203666811.8650584,0.9540268146093389
2026-07-20,10850,0,0,0.0,0.0,159004500.16087008,134,31561515.0,41,13871809.0,0,0.0,10675,113571176.16087008,965,949,1111,52,106,12,54033,2419280778.5745564,44774.13392879456,200.0,0.9936935084633236,0.8197713243842866,0.9130172160794301,50402,38569,10902,2452,43131,10921267.147779819,8450,19293094.102780603,1966,53900167.07919125,369,109321248.8761873,117,2225845001.368618,0.9546203246164381
2026-07-21,14226,0,0,0.0,0.0,293165725.0592133,268,69876704.0,69,20359284.55707308,0,0.0,13889,202929736.5021402,1705,2511,2637,764,73,27,54751,2468599768.2394953,45087.75672114656,200.0,0.9938451967218523,0.8218985518389446,0.9148707118253043,51111,38682,10948,2469,43803,10945507.598097397,8479,19419379.14857342,1979,54468687.772728115,373,108316566.53904729,117,2275449627.181049,0.9549049332432284
2026-07-22,21331,0,0,0.0,0.0,218287602.7967168,217,49587349.0,87,24040137.0,0,0.0,21027,144660116.7967168,1063,10187,10288,104,47,52,54860,2494056064.1516323,45462.19584673045,200.0,0.9938332272213191,0.8225738051209227,0.9138263232179403,51225,38806,11353,2488,43507,10659359.396130119,8865,19963776.27537722,1988,54752929.76666081,383,112545915.7103699,117,2296134083.0030937,0.9546481954064893
2026-07-23,12385,0,0,0.0,0.0,227276311.19647408,220,61123914.557690755,70,14023627.0,0,0.0,12095,152128769.6387833,1068,1146,1256,89,60,15,54904,2541321660.5499744,46286.639599117996,200.0,0.9939251028160921,0.824484915774114,0.9148916322020464,51257,38834,11385,2497,43519,10657549.043275462,8888,19991490.106217884,1996,55619140.81862242,381,110019558.61087753,120,2345033921.970981,0.9545206178056244
2026-07-24,12570,0,0,0.0,0.0,269213837.5876363,225,60154728.0,67,17437416.41058,0,0.0,12278,191621693.17705628,1120,1294,1437,71,91,40,54924,2584044830.339597,47047.64456957973,200.0,0.9939595714683365,0.822756282657177,0.9135164052357175,51283,38908,11438,2514,43486,10668283.96030559,8924,20115585.4373973,2007,55936179.89723639,385,114757436.66488943,122,2382567344.379768,0.954227660039327
2026-07-25,11722,0,0,0.0,0.0,151969477.2047496,118,32297581.0,50,14579834.0,0,0.0,11554,105092062.20474961,855,889,976,34,38,8,54928,2601760268.66441,47366.739525641024,200.0,0.9939966332128515,0.8274271600987476,0.9143464949939777,51287,38908,11439,2515,43489,10668479.332831666,8924,20157591.15356081,2004,56056891.16744369,390,114966924.54268104,121,2399910382.4678926,0.9542127876492863
2026-07-26,12314,0,0,0.0,0.0,192594575.59178427,127,30664955.0,86,24807007.5,0,0.0,12101,137122613.09178427,998,1015,1101,42,29,19,54960,2607721097.3935704,47447.61822040703,200.0,0.9940235995239162,0.8278548335412753,0.9148571617021324,51298,38906,11428,2509,43532,10673093.64859972,8919,20137398.12636868,2001,55966062.50148481,386,113252221.44486605,122,2407692321.672251,0.9543486171761281
2026-07-27,17540,0,0,0.0,0.0,331089755.2029408,213,70006354.0,102,32129856.0,0,0.0,17225,228953545.20294082,1676,1663,1818,77,94,28,54971,2645592989.567632,48127.06680918361,200.0,0.9941222462725878,0.8272465583315464,0.9164380871174526,51293,38916,11413,2501,43558,10684358.09660964,8912,20116880.66970442,1994,55250805.016695276,383,111018767.13391931,124,2448522178.650703,0.954503283549508
2026-07-28,2783,0,0,0.0,0.0,196894924.36372817,188,50709807.0,72,26533678.780621998,0,0.0,2523,119651438.58310616,784,847,951,62,57,22,54998,2669670566.4621973,48541.22998040287,200.0,0.9940928400528647,0.8222613223018725,0.9131737065898593,51311,38956,11464,2530,43534,10683009.26918801,8934,20197639.599049956,2011,56136699.66873607,390,115780251.37508795,129,2466872966.550135,0.9539983272118986
2026-07-29,1926,0,0,0.0,0.0,109132735.20728186,64,15446096.0,44,24125779.0,0,0.0,1818,69560860.20728186,624,568,698,30,107,8,54929,2660990883.4621973,48444.189471175465,200.0,0.9940863198240448,0.8231834408949255,0.9140988848761439,51235,38951,11455,2520,43474,10683469.844647158,8935,20210974.125819672,2003,55963677.4004372,389,113723962.85291302,128,2460408799.2383795,0.9541225946221485
2026-07-30,1995,0,0,0.0,0.0,129659684.45722327,63,18766134.0,55,31594652.0,0,0.0,1877,79298898.45722327,487,567,628,107,42,9,55003,2648162365.4621973,48145.78051128479,200.0,0.9940491720030085,0.8180955241338637,0.912549178335757,51306,38960,11460,2521,43543,10686503.688957956,8939,20216732.6472099,2001,55779919.87562649,388,112900817.77565724,132,2448578391.474745,0.9541661363925604
2026-07-31,3447,0,0,0.0,0.0,3018214674.3335114,201,48244903.0,113,43975758.0,0,0.0,3133,2925994013.3335114,901,978,1093,106,65,20,55064,2658891785.49296,48287.29815293041,200.0,0.9940027270525409,0.8087485739240784,0.9104714637942225,51360,39002,11495,2527,43569,10689075.694408316,8968,20314561.745160393,1996,56059490.35062314,399,118983280.57731208,132,2452845377.125457,0.9541079471160832
2026-08-01,3019,0,0,0.0,0.0,437631335.376642,136,43521029.0,106,61776819.60498129,0,0.0,2777,332333486.7716607,767,826,932,75,52,15,55102,2641351726.8600917,47935.67795833349,200.0,0.9939543036202241,0.8084566854742916,0.9103453057125428,51399,39038,11524,2529,43578,10695877.022421027,8995,20378652.734865565,1997,56044365.675783195,401,118690650.48460068,131,2435542180.942421,0.9541032993357773
2026-08-02,1666,0,0,0.0,0.0,94322602.2672013,53,12575783.0,44,20229029.72196332,0,0.0,1569,61517789.54523798,459,489,532,28,15,6,55121,2633688462.419045,47780.128488580485,200.0,0.99394818802332,0.8088467084064385,0.9105061109020998,51414,39041,11523,2525,43598,10698296.738345379,8998,20372989.39321445,1997,56053257.10749299,397,117574479.93509637,131,2428989439.2448955,0.954191687378676
2026-08-03,2949,0,0,0.0,0.0,370374766.28714925,227,82807977.0,86,31304906.0,0,0.0,2636,256261883.28714925,794,856,950,61,43,23,55162,2689636418.1023326,48758.86331355521,200.0,0.9940137365099316,0.8115597028753722,0.9109689750138071,51462,39083,11559,2553,43603,10699631.855328958,9006,20419578.065435577,2008,56694418.90812996,419,125647458.31494862,126,2476175330.958489,0.9537181392987927
2026-08-04,4910,0,0,0.0,0.0,265221361.70653594,166,54893467.0,81,37168240.0,0,0.0,4663,173159654.70653594,1213,1245,1365,94,65,10,55201,2708548174.2572393,49067.012812399036,200.0,0.9940753165591631,0.8155791113721071,0.9123207959307431,51491,39127,11570,2543,43631,10709968.71434743,9027,20473046.89929459,2009,56752926.73888689,404,119547405.74958485,130,2501064826.1551256,0.9539319939856162
2026-08-05,19739,0,0,0.0,0.0,302958059.4419891,188,63134330.0,73,25633140.0,0,0.0,19478,214190589.4419891,3146,12100,12202,176,56,32,55353,2746025132.7244997,49609.32799892507,200.0,0.9941164157585738,0.8130893272632644,0.9123671292664688,51648,39246,11810,2552,43543,10548336.2419461,9258,20802432.84022245,2010,56580944.724914804,409,119710351.37291896,133,2538383067.544497,0.9538959044676892
2026-08-06,2480,0,0,0.0,0.0,212783223.96940997,194,50859382.67726129,75,31695971.0,0,0.0,2211,130227870.29214868,772,825,956,72,60,19,55384,2767137971.743783,49962.768520579644,200.0,0.994125483244913,0.8138467813729012,0.9120007859332868,51680,39286,11851,2572,43533,10550155.688869247,9279,20828934.789565716,2025,57070242.96306753,415,123056633.21576801,132,2555632005.0865126,0.9535605951177235
2026-08-07,2904,0,0,0.0,0.0,344520485.0221479,207,63769868.0,93,37180655.0,0,0.0,2604,243569962.0221479,746,812,902,64,43,16,55421,2793850189.91236,50411.39982880786,200.0,0.9941850246032993,0.8167908657015561,0.9137578058385204,51709,39304,11856,2572,43565,10557604.704926535,9284,20865510.046548925,2022,57050073.027653046,425,127474582.75738022,125,2577902419.375852,0.9535915988524205
2026-08-08,2256,0,0,0.0,0.0,173076282.55514392,102,16165610.0,64,21177366.0,0,0.0,2090,135733306.55514392,601,640,717,47,38,16,55446,2789918025.6287613,50317.751066420686,200.0,0.9941786452660369,0.8187751055684567,0.9138887756343307,51727,39323,11878,2575,43568,10556065.064147126,9303,20899433.757351793,2027,57025901.626524,425,128761856.61872053,123,2572674768.5620174,0.9535584171987158
2026-08-09,138,0,0,0.0,0.0,16563500.929788172,0,0.0,12,4784496.0,0,0.0,126,11779004.929788172,66,70,91,7,6,3,55450,2785138540.718761,50227.926793846,200.0,0.9941690997835467,0.8192576105206834,0.9134561696365312,51731,39326,11875,2573,43575,10558817.74379618,9302,20900683.74311814,2024,56893752.978960834,426,129683302.94084828,123,2567101983.312038,0.9535978358881876
