date,transfers,mint_count,burn_count,mint_volume,burn_volume,p2p_volume,issuance_count,issuance_volume,redemption_count,redemption_volume,internal_count,internal_volume,transfer_count,transfer_volume,unique_senders,unique_receivers,active_addresses,new_addresses,zeroed_addresses,resurrected_addresses,holders_gt0,circulating_supply,mean_balance,median_balance,gini,top10_share,top100_share,unique_senders_ex_hub,unique_receivers_ex_hub,active_addresses_ex_hub,new_addresses_ex_hub,zeroed_addresses_ex_hub,resurrected_addresses_ex_hub,holders_gt0_ex_hub,circulating_supply_ex_hub,mean_balance_ex_hub,median_balance_ex_hub,gini_ex_hub,top10_share_ex_hub,top100_share_ex_hub,holders_ge1,holders_ge1_ex_hub,holders_ge100,holders_ge100_ex_hub,holders_ge1000,holders_ge1000_ex_hub,holders_ge10000,holders_ge10000_ex_hub,n_lt_1k,val_lt_1k,n_lt_1k_ex_hub,val_lt_1k_ex_hub,n_1k_10k,val_1k_10k,n_1k_10k_ex_hub,val_1k_10k_ex_hub,n_10k_100k,val_10k_100k,n_10k_100k_ex_hub,val_10k_100k_ex_hub,n_100k_1m,val_100k_1m,n_100k_1m_ex_hub,val_100k_1m_ex_hub,n_ge_1m,val_ge_1m,n_ge_1m_ex_hub,val_ge_1m_ex_hub,share_holders_lt10k,share_holders_lt10k_ex_hub
2025-06-03,1,1,0,100000000.0,0.0,0.0,0,0.0,0,0.0,0,0.0,0,0.0,0,0,0,0,0,0,0,0.0,,,,,,0,0,0,0,0,0,0,0.0,,,,,,0,0,0,0,0,0,0,0,0,0.0,0,0.0,0,0.0,0,0.0,0,0.0,0,0.0,0,0.0,0,0.0,0,0.0,0,0.0,,
2025-08-04,1,0,0,0.0,0.0,100000000.0,0,0.0,0,0.0,1,100000000.0,0,0.0,0,0,0,0,0,0,0,0.0,,,,,,0,0,0,0,0,0,0,0.0,,,,,,0,0,0,0,0,0,0,0,0,0.0,0,0.0,0,0.0,0,0.0,0,0.0,0,0.0,0,0.0,0,0.0,0,0.0,0,0.0,,
2025-08-19,2,0,0,0.0,0.0,2000000.0,1,1000000.0,1,1000000.0,0,0.0,0,0.0,1,1,1,0,0,0,0,0.0,,,,,,1,1,1,0,0,0,0,0.0,,,,,,0,0,0,0,0,0,0,0,0,0.0,0,0.0,0,0.0,0,0.0,0,0.0,0,0.0,0,0.0,0,0.0,0,0.0,0,0.0,,
2025-09-26,1,1,0,300000000.0,0.0,0.0,0,0.0,0,0.0,0,0.0,0,0.0,0,0,0,0,0,0,0,0.0,,,,,,0,0,0,0,0,0,0,0.0,,,,,,0,0,0,0,0,0,0,0,0,0.0,0,0.0,0,0.0,0,0.0,0,0.0,0,0.0,0,0.0,0,0.0,0,0.0,0,0.0,,
2025-09-29,2,0,0,0.0,0.0,1100000.0,1,1000000.0,1,100000.0,0,0.0,0,0.0,1,1,1,1,0,0,1,900000.0,900000.0,900000.0,0.0,1.0,1.0,1,1,1,1,0,0,1,900000.0,900000.0,900000.0,0.0,1.0,1.0,1,1,1,1,1,1,1,1,0,0.0,0,0.0,0,0.0,0,0.0,0,0.0,0,0.0,1,900000.0,1,900000.0,0,0.0,0,0.0,0.0,0.0
2025-10-08,1,0,0,0.0,0.0,0.0,0,0.0,1,0.0,0,0.0,0,0.0,1,0,1,0,0,0,1,900000.0,900000.0,900000.0,0.0,1.0,1.0,1,0,1,0,0,0,1,900000.0,900000.0,900000.0,0.0,1.0,1.0,1,1,1,1,1,1,1,1,0,0.0,0,0.0,0,0.0,0,0.0,0,0.0,0,0.0,1,900000.0,1,900000.0,0,0.0,0,0.0,0.0,0.0
2025-10-21,1,0,0,0.0,0.0,900000.0,0,0.0,1,900000.0,0,0.0,0,0.0,1,0,1,0,1,0,0,0.0,,,,,,1,0,1,0,1,0,0,0.0,,,,,,0,0,0,0,0,0,0,0,0,0.0,0,0.0,0,0.0,0,0.0,0,0.0,0,0.0,0,0.0,0,0.0,0,0.0,0,0.0,,
2025-10-27,119,0,0,0.0,0.0,7095404.966399854,4,4000000.0,1,900000.0,0,0.0,114,2195404.966399854,31,63,63,49,0,0,49,3100000.0,63265.30612244898,518.633237,0.9213973794599981,0.9906605483983307,1.0,28,60,60,48,0,0,48,3100000.0,64583.333333333336,576.2713084925638,0.9197598248654147,0.9906605483983307,1.0,43,43,35,35,22,22,7,7,27,4601.441744467652,26,4601.441744467653,15,43070.53723717742,15,43070.53723717742,3,180835.72468204756,3,180835.72468204756,2,871492.2963363074,2,871492.2963363074,2,2000000.0,2,2000000.0,0.8571428571428571,0.8541666666666666
2025-10-28,205,0,0,0.0,0.0,16061967.217957519,9,9000000.0,1,1000000.0,0,0.0,195,6061967.217957519,33,69,70,44,2,0,91,11100000.0,121978.02197802198,620.6193704156503,0.9167432408971482,0.9725698799152422,1.0,33,68,69,43,2,0,89,11099968.76147733,124718.75012895877,633.9093799851277,0.9148767768702954,0.9725726170081921,1.0,80,79,67,67,43,43,15,15,48,9392.543097431273,46,9361.304574762906,28,96996.30698819141,28,96996.30698819141,6,298085.4828551871,6,298085.4828551871,2,1204932.1201905964,2,1204932.1201905964,7,9490593.546868593,7,9490593.546868593,0.8351648351648352,0.8314606741573034
2025-10-29,131,0,0,0.0,0.0,6932801.121897686,3,3000000.0,2,14354.0,0,0.0,126,3918447.121897686,39,62,66,36,4,0,123,14085646.0,114517.44715447155,578.2473074581447,0.9370627269211512,0.9585272164875364,0.9999994550908,36,59,63,36,4,0,121,14085614.76147733,116410.03935105231,603.4816823946059,0.9360257891556185,0.9585293422715144,0.9999996758414684,103,102,86,86,54,54,21,21,69,12728.97681178056,67,12697.738289112194,33,114047.46637538115,33,114047.46637538115,11,457394.50400403753,11,457394.50400403753,2,1136682.0991667113,2,1136682.0991667113,8,12364792.953642089,8,12364792.953642089,0.8292682926829268,0.8264462809917356
2025-10-30,122,0,0,0.0,0.0,15624942.235516215,6,6000000.0,0,0.0,0,0.0,116,9624942.235516215,42,61,66,23,5,1,142,20085646.0,141448.21126760563,627.2643752003889,0.9411460307357571,0.8990405432063412,0.9999766557190165,36,54,59,23,5,1,140,20085585.198283244,143468.46570202318,688.4404721895482,0.9403097121255752,0.899043264720697,0.9999796827803037,117,116,100,100,67,67,26,26,75,13196.298942542255,73,13135.497225785432,41,135059.53641642802,41,135059.53641642802,13,525100.0302397195,13,525100.0302397195,2,354480.0439110352,2,354480.0439110352,11,19057810.090490274,11,19057810.090490274,0.8169014084507042,0.8142857142857143
2025-10-31,93,0,0,0.0,0.0,13012120.85583462,4,4000000.0,1,3000.0,0,0.0,88,9009120.85583462,40,48,56,15,3,1,155,24082646.0,155371.90967741935,610.4045388156732,0.9468934330622762,0.8751213796023551,0.9999306138582413,37,45,53,15,3,1,153,24082597.1392917,157402.5956816451,620.6193704156503,0.9462022131619028,0.8751231551189329,0.9999326425978229,127,126,108,108,72,72,30,30,83,14043.059596933757,81,13994.198888634075,42,137379.9082456477,42,137379.9082456477,17,653925.2938611994,17,653925.2938611994,2,1202059.3463010772,2,1202059.3463010772,11,22075238.39199514,11,22075238.39199514,0.8064516129032258,0.803921568627451
2025-11-01,49,0,0,0.0,0.0,6039719.37350758,2,2000000.0,0,0.0,0,0.0,47,4039719.3735075793,17,27,29,7,1,0,161,26082645.999999996,162004.01242236022,742.9715643939688,0.9311664044931162,0.7661439520770404,0.999867685253759,14,24,26,7,0,0,160,26082646.0,163016.5375,744.0579976891136,0.9307361945211982,0.7661439520770403,0.9998676852537588,135,135,116,116,78,78,33,33,83,14402.112941109914,82,14402.112941109914,45,154414.49186686994,45,154414.49186686994,17,652042.3859316001,17,652042.3859316001,2,1278725.5221940123,2,1278725.5221940123,14,23983061.48706641,14,23983061.48706641,0.7950310559006211,0.79375
2025-11-02,38,0,0,0.0,0.0,6093924.501285066,1,1000000.0,0,0.0,0,0.0,37,5093924.501285066,15,21,22,5,1,0,165,27082646.0,164137.24848484847,620.6193704156503,0.934778335162942,0.7749509842219282,0.9998645261647865,13,19,20,5,1,0,164,27082645.999999996,165138.08536585362,627.2643752003889,0.9343806420846672,0.7749509842219283,0.9998645261647866,136,136,116,116,78,78,32,32,87,14852.538292214595,86,14852.538292214593,46,149809.7330950065,46,149809.7330950065,16,634910.672648741,16,634910.672648741,2,1295349.8829299696,2,1295349.8829299696,14,24987723.173034072,14,24987723.173034072,0.806060606060606,0.8048780487804879
2025-11-03,211,0,0,0.0,0.0,29472393.04086314,3,3000000.0,2,1233912.0,0,0.0,206,25238481.04086314,43,52,56,16,3,1,179,28848734.000000004,161166.1117318436,742.9715643939688,0.9379957112093791,0.7697133735294657,0.9997644757829373,38,47,51,15,3,1,177,28848734.0,162987.19774011298,745.1444309842583,0.9372950977767166,0.7697133735294658,0.9997644757829374,147,147,126,126,87,87,38,38,92,14801.34416438147,90,14801.344164381471,49,170307.1710497464,49,170307.1710497464,20,797718.8956301695,20,797718.8956301695,4,1660650.219961505,4,1660650.219961505,14,26205256.369194202,14,26205256.369194202,0.7877094972067039,0.7853107344632768
2025-11-04,91,0,0,0.0,0.0,6713423.193735653,2,2000000.0,2,390000.0,0,0.0,87,4323423.193735653,30,34,40,9,2,2,188,30458733.999999996,162014.54255319148,688.4404721895482,0.9340932457490522,0.7251188173837041,0.9997353487406094,27,30,36,9,2,1,185,30458690.25,164641.56891891893,745.1444309842583,0.9330265755200893,0.7251198589238359,0.999736784732149,152,151,127,127,90,90,38,38,98,14858.572487827178,95,14814.822487827178,52,177490.9359384359,52,177490.9359384359,19,737835.582031564,19,737835.582031564,3,1442347.7324573563,3,1442347.7324573563,16,28086201.17708482,16,28086201.17708482,0.7978723404255319,0.7945945945945946
2025-11-05,78,0,0,0.0,0.0,11034062.959377162,0,0.0,2,78271.0,0,0.0,76,10955791.959377162,27,36,36,8,3,0,193,30380463.0,157411.72538860104,633.9093799851277,0.934692020204383,0.7232265751234356,0.9996734765690493,24,33,33,8,2,0,191,30380463.0,159060.01570680627,742.9715643939688,0.9340081670128059,0.7232265751234356,0.9996734765690493,155,155,132,132,92,92,40,40,101,15657.73946950015,99,15657.73946950015,52,177687.10519580994,52,177687.10519580994,20,789835.2700929041,20,789835.2700929041,4,1425324.6790875308,4,1425324.6790875308,16,27971958.206154257,16,27971958.206154257,0.7927461139896373,0.7905759162303665
2025-11-06,27,0,0,0.0,0.0,1386680.6640788629,1,1000000.0,0,0.0,0,0.0,26,386680.6640788629,14,21,23,6,2,0,197,31380462.999999993,159291.69035532992,633.9093799851277,0.9320873750998452,0.700974785689368,0.9996117210868266,12,18,20,4,2,0,193,30380463.0,157411.72538860104,742.9715643939688,0.9348392534464885,0.7240479951295719,0.999619004770924,159,158,136,135,94,93,41,40,103,16709.136234599064,100,16709.136234599064,53,178191.3445036643,53,178191.3445036643,20,768531.9679489611,20,768531.9679489611,5,2420117.2250546357,5,2420117.2250546357,16,27996913.326258138,15,26996913.32625814,0.7918781725888325,0.7927461139896373
2025-11-07,88,0,0,0.0,0.0,27549595.884502426,2,2000000.0,7,2140500.0,0,0.0,79,23409095.884502426,35,46,56,17,3,0,211,31239963.0,148056.69668246445,610.4045388156732,0.9447583715881193,0.7553000966923836,0.9994413400280703,29,41,50,17,1,0,209,31239963.000000007,149473.50717703352,633.9093799851277,0.9442297435650391,0.7553000966923834,0.9994413400280701,173,173,145,145,99,99,43,43,112,18444.851104562404,110,18444.851104562407,56,180678.72534186562,56,180678.72534186562,22,768214.3414892941,22,768214.3414892941,9,4677078.007497792,9,4677078.007497792,12,25595547.074566487,12,25595547.074566487,0.7962085308056872,0.7942583732057417
2025-11-08,25,0,0,0.0,0.0,1063501.2866064715,0,0.0,0,0.0,0,0.0,25,1063501.2866064715,16,21,23,4,2,0,213,31239963.000000004,146666.4929577465,742.9715643939688,0.9398172145187258,0.7229619917280704,0.9993827112941881,15,20,22,4,2,0,211,31239963.000000004,148056.69668246448,745.1444309842583,0.9392467615757754,0.7229619917280704,0.9993827112941881,175,175,145,145,101,101,44,44,112,18284.07632988146,110,18284.07632988146,57,185941.29705014,57,185941.29705014,22,768579.3300043878,22,768579.3300043878,9,4681852.424624364,9,4681852.424624364,13,25585305.87199123,13,25585305.87199123,0.7934272300469484,0.7914691943127962
2025-11-09,39,0,0,0.0,0.0,238180.0140782406,0,0.0,0,0.0,0,0.0,39,238180.0140782406,17,20,25,4,1,1,217,31239962.999999996,143962.96313364053,610.4045388156732,0.9414928868717574,0.7275251520898816,0.9993644486971746,14,16,21,4,1,0,214,31239948.999999996,145981.07009345794,688.4404721895482,0.9406733664394294,0.7275254781260133,0.9993648965564935,177,176,146,146,101,101,45,45,116,18854.599184866252,113,18840.599184866252,56,181033.5221724722,56,181033.5221724722,23,784003.5009762404,23,784003.5009762404,9,4528212.5448091505,9,4528212.5448091505,13,25727858.83285727,13,25727858.83285727,0.7926267281105991,0.7897196261682243
2025-11-10,43,0,0,0.0,0.0,3223174.445633211,1,1000000.0,1,30000.0,0,0.0,41,2193174.445633211,18,26,29,9,1,0,225,32209962.999999996,143155.3911111111,633.9093799851277,0.9405263579943215,0.7144355707605856,0.9991855983023046,17,25,28,9,1,0,222,32209949.0,145089.86036036036,744.0579976891136,0.9397233267527053,0.7144358812888012,0.9991860325966393,186,185,154,154,106,106,48,48,119,19972.798420209332,116,19958.798420209336,58,190482.94877934502,58,190482.94877934502,24,792228.0139281636,24,792228.0139281636,11,5195335.93878994,11,5195335.93878994,13,26011943.30008234,13,26011943.30008234,0.7866666666666666,0.7837837837837838
2025-11-11,44,0,0,0.0,0.0,10702433.96802074,2,2000000.0,0,0.0,0,0.0,42,8702433.96802074,21,23,28,4,3,0,226,34209963.0,151371.51769911504,622.1569594004004,0.9423409270017382,0.7184004349725331,0.9992241608675991,18,20,25,4,3,0,223,34209949.0,153407.84304932735,742.9715643939688,0.9415658736511224,0.718400728969057,0.9992245697877719,187,186,155,155,106,106,47,47,120,20282.37788368898,117,20268.377883688987,59,200276.01575692423,59,200276.01575692423,24,827995.4419071709,24,827995.4419071709,9,4584956.86485795,9,4584956.86485795,14,28576452.29959427,14,28576452.29959427,0.7920353982300885,0.7892376681614349
2025-11-12,32,0,0,0.0,0.0,4585378.130751248,0,0.0,0,0.0,0,0.0,32,4585378.130751248,16,15,22,4,2,1,229,34209963.0,149388.4847161572,610.4045388156732,0.9479371435190171,0.7545278570812155,0.9991900037105594,14,12,19,4,2,0,225,34008638.30904887,151149.50359577275,633.9093799851277,0.9481204976463615,0.7589945189410783,0.99921973696567,190,188,156,155,107,106,46,45,122,20290.633190750064,119,20276.63319075007,61,218429.46726091814,61,218429.46726091814,23,817995.4419071708,23,817995.4419071708,12,6340877.38442349,11,6139566.69347236,11,26812370.07321767,11,26812370.07321767,0.7991266375545851,0.8
2025-11-13,45,0,0,0.0,0.0,1379832.102974334,0,0.0,0,0.0,0,0.0,45,1379832.102974334,18,24,28,8,2,0,235,34209963.0,145574.31063829787,633.9093799851277,0.9480852613264819,0.7576637473046285,0.9990386157291336,17,22,26,8,2,0,231,34008630.45855037,147223.50847857303,742.9715643939688,0.9483420756608401,0.7621491489733316,0.9990702680114516,196,194,159,158,112,111,49,48,123,19402.2838611445,120,19380.43336264861,63,229881.2880028935,63,229881.2880028935,24,829517.7149885797,24,829517.7149885797,15,7211512.951414693,14,7010202.260463562,10,25919648.76173269,10,25919648.76173269,0.7914893617021277,0.7922077922077922
2025-11-14,39,0,0,0.0,0.0,1222463.5810903618,0,0.0,1,82613.0,0,0.0,38,1139850.5810903618,21,22,27,6,0,0,241,34127350.0,141607.26141078837,609.560608403219,0.950458325637448,0.7669942513378692,0.998988242260517,19,20,25,6,0,0,237,33926017.45855038,143147.75298966403,610.4045388156732,0.9507479908780875,0.7715459468644005,0.9990207856448556,199,197,161,160,113,112,50,49,128,19723.908802584854,125,19702.058304088965,63,233404.4113649703,63,233404.4113649703,25,849018.8421271574,25,849018.8421271574,15,6849721.574309858,14,6648410.883358728,10,26175481.263395432,10,26175481.263395432,0.7925311203319502,0.7932489451476793
2025-11-15,18,0,0,0.0,0.0,117146.86834548666,0,0.0,0,0.0,0,0.0,18,117146.86834548666,9,13,15,6,0,0,247,34127350.0,138167.4089068826,609.560608403219,0.9511631600084409,0.7660831845194065,0.9988540413101265,8,11,13,6,0,0,243,33925958.337597564,139612.99727406405,610.4045388156732,0.9514642693646176,0.7706308162925062,0.9988907404226067,205,203,166,165,116,115,51,50,131,20162.63458478165,128,20081.663133465474,65,240881.60910143927,65,240881.60910143927,26,872195.2147955545,26,872195.2147955545,15,6849721.574309858,14,6648410.883358728,10,26144388.967208367,10,26144388.967208367,0.7935222672064778,0.7942386831275721
2025-11-16,52,0,0,0.0,0.0,3003342.0828360906,1,1000000.0,1,10000.0,0,0.0,50,1993342.0828360908,22,23,29,7,1,0,253,35117349.99999999,138803.75494071143,610.4045388156732,0.9508152620759631,0.7577814831763293,0.998724717994871,18,20,25,7,0,0,250,34916039.309048876,139664.15723619552,622.1569594004004,0.9513085381617381,0.7621505215033268,0.9987611302732537,209,208,171,170,120,119,52,51,133,20238.653950511816,131,20238.65395051182,68,254240.5598617205,68,254240.5598617205,26,870862.1164890678,26,870862.1164890678,16,7360731.101476438,15,7159420.410525307,10,26611277.568222262,10,26611277.568222262,0.7944664031620553,0.796
2025-11-17,14,0,0,0.0,0.0,1005898.2915123838,1,1000000.0,0,0.0,0,0.0,13,5898.291512383832,10,11,15,4,2,0,255,36117350.00000001,141636.6666666667,633.9093799851277,0.9484005276833027,0.736828099347962,0.998688390340991,10,11,15,4,2,0,252,35916039.30904887,142523.9655120987,688.4404721895482,0.9488600465883256,0.7409580473223363,0.9987238643335481,211,210,173,172,121,120,53,52,134,21238.643950511818,132,21238.643950511818,68,254066.9341055286,68,254066.9341055286,26,871084.966482402,26,871084.966482402,16,7358681.101476438,15,7157370.410525307,11,27612278.35398512,11,27612278.35398512,0.792156862745098,0.7936507936507936
2025-11-18,64,0,0,0.0,0.0,1439356.4265821336,0,0.0,0,0.0,0,0.0,64,1439356.4265821336,15,14,20,4,1,0,258,36117350.00000001,139989.72868217056,622.1569594004004,0.9502204620970325,0.7464493118492477,0.9986454939682085,14,13,19,4,1,0,255,35916039.30904887,140847.21297666224,633.9093799851277,0.9506847790516119,0.7506331870654248,0.9986810387217206,213,212,174,173,122,121,54,53,136,21238.64395051342,134,21238.64395051342,68,250840.97318979067,68,250840.97318979067,28,891627.4102202446,28,891627.4102202446,15,6993871.919321022,14,6792561.228369891,11,27959771.05331843,11,27959771.05331843,0.7906976744186046,0.792156862745098
2025-11-19,13,0,0,0.0,0.0,3532529.2592605683,1,1000000.0,0,0.0,0,0.0,12,2532529.2592605683,9,9,12,2,2,0,258,37117350.0,143865.6976744186,609.982573609446,0.953523656109311,0.7669759158341548,0.9986819864988392,7,8,10,2,1,0,256,37117350.0,144989.6484375,622.1569594004004,0.953160559672665,0.7669759158341548,0.9986819864988392,213,213,174,174,122,122,53,53,136,20738.64395051342,134,20738.64395051342,69,254309.84253452913,69,254309.84253452913,28,891627.4102202446,28,891627.4102202446,14,6482560.593707846,14,6482560.593707846,11,29468113.509586867,11,29468113.509586867,0.7945736434108527,0.79296875
2025-11-20,30,0,0,0.0,0.0,5775078.504841724,1,1000000.0,1,99381.0,0,0.0,28,4675697.504841724,20,22,26,4,1,1,262,38017969.0,145106.75190839695,564.1329901179831,0.9497758971877126,0.741490455121453,0.9986980588878717,16,17,21,4,1,0,259,38017862.4100871,146787.11355245984,609.560608403219,0.9491980168817034,0.7414925340232642,0.9987008589174462,215,214,175,174,122,122,53,53,140,20909.4846041512,137,20802.894691255795,69,255491.661638297,69,255491.661638297,27,796916.0696857391,27,796916.0696857391,14,6754690.647468525,14,6754690.647468525,12,30189961.13660329,12,30189961.13660329,0.7977099236641222,0.7953667953667953
2025-11-21,30,0,0,0.0,0.0,7353070.813409257,2,2000000.0,0,0.0,0,0.0,28,5353070.813409257,16,19,24,3,2,1,264,40017969.0,151583.2159090909,622.1569594004004,0.9489208749969148,0.7331167399885424,0.9985825944081085,14,18,22,3,1,1,262,40017969.0,152740.3396946565,688.4404721895482,0.9485309580121585,0.7331167399885424,0.9985825944081085,218,218,178,178,126,126,55,55,138,21050.84726630689,136,21050.84726630689,71,259738.70912454708,71,259738.70912454708,28,807022.6595986346,28,807022.6595986346,14,6592313.809767961,14,6592313.809767961,13,32337842.97424255,13,32337842.97424255,0.7916666666666666,0.7900763358778626
2025-11-22,22,0,0,0.0,0.0,83586.39300183722,0,0.0,0,0.0,0,0.0,22,83586.39300183722,12,17,20,6,0,0,270,40017969.0,148214.7,564.1329901179831,0.949878440410973,0.7327068317018343,0.9985344129706718,11,16,19,6,0,0,268,40017969.0,149320.77985074627,606.5211453989125,0.9495043989215026,0.7327068317018343,0.9985344129706718,224,224,184,184,125,125,55,55,145,24909.178129809054,143,24909.178129809054,70,256429.28068042957,70,256429.28068042957,28,822877.454289581,28,822877.454289581,14,6592313.809767961,14,6592313.809767961,13,32321439.27713222,13,32321439.27713222,0.7962962962962963,0.7947761194029851
2025-11-23,4,0,0,0.0,0.0,113281.46943490084,0,0.0,1,29000.0,0,0.0,3,84281.46943490084,4,3,4,0,0,0,270,39988969.0,148107.2925925926,521.7087674206803,0.9498681038539726,0.7325356513689376,0.9985560107975919,4,3,4,0,0,0,268,39988969.00000001,149212.57089552243,564.1329901179831,0.9494939852260172,0.7325356513689374,0.9985560107975918,224,224,184,184,124,124,55,55,146,25084.32267622454,144,25084.32267622454,69,255347.95927898103,69,255347.95927898103,28,822877.454289581,28,822877.454289581,14,6592313.809767961,14,6592313.809767961,13,32293345.453987252,13,32293345.453987252,0.7962962962962963,0.7947761194029851
2025-11-24,27,0,0,0.0,0.0,2410497.078844247,1,1000000.0,1,22000.0,0,0.0,25,1388497.078844247,15,22,24,4,2,1,273,40966969.0,150062.15750915752,518.633237,0.9522803345156414,0.7447283313584645,0.9985568267093521,11,17,19,4,2,0,270,40966840.39394992,151729.03849611082,564.1329901179831,0.9517544771226992,0.7447306692631737,0.9985599614507193,227,226,186,185,124,124,54,54,149,26463.118684394805,146,26334.512634312443,70,259841.45179121633,70,259841.45179121633,28,822747.9301848934,28,822747.9301848934,13,6348654.035155551,13,6348654.035155551,13,33509262.464183945,13,33509262.464183945,0.8021978021978022,0.8
2025-11-25,13,0,0,0.0,0.0,161311.13129317187,0,0.0,0,0.0,0,0.0,13,161311.13129317187,8,11,13,1,2,0,272,40966969.0,150613.85661764705,564.1329901179831,0.952201944801376,0.7460106543343331,0.9985072619013007,7,11,12,1,1,0,270,40966968.99999999,151729.5148148148,606.5211453989125,0.951847885133238,0.7460106543343332,0.9985072619013009,227,227,186,186,125,125,55,55,147,26563.43104555059,145,26563.43104555059,70,259867.0255215703,70,259867.0255215703,29,832876.5362349757,29,832876.5362349757,13,6285866.65741356,13,6285866.65741356,13,33561795.349784344,13,33561795.349784344,0.7977941176470589,0.7962962962962963
2025-11-26,52,0,0,0.0,0.0,11636615.355928816,1,1000000.0,3,1180786.0,0,0.0,48,9455829.355928816,21,23,27,5,1,1,277,40786183.0,147242.53790613718,518.633237,0.9583060442812306,0.7799056754635945,0.998462640944213,18,19,23,5,1,0,274,40786177.59608646,148854.6627594396,564.1329901179831,0.9578497527736096,0.7799057787962207,0.9984627732342707,230,229,187,187,126,126,56,56,151,26157.52261079227,148,26152.118697249352,70,260336.7674933973,70,260336.7674933973,31,863953.6532180333,31,863953.6532180333,14,6826359.454481001,14,6826359.454481001,11,32809375.602196775,11,32809375.602196775,0.7978339350180506,0.7956204379562044
2025-11-27,25,0,0,0.0,0.0,2378617.968448346,1,1000000.0,0,0.0,0,0.0,24,1378617.968448346,13,16,19,5,2,0,280,41786183.0,149236.36785714285,564.1329901179831,0.959999267199102,0.7888288979545675,0.99835488071317,13,16,19,5,2,0,277,41786177.59608646,150852.62670067314,609.560608403219,0.9595662545186291,0.7888289999682813,0.9983550098234111,234,233,189,189,129,129,57,57,151,25803.29881369654,148,25797.894900153624,72,267767.865991498,72,267767.865991498,33,931398.224476726,33,931398.224476726,13,6599064.925100199,13,6599064.925100199,11,33962148.68561788,11,33962148.68561788,0.7964285714285714,0.7942238267148014
2025-11-28,32,0,0,0.0,0.0,175405.38577931654,0,0.0,0,0.0,0,0.0,32,175405.38577931654,16,20,23,7,2,0,285,41786183.0,146618.1859649123,524.7842978413604,0.9606919604562888,0.7883130798301042,0.9983054649848871,14,18,21,6,2,0,281,41786176.90545584,148705.25589130193,609.560608403219,0.9601326516774146,0.7883131948061377,0.9983056105884621,237,236,190,190,130,130,57,57,155,26420.361312204164,151,26414.26676804094,73,271541.45559367747,73,271541.45559367747,33,884038.1668195745,33,884038.1668195745,13,6663588.401200199,13,6663588.401200199,11,33940594.615074344,11,33940594.615074344,0.8,0.797153024911032
2025-11-29,4,0,0,0.0,0.0,9588.426364550938,0,0.0,1,4500.0,0,0.0,3,5088.426364550937,4,3,5,0,1,0,284,41781683.0,147118.60211267605,564.1329901179831,0.9605614779210812,0.7883001550873332,0.9983151569886266,4,3,5,0,1,0,280,41781676.905455835,149220.27466234227,609.982573609446,0.9599983065594437,0.7883002700738647,0.9983153026092974,236,235,189,189,130,130,57,57,154,26007.7876767551,150,26001.693132591878,73,271541.45559367747,73,271541.45559367747,33,884038.1668195745,33,884038.1668195745,13,6663588.401200199,13,6663588.401200199,11,33936507.188709795,11,33936507.188709795,0.7992957746478874,0.7964285714285714
2025-11-30,12,0,0,0.0,0.0,1035147.4250024664,0,0.0,1,1000000.0,0,0.0,11,35147.42500246641,7,7,9,2,1,0,285,40781683.0,143093.6245614035,524.7842978413604,0.9628641598638545,0.8076028914916001,0.9982960524238157,7,7,9,2,1,0,281,40781676.905455835,145130.5227952165,609.560608403219,0.9623357771581713,0.807603012182358,0.9982962016123691,236,235,189,189,130,130,56,56,155,26006.787789003596,151,26000.69324484037,74,272644.5334973857,74,272644.5334973857,33,884038.1668195745,33,884038.1668195745,13,6663588.401200199,13,6663588.401200199,10,32935405.110693835,10,32935405.110693835,0.8035087719298246,0.800711743772242
2025-12-01,77,0,0,0.0,0.0,19722348.01195148,1,1000000.0,2,1325000.0,0,0.0,74,17397348.01195148,26,31,37,3,3,1,286,40456683.0,141456.93356643355,609.982573609446,0.9547656662429865,0.7562319049611304,0.9981622179139823,22,26,32,3,2,0,282,40300216.37937349,142908.5687211826,611.0465348466048,0.9548258523151701,0.7591679946700625,0.998204945718855,238,237,193,192,132,131,59,58,154,27259.711691693825,151,27259.021061073523,73,262140.41044673475,73,262140.41044673475,34,892594.0931669143,34,892594.0931669143,12,5680054.331196078,11,5523588.401200199,13,33594634.45349858,13,33594634.45349858,0.7937062937062938,0.7943262411347518
2025-12-02,57,0,0,0.0,0.0,12070112.054975946,3,3000000.0,3,1510000.0,0,0.0,51,7560112.0549759455,24,30,34,8,3,0,291,41946683.0,144146.676975945,611.6885308775364,0.9554421026195664,0.7546110432097322,0.9980174993287529,19,26,29,8,2,0,288,41946682.30936938,145648.20246308812,650.2213483275639,0.9549779858997515,0.7546110556340161,0.9980175157605995,243,243,197,197,136,136,62,62,155,27131.631834030144,152,27130.94120340984,74,264898.85910739284,74,264898.85910739284,37,975483.890040442,37,975483.890040442,10,4025738.4012001986,10,4025738.4012001986,15,36653430.21781793,15,36653430.21781793,0.7869415807560137,0.7847222222222222
2025-12-03,107,0,0,0.0,0.0,14750078.663805557,0,0.0,0,0.0,0,0.0,107,14750078.663805557,35,47,53,11,5,2,299,41946683.0,140289.90969899666,524.7842978413604,0.9564092604392755,0.7552658672209908,0.9980080053766421,29,39,45,10,5,0,293,41946521.731638156,143162.19021036912,610.4045388156732,0.9555219594660957,0.7552687709299072,0.9980118423364064,249,247,199,198,137,137,60,60,162,26722.64291509957,156,26561.374553253678,77,268503.1356249834,77,268503.1356249834,35,944820.9072207261,35,944820.9072207261,10,4025738.4012001986,10,4025738.4012001986,15,36680897.91303899,15,36680897.91303899,0.7993311036789298,0.7952218430034129
2025-12-04,41,0,0,0.0,0.0,15302462.847588168,3,3000000.0,1,1000000.0,0,0.0,37,11302462.847588168,18,21,23,5,1,0,303,43946683.0,145038.55775577558,524.7842978413604,0.9581796510091662,0.7662951079699788,0.9980569844019778,16,19,21,5,1,0,297,43946521.73163815,147968.0866385123,610.4045388156732,0.9573398950212518,0.7662979200049679,0.9980606469219808,252,250,201,200,138,138,60,60,165,27546.166461743647,159,27384.898099897757,78,269511.1356249834,78,269511.1356249834,35,947759.1023056377,35,947759.1023056377,10,4025738.4012001986,10,4025738.4012001986,15,38676128.19440744,15,38676128.19440744,0.801980198019802,0.797979797979798
2025-12-05,44,0,0,0.0,0.0,10073073.159015696,2,2000000.0,0,0.0,0,0.0,42,8073073.159015697,19,19,22,0,3,0,300,45946683.0,153155.61,606.5211453989125,0.9618697664574618,0.7980030606139751,0.9981440288299382,14,14,17,0,3,0,294,45946521.731638156,156280.68616203454,622.798955431332,0.9610965053368042,0.7980058615364711,0.9981475322301162,250,248,200,199,139,139,60,60,161,26380.044918146417,155,26218.77655630053,79,270563.8856262045,79,270563.8856262045,36,958407.0091953495,36,958407.0091953495,10,4025738.4012001986,10,4025738.4012001986,14,40665593.659060106,14,40665593.659060106,0.8,0.7959183673469388
2025-12-06,15,0,0,0.0,0.0,5025218.093831396,1,1000000.0,0,0.0,0,0.0,14,4025218.0938313957,8,8,10,1,1,0,300,46946682.99999999,156488.9433333333,606.5211453989125,0.9611361925092063,0.7919169706962049,0.9981878422774606,7,7,9,1,1,0,294,46946521.73163815,159682.0467062522,622.798955431332,0.960347830600293,0.7919196910500858,0.9981912712028037,250,248,199,198,139,139,60,60,161,26179.120056241914,155,26017.851694396028,79,270565.5059879941,79,270565.5059879941,35,946250.0446914961,35,946250.0446914961,11,4525813.343669245,11,4525813.343669245,14,41177874.98559502,14,41177874.98559502,0.8,0.7959183673469388
2025-12-07,26,0,0,0.0,0.0,2439464.3421306848,1,1000000.0,1,91728.0,0,0.0,24,1347736.3421306845,13,16,17,4,0,1,305,47854955.0,156901.49180327868,538.2894556502205,0.9623863739575899,0.7958212163969464,0.9981755858791586,12,15,16,4,0,1,299,47854793.73163815,160049.4773633383,610.4045388156732,0.9616362656620018,0.7958238982763128,0.9981789496830541,254,252,202,201,140,140,60,60,165,26880.98225623518,159,26719.713894389293,80,272096.10529616656,80,272096.10529616656,35,946176.070057219,35,946176.070057219,11,4525813.343669245,11,4525813.343669245,14,42083988.49872114,14,42083988.49872114,0.8032786885245902,0.7993311036789298
2025-12-08,25,0,0,0.0,0.0,13215979.731859704,2,2000000.0,1,3000.0,0,0.0,22,11212979.731859704,12,15,16,1,1,0,305,49851955.0,163449.03278688525,524.7842978413604,0.9648517796047705,0.8140277610272947,0.9982906066785724,11,14,15,1,1,0,299,49851793.731638156,166728.4071292246,610.4045388156732,0.9641509571760783,0.8140303943713268,0.9982938361048123,255,253,201,200,139,139,59,59,166,27078.913466400038,160,26917.64510455415,80,272086.10529616656,80,272086.10529616656,35,946176.2685537864,35,946176.2685537864,10,4025738.4012001986,10,4025738.4012001986,14,44580875.31148345,14,44580875.31148345,0.8065573770491803,0.802675585284281
2025-12-09,44,0,0,0.0,0.0,13995098.594156217,4,4000000.0,1,350000.0,0,0.0,39,9645098.594156217,19,23,25,3,0,0,308,53501955.0,173707.6461038961,564.1329901179831,0.9674956348743945,0.8272015423154542,0.9983039586917467,15,19,21,3,0,0,302,53501793.731638156,177158.2573895303,611.0465348466048,0.9668540470773461,0.8272040357166719,0.9983069678402783,258,256,203,202,141,141,59,59,167,27089.381019980086,161,26928.112658134196,82,280334.6829572714,82,280334.6829572714,35,911892.8419305217,35,911892.8419305217,10,4025738.4012001986,10,4025738.4012001986,14,48256899.69289203,14,48256899.69289203,0.8084415584415584,0.804635761589404
2025-12-10,91,0,0,0.0,0.0,33640089.91492114,4,4000000.0,3,1000000.0,0,0.0,84,28640089.91492114,20,26,27,6,0,1,315,56501955.0,179371.2857142857,610.4045388156732,0.96479237397964,0.8022971719026092,0.9981188583752393,16,22,23,5,0,1,308,56501793.73163815,183447.3822455784,685.2025329343451,0.9639961890130228,0.8022994618325757,0.9981217072227287,263,261,209,208,147,147,63,63,168,27035.848328895274,161,26874.579967049387,84,285935.4405728807,84,285935.4405728807,36,968282.3771043341,36,968282.3771043341,11,3889342.630525402,11,3889342.630525402,16,51331358.703468494,16,51331358.703468494,0.8,0.7954545454545454
2025-12-11,63,0,0,0.0,0.0,2981207.515648207,1,1000000.0,2,592097.0,0,0.0,60,1389110.5156482074,20,21,23,0,2,1,314,56909858.00000001,181241.58598726118,611.0465348466048,0.964351745458718,0.7993791917903462,0.9981320016689118,15,16,18,0,1,1,308,56909696.73163815,184771.7426351888,685.2025329343451,0.9636612546443413,0.799381457038277,0.9981348301343944,262,260,209,208,147,147,64,64,167,27015.431763671302,161,26854.16340182542,83,282944.7157235505,83,282944.7157235505,38,1081603.1583701118,38,1081603.1583701118,10,4025738.4011992943,10,4025738.4011992943,16,51492556.29294338,16,51492556.29294338,0.7961783439490446,0.7922077922077922
2025-12-12,74,0,0,0.0,0.0,11910549.345701454,2,2000000.0,1,200000.0,0,0.0,71,9710549.345701454,20,21,22,2,1,0,315,58709858.0,186380.50158730158,610.4045388156732,0.9646020892310226,0.8013015870659835,0.9981861162727328,15,16,17,2,1,0,309,58709696.731638156,189999.0185489908,647.0205353923737,0.9639185774176442,0.8013037881435139,0.9981888581680031,262,260,209,208,147,147,64,64,168,27049.568053580493,162,26888.299691734606,83,283095.9157235504,83,283095.9157235504,37,1044840.9788220029,37,1044840.9788220029,11,4310569.1455823295,11,4310569.1455823295,16,53044302.39181853,16,53044302.39181853,0.7968253968253968,0.7928802588996764
2025-12-13,55,0,0,0.0,0.0,4189494.3316228352,1,1000000.0,3,228000.0,0,0.0,51,2961494.3316228352,26,25,31,4,4,3,318,59481858.000000015,187049.86792452834,622.1569594004004,0.9673930617249191,0.8186472016876019,0.9981226512887691,23,22,28,4,4,3,312,59481696.731638156,190646.46388345564,727.4540385593083,0.9667698248575559,0.8186494212257188,0.9981253574255095,266,264,213,212,150,150,63,63,168,26671.06269015589,162,26509.794328310003,87,293062.30247807154,87,293062.30247807154,38,1065130.8998836156,38,1065130.8998836156,9,3402337.1320688496,9,3402337.1320688496,16,54694656.60287931,16,54694656.60287931,0.8018867924528302,0.7980769230769231
2025-12-14,14,0,0,0.0,0.0,1730864.4209192279,0,0.0,1,57000.0,0,0.0,13,1673864.4209192279,6,7,8,1,0,0,319,59424858.00000001,186284.82131661446,610.4045388156732,0.9661903593149057,0.8100431943128282,0.9981177951608898,4,5,6,1,0,0,313,59424696.73163816,189855.26112344462,723.3845304763164,0.9655460760049892,0.8100453926301299,0.9981205038801699,267,265,214,213,150,150,64,64,169,26852.628523267813,163,26691.360161421926,86,288714.54930919147,86,288714.54930919147,38,1085774.868473023,38,1085774.868473023,10,3886814.157788286,10,3886814.157788286,16,54136701.79590623,16,54136701.79590623,0.799373040752351,0.7955271565495208
2025-12-15,15,0,0,0.0,0.0,1038591.4042081881,1,1000000.0,0,0.0,0,0.0,14,38591.40420818807,8,10,12,2,1,0,320,60424858.0,188827.68125,685.2025329343451,0.9644586926583291,0.7964306817558257,0.998011494765336,6,8,10,2,1,0,314,60424696.731638156,192435.33990967565,744.0579976891136,0.9637833353186884,0.7964328073613862,0.9980141583728933,268,266,216,215,153,153,65,65,167,26680.90069200424,161,26519.632330158354,88,301377.22110773285,88,301377.22110773285,38,1085774.868473023,38,1085774.868473023,10,3886814.157788286,10,3886814.157788286,17,55124210.851938955,17,55124210.851938955,0.796875,0.7929936305732485
2025-12-16,27,0,0,0.0,0.0,1898797.1126779385,1,1000000.0,1,33000.0,0,0.0,25,865797.1126779385,20,23,28,7,2,0,325,61391858.0,188898.0246153846,723.3845304763164,0.9619448371565512,0.777089612097664,0.9979524250307454,17,20,25,7,2,0,319,61391696.731638156,192450.45997378734,745.1444309842583,0.9612327819496214,0.7770916534155526,0.9979550465278102,272,270,220,219,156,156,68,68,169,27265.27263112885,163,27104.004269282967,88,297086.28145049885,88,297086.28145049885,38,1084726.3931336189,38,1084726.3931336189,12,4275804.933609879,12,4275804.933609879,18,55706975.119174875,18,55706975.119174875,0.7907692307692308,0.786833855799373
2025-12-17,22,0,0,0.0,0.0,521660.73915030394,2,6000.0,2,197542.0,0,0.0,18,318118.73915030394,11,17,17,6,0,0,331,61200316.00000001,184895.2145015106,742.9715643939688,0.9622005997084673,0.7757178993536556,0.9977714662438345,8,13,13,6,0,0,325,61200146.49558982,188308.1430633533,981.1531504155903,0.9615066934933676,0.7757200478387906,0.9977742297447992,278,275,224,223,160,160,69,69,171,27833.23394622728,165,27663.729536051607,91,304038.4768070423,91,304038.4768070423,39,1118458.7883369285,39,1118458.7883369285,12,4275804.933609879,12,4275804.933609879,18,55474180.567299925,18,55474180.567299925,0.7915407854984894,0.7876923076923077
2025-12-18,52,0,0,0.0,0.0,5013313.35839458,9,1139000.0,0,0.0,0,0.0,43,3874313.3583945795,22,36,42,16,2,0,345,62339316.0,180693.6695652174,767.5813015571349,0.9596216361337034,0.7514386792888021,0.9971979678254407,17,30,36,16,2,0,339,62339142.36547514,183891.27541438094,992.3342518999775,0.9589109406166186,0.751440772286766,0.9972007453419217,292,289,235,234,168,168,78,78,177,29596.490364201305,171,29422.855839343345,90,298210.122591569,90,298210.122591569,48,1280521.946448652,48,1280521.946448652,10,3886814.157788286,10,3886814.157788286,20,56844173.28280729,20,56844173.28280729,0.7739130434782608,0.7699115044247787
2025-12-19,95,0,0,0.0,0.0,33316716.73642636,6,116000.0,2,1464405.0,0,0.0,87,31736311.73642636,34,40,47,8,4,1,350,60990911.00000001,174259.74571428573,741.8528718582836,0.9635391413239733,0.7832179559522157,0.9970396368058855,28,32,39,8,4,1,344,60990558.13277337,177298.13410689932,874.3672259863627,0.9629113319718108,0.783222487341277,0.9970454052825524,297,294,239,237,169,169,78,78,181,30553.761769902845,175,30200.894543272636,91,303131.3301137532,91,303131.3301137532,51,1342355.754167808,51,1342355.754167808,9,3545693.5088650323,9,3545693.5088650323,18,55769176.6450835,18,55769176.6450835,0.7771428571428571,0.7732558139534884
2025-12-20,55,0,0,0.0,0.0,12635252.012711598,4,2020000.0,0,0.0,0,0.0,51,10615252.012711598,13,19,20,3,2,0,351,63010911.0,179518.26495726497,745.1444309842583,0.9666982563705797,0.8054505737277703,0.9969770471852012,10,16,17,3,1,0,346,63010740.210973114,182111.96592766794,986.7437011577839,0.9662208660461469,0.8054527568812967,0.9969797494664179,298,296,240,239,171,171,80,80,180,30371.683570154884,175,30200.894543272636,91,303237.16098407924,91,303237.16098407924,54,1379434.2305212654,54,1379434.2305212654,9,3545693.5088650323,9,3545693.5088650323,17,57752174.41605947,17,57752174.41605947,0.7720797720797721,0.7687861271676301
2025-12-21,68,0,0,0.0,0.0,11268840.385943249,7,276000.0,2,1280000.0,0,0.0,59,9712840.385943249,24,35,37,11,1,2,363,62006911.0,170817.93663911844,1000.0,0.9663238861429766,0.8018202135079722,0.9961061530601871,21,32,34,11,1,1,357,62006594.86377825,173687.94079489706,1000.0,0.9657653048359293,0.8018243015314055,0.9961112316366899,312,309,254,252,183,183,86,86,180,30523.642298225655,174,30207.5060764724,97,321441.4693433674,97,321441.4693433674,61,1675688.5068865842,61,1675688.5068865842,8,3260862.764481998,8,3260862.764481998,17,56718394.61698983,17,56718394.61698983,0.7630853994490359,0.7591036414565826
2025-12-22,55,0,0,0.0,0.0,8365563.728999277,5,2009000.0,2,1010000.0,0,0.0,48,5346563.728999277,29,31,39,6,5,0,364,63005910.99999999,173093.16208791206,1000.0,0.9650707799643908,0.7891731930786329,0.996177626474225,23,24,32,6,4,0,359,63005740.01097311,175503.45406956298,1000.0,0.9645882170395026,0.7891753347875677,0.9961803299650962,312,310,254,253,185,185,83,83,179,29611.495103354646,174,29440.5060764724,102,342676.5437689824,102,342676.5437689824,57,1650184.2299475106,57,1650184.2299475106,8,3260862.764481998,8,3260862.764481998,18,57722575.966698155,18,57722575.966698155,0.771978021978022,0.7688022284122563
2025-12-23,67,0,0,0.0,0.0,13444823.92076717,5,1153000.0,2,1077900.0,0,0.0,60,11213923.92076717,28,34,37,6,2,0,368,63081011.0,171415.79076086957,1000.0,0.9607703652428858,0.758178014446832,0.9960069522936372,23,29,32,6,2,0,363,63080840.01097311,173776.41876301132,1008.0,0.9602339205216155,0.7581800695894216,0.9960096521032707,315,313,257,256,188,188,85,85,180,29463.7079422205,175,29292.718915338257,103,341578.7742019073,103,341578.7742019073,57,1654241.067374568,57,1654241.067374568,9,4171992.885137192,9,4171992.885137192,19,56883734.56534411,19,56883734.56534411,0.7690217391304348,0.7658402203856749
2025-12-24,100,0,0,0.0,0.0,5533975.112541968,9,782998.0,4,1021718.0,0,0.0,87,3729259.112541968,43,49,55,11,1,1,379,62842290.99999999,165810.79419525064,1008.0,0.9594348263492332,0.7468430973685085,0.9953073514785802,34,39,45,11,1,1,374,62842115.17867838,168027.04593229512,1041.6158756865188,0.9588965461372098,0.7468451869057566,0.9953101361756491,323,321,265,264,196,196,91,91,183,30228.285707385054,178,30052.464385758612,105,342726.83764277457,105,342726.83764277457,62,1849112.839274152,62,1849112.839274152,10,4629792.885137192,10,4629792.885137192,19,55990430.15223849,19,55990430.15223849,0.7598944591029023,0.7566844919786097
2025-12-25,168,0,0,0.0,0.0,18951668.366784096,13,2265000.0,2,1800000.0,0,0.0,153,14886668.366784096,50,61,63,10,0,2,391,63307291.0,161911.23017902812,1052.7500012211003,0.9571709063153567,0.7284781588045606,0.9945017844904652,43,54,56,10,0,2,386,63307115.17867837,164008.07041108387,1110.8741760882044,0.9566201490512359,0.7284801819893526,0.9945045464962464,334,332,276,275,206,206,95,95,185,30328.47590916918,180,30152.654587542736,111,364727.07918208395,111,364727.07918208395,64,1907477.8976392704,64,1907477.8976392704,12,5829679.864619603,12,5829679.864619603,19,55175077.68264988,19,55175077.68264988,0.7570332480818415,0.7538860103626943
2025-12-26,210,0,0,0.0,0.0,11276358.232669925,11,1178000.0,4,645142.0,0,0.0,195,9453216.232669925,72,83,90,14,5,2,402,63840149.0,158806.3407960199,1110.8741760882044,0.9539111598872451,0.7011210506875422,0.9940094007865993,64,74,81,14,5,1,396,63838609.49865152,161208.6098450796,1134.544772745528,0.953241027930801,0.7011379585871887,0.9940333718414974,342,339,283,281,213,212,98,98,189,30705.543096682035,184,30478.54174820184,115,371689.7812043653,114,370377.2812043653,62,1858412.6404430338,62,1858412.6404430338,17,7762569.796261328,17,7762569.796261328,19,53816771.23899459,19,53816771.23899459,0.7562189054726368,0.7525252525252525
2025-12-27,44,0,0,0.0,0.0,2188894.399193884,3,260000.0,0,0.0,0,0.0,41,1928894.3991938836,26,24,32,5,2,0,405,64100149.0,158271.97283950617,1095.2731823488148,0.956100184622968,0.7174993712931059,0.9937971706905433,19,18,25,5,1,0,400,64099921.99865152,160249.8049966288,1134.544772745528,0.9555564230210747,0.717501912221702,0.9938006900910484,344,342,284,283,214,214,100,100,191,30705.543096682035,186,30478.541748201842,114,366896.73986105545,114,366896.73986105545,64,1938958.6152385352,64,1938958.6152385352,17,6714672.598443966,17,6714672.598443966,19,55048915.50335976,19,55048915.50335976,0.7530864197530864,0.75
2025-12-28,62,0,0,0.0,0.0,7004646.547239962,8,2612000.0,1,999953.0,0,0.0,53,3392693.547239962,28,34,41,8,2,0,411,65712196.0,159883.68856447688,1126.4751698275938,0.9547279571636725,0.7105405355328099,0.9934069444462986,20,25,32,8,2,0,406,65711967.798651524,161852.13743510228,1148.780059960152,0.9541753302933713,0.710543003063669,0.9934103943019628,350,348,290,289,219,219,103,103,192,31207.142429385472,187,30978.94108090528,116,372037.01635432075,116,372037.01635432075,64,1977419.393803384,64,1977419.393803384,19,6583254.614470593,19,6583254.614470593,20,56748277.832942314,20,56748277.832942314,0.7493917274939172,0.7463054187192119
2025-12-29,92,0,0,0.0,0.0,14368276.83933301,8,258997.0,2,6133.0,0,0.0,82,14103146.83933301,36,42,48,12,3,0,420,65965060.0,157059.66666666666,1087.145152458269,0.9525237741090523,0.6963161685367479,0.9930964816785096,28,34,40,12,3,0,415,65964831.798651524,158951.4019244615,1131.789197011519,0.9519566162270882,0.6963185774004453,0.993099917235762,356,354,294,293,222,222,105,105,198,31452.99373975153,193,31224.79239127133,117,373938.006548461,117,373938.006548461,66,2022838.900393126,66,2022838.900393126,18,6383254.614470593,18,6383254.614470593,21,57153575.48484807,21,57153575.48484807,0.75,0.7469879518072289
2025-12-30,46,0,0,0.0,0.0,6665687.049155675,5,436000.0,2,827000.0,0,0.0,39,5402687.049155675,24,28,32,6,0,1,427,65574060.0,153569.22716627634,1079.0171225677232,0.9528379963058581,0.6947710624270654,0.9928108844384154,20,23,27,6,0,1,422,65573831.19865153,155388.22558922163,1129.1321834195564,0.9522840778915711,0.6947734866342996,0.9928143485713626,361,359,299,298,225,225,106,106,202,32133.74006669002,197,31904.938718209825,119,379285.7551155943,119,379285.7551155943,67,2009388.9081396088,67,2009388.9081396088,18,6373254.614470593,18,6373254.614470593,21,56779996.98220751,21,56779996.98220751,0.7517564402810304,0.7488151658767772
2025-12-31,61,0,0,0.0,0.0,11109583.874861749,8,314000.0,3,2110955.0,0,0.0,50,8684628.874861749,27,29,32,5,3,0,429,63777105.00000001,148664.58041958042,1079.0171225677232,0.9528841371914207,0.6909341271440238,0.9926654598720327,21,23,26,5,3,0,424,63776876.19865152,150417.16084587623,1129.1321834195564,0.9523335456040563,0.690936605889761,0.9926690210874661,363,361,301,300,226,226,105,105,203,32459.745505569983,198,32230.94415708979,121,385315.9903625037,121,385315.9903625037,67,2019258.6263621864,67,2019258.6263621864,17,6053254.614470594,17,6053254.614470594,21,55286816.02329915,21,55286816.02329915,0.7552447552447552,0.7523584905660378
2026-01-01,61,0,0,0.0,0.0,5026672.961445183,5,236000.0,2,30000.0,0,0.0,54,4760672.961445183,24,30,35,11,2,0,438,63983105.0,146080.14840182647,1041.6158756865188,0.9542356856606774,0.6919461571744827,0.9926495058285979,19,24,29,11,2,0,433,63982868.99865152,147766.44110543077,1079.0171225677232,0.9537124323159597,0.691948709423682,0.9926531672246186,373,371,311,310,228,228,103,103,210,35945.442941455534,205,35709.441592975345,125,404361.99742925266,125,404361.99742925266,65,1995641.6679658866,65,1995641.6679658866,17,6053254.614470594,17,6053254.614470594,21,55493901.277192816,21,55493901.277192816,0.7648401826484018,0.7621247113163973
2026-01-02,36,0,0,0.0,0.0,10474711.02938303,6,1366000.0,1,28000.0,0,0.0,29,9080711.02938303,15,20,24,7,2,0,443,65321105.0,147451.70428893904,1052.7500012211003,0.9549363180016446,0.6957235702867127,0.9926991601096213,14,19,23,7,2,0,438,65320868.99865152,149134.4041065103,1090.974980982629,0.9544269972596716,0.6957260839045392,0.9927027466868364,377,375,315,314,231,231,103,103,212,36428.57340219603,207,36192.57205371584,128,410470.3556654099,128,410470.3556654099,64,1996366.4143222189,64,1996366.4143222189,18,6211369.622585559,18,6211369.622585559,21,56666470.03402461,21,56666470.03402461,0.7674943566591422,0.7648401826484018
2026-01-03,82,0,0,0.0,0.0,4919904.790145722,8,424000.0,1,3000.0,0,0.0,73,4492904.790145722,31,39,43,6,2,1,448,65742105.0,146745.7700892857,1110.8741760882044,0.9529411312845479,0.6796454189923191,0.9921340416983445,25,31,35,6,2,0,442,65740136.29865152,148733.340042198,1134.544772745528,0.9523355196732562,0.679665772142285,0.9921637528570938,382,379,320,318,237,236,107,107,211,35782.63061697797,206,35546.429268497785,130,411342.0259760798,129,409609.5259760798,67,2200592.9840810155,67,2200592.9840810155,18,6099353.109075352,18,6099353.109075352,22,56995034.25025058,22,56995034.25025058,0.7611607142857143,0.7579185520361991
2026-01-04,39,0,0,0.0,0.0,430753.73965467385,5,134000.0,0,0.0,0,0.0,34,296753.73965467385,15,23,25,6,0,0,454,65876105.0,145101.5528634361,1129.1321834195564,0.9529664211229083,0.6782736534670921,0.9918139588471694,10,18,20,6,0,0,448,65875304.87522237,147043.09123933566,1167.6721730336128,0.9523526694553001,0.6782818918131185,0.9918260054695687,388,385,325,323,241,241,108,108,213,36435.05053341141,207,35634.92575577996,133,422829.45598477917,133,422829.45598477917,67,2202533.8894636296,67,2202533.8894636296,19,6218566.437397878,19,6218566.437397878,22,56995740.16662031,22,56995740.16662031,0.762114537444934,0.7589285714285714
2026-01-05,84,0,0,0.0,0.0,7171221.829309512,13,1616000.0,3,1150000.0,0,0.0,68,4405221.829309512,37,49,56,14,4,3,467,66342105.0,142060.18201284797,1160.2597714407664,0.9530334409923248,0.6755328680494505,0.9908917987680846,29,41,48,14,3,3,462,66341868.798651524,143597.11861179984,1210.7805007299723,0.9525302343219695,0.6755352731938526,0.9908953267057701,401,399,337,336,250,250,112,112,217,36743.57266191482,212,36507.37131343463,138,447513.6698269354,138,447513.6698269354,72,2474027.9571740017,72,2474027.9571740017,18,6253833.585160825,18,6253833.585160825,22,57129986.21517633,22,57129986.21517633,0.7601713062098501,0.7575757575757576
2026-01-06,98,0,0,0.0,0.0,5890769.170536982,23,1310005.0,2,493000.0,0,0.0,73,4087764.170536982,38,50,57,16,2,2,483,67159110.0,139045.77639751552,1265.266292000139,0.9543327910046737,0.6794770910812207,0.989949036657659,32,43,50,16,2,2,478,67158872.19865152,140499.73263316217,1282.950405944989,0.9538601854133095,0.6794794970264552,0.9899525419460615,417,415,350,349,264,264,115,115,219,36562.29616674388,214,36324.49481826369,149,488437.417370953,149,488437.417370953,75,2433486.246809227,75,2433486.246809227,18,6253833.585160825,18,6253833.585160825,22,57946790.454492256,22,57946790.454492256,0.7619047619047619,0.7594142259414226
2026-01-07,80,0,0,0.0,0.0,1205084.6657242368,13,384175.0,0,0.0,0,0.0,67,820909.6657242368,38,46,54,14,4,1,494,67543285.0,136727.2975708502,1244.4095721451963,0.9556404578742254,0.6821138951543512,0.9897897060245926,31,37,45,14,4,0,488,67542808.7141899,138407.39490612684,1269.8419050147527,0.9551050745021992,0.6821187051581891,0.9897966856394611,422,419,356,354,268,268,114,114,226,36934.24866430613,220,36457.96285421175,154,512702.5472504104,154,512702.5472504104,74,2358887.6439654557,74,2358887.6439654557,18,6248833.585160825,18,6248833.585160825,22,58385926.974959,22,58385926.974959,0.7692307692307693,0.7663934426229508
2026-01-08,96,0,0,0.0,0.0,3686546.25912865,6,426000.0,2,383117.0,0,0.0,88,2877429.25912865,33,35,42,11,6,0,499,67586168.0,135443.22244488978,1200.0,0.9560061556191658,0.6818692703980079,0.9898062153405197,26,28,34,10,5,0,493,67585715.85797384,137090.7015374723,1248.1582125888692,0.9554799150369543,0.6818738320387271,0.9898128370501817,423,420,357,356,269,269,113,113,230,37327.314449267906,224,36875.172423113494,156,521631.5281021879,156,521631.5281021879,73,2379730.757041986,73,2379730.757041986,18,6248833.585160825,18,6248833.585160825,22,58398644.81524573,22,58398644.81524573,0.7735470941883767,0.77079107505071
2026-01-09,83,0,0,0.0,0.0,6864499.451767102,9,2098000.0,4,174380.0,0,0.0,70,4592119.451767102,35,37,44,7,5,1,502,69509788.0,138465.71314741037,1219.5393631633883,0.9567923034656651,0.6920169754600313,0.9898877848673087,28,29,36,7,5,1,496,69509335.25797385,140139.7888265602,1256.7122522945042,0.9562785799551193,0.6920214828426215,0.9898942324012941,426,423,360,359,271,271,113,113,231,37513.994936335315,225,37061.252910180905,158,535383.9351474356,158,535383.9351474356,71,2330816.9194568098,71,2330816.9194568098,21,7354344.894028942,21,7354344.894028942,21,59251728.25643048,21,59251728.25643048,0.7749003984063745,0.7721774193548387
2026-01-10,106,0,0,0.0,0.0,28187510.8737455,11,2307000.0,4,535528.7667282459,0,0.0,91,25344982.107017253,37,45,47,8,0,1,511,71281259.23327175,139493.65799074707,1248.1582125888692,0.959210417444234,0.7117565671191339,0.9896381324348444,31,37,39,8,0,0,504,71279608.7662456,141427.79517112224,1282.950405944989,0.9586724745346418,0.7117730477194768,0.9896610473348231,433,429,367,365,279,278,114,114,232,37357.91540071981,226,36903.57337456539,165,561235.0134754316,164,560038.8884754316,72,2325917.453246421,72,2325917.453246421,22,7564745.583281257,22,7564745.583281257,20,60792003.26786792,20,60792003.26786792,0.776908023483366,0.7738095238095238
2026-01-11,35,0,0,0.0,0.0,912628.8732466219,6,229000.0,3,105883.0,0,0.0,26,577745.8732466219,21,22,27,6,1,0,516,71404376.23327175,138380.5740954879,1256.7122522945042,0.9595121098321568,0.7128217082860897,0.9893719709690232,19,19,24,6,1,0,509,71402723.00399883,140280.39882907431,1293.8382889654629,0.9589838698885442,0.7128382126666641,0.9893948784806054,436,432,370,368,282,281,116,116,234,37361.18573467892,228,36904.08146176094,166,560663.6692406095,165,559467.5442406095,75,2480917.4532464216,75,2480917.4532464216,21,7369745.583281257,21,7369745.583281257,20,60955688.34176878,20,60955688.34176878,0.7751937984496124,0.7721021611001965
2026-01-12,80,0,0,0.0,0.0,5459386.536493286,15,2162000.0,5,157919.0,0,0.0,60,3139467.536493285,35,44,49,12,5,1,524,73408457.23327175,140092.47563601477,1243.8204916825255,0.9587370453192345,0.7068752212157916,0.9889404743586014,29,38,42,12,4,1,518,73407981.72899884,141714.2504420827,1266.4437895525648,0.9582679365421939,0.7068798000392409,0.9889468802753714,442,439,374,373,284,284,121,121,240,38028.978437367696,234,37553.47416444974,163,551692.2021197935,163,551692.2021197935,78,2643272.127489041,78,2643272.127489041,23,8227745.583281258,23,8227745.583281258,20,61947718.3419443,20,61947718.3419443,0.7690839694656488,0.7664092664092664
2026-01-13,152,0,0,0.0,0.0,87076392.58243178,16,4079100.0,6,1702735.0,0,0.0,130,81294557.58243178,50,49,58,8,5,0,527,75784822.23327176,143804.2167614265,1246.9800516635278,0.9605409426361613,0.7214811267718468,0.989369937033783,44,42,51,8,5,0,521,75784338.69032113,145459.3832827661,1267.6212871049904,0.9600952119949913,0.7214857301914833,0.989376249721429,443,440,376,375,286,286,120,120,241,37933.625798961766,235,37450.08284832875,166,562904.4527827031,166,562904.4527827031,78,2513017.453246421,78,2513017.453246421,22,7627745.583281257,22,7627745.583281257,20,65043221.11816241,20,65043221.11816241,0.7722960151802657,0.7696737044145874
2026-01-14,153,0,0,0.0,0.0,27659944.756505013,16,4383000.0,11,3756686.0,0,0.0,126,19520258.756505013,45,53,62,18,5,2,542,76411136.23327175,140979.9561499479,1207.0816504766178,0.9587969969647205,0.6963914253632233,0.988810652084449,38,45,54,18,5,2,536,76410618.44250005,142557.12395988815,1247.5691321261984,0.9583448396252184,0.6963961444070013,0.9888173526849812,452,449,386,385,290,290,123,123,252,39304.4983725772,246,38786.707600871756,167,574765.2806777812,167,574765.2806777812,77,2431885.1097978116,77,2431885.1097978116,26,9787219.088214656,26,9787219.088214656,20,63577962.25620893,20,63577962.25620893,0.7730627306273062,0.7705223880597015
2026-01-15,155,0,0,0.0,0.0,17012345.73157383,11,497500.0,7,2029154.0,0,0.0,137,14485691.731573833,48,60,71,16,4,2,556,74879482.23327175,134675.327757683,1148.780059960152,0.9586714711255934,0.6851700349111478,0.9883585549340103,39,50,61,16,4,2,550,74878957.81885825,136143.55967065136,1239.8698290141497,0.9582300318443955,0.6851748334961237,0.9883654768982978,466,463,398,397,297,297,124,124,259,42039.07705291688,253,41514.662639414906,173,576517.28776299,173,576517.28776299,79,2543228.4926190884,79,2543228.4926190884,24,8967219.08821466,24,8967219.08821466,21,62750478.287622094,21,62750478.287622094,0.7769784172661871,0.7745454545454545
2026-01-16,89,0,0,0.0,0.0,7202768.977439856,9,2658001.0,4,1175020.0,0,0.0,76,3369747.977439856,38,45,49,7,2,1,562,76362463.23327175,135876.2690983483,1167.6721730336128,0.957895210450759,0.6804363701588029,0.9878819146515211,31,36,40,6,2,1,555,76360928.21885826,137587.25805199685,1246.9800516635278,0.9573891869705043,0.6804500483533982,0.987901773144774,472,468,403,401,302,301,128,128,260,41586.474514360394,254,41051.46010085843,174,578353.3208048728,173,577353.3208048728,81,2637326.7907242943,81,2637326.7907242943,25,8876726.537405096,25,8876726.537405096,22,64228470.10982314,22,64228470.10982314,0.7722419928825622,0.7693693693693694
2026-01-17,66,0,0,0.0,0.0,11808319.885853412,14,3693000.0,4,1539069.0,0,0.0,48,6576250.885853412,33,37,43,6,5,1,564,78516394.23327175,139213.46495260947,1167.6721730336128,0.9576599574841543,0.6810044760376046,0.9877399743452154,29,31,37,6,5,0,556,78514220.11885825,141212.6261130544,1247.5691321261984,0.9570854152249917,0.6810233335343073,0.9877673255653098,474,469,405,402,303,302,131,131,261,41435.34234708223,254,40261.22793358027,172,565546.0653101178,171,564546.0653101178,82,2691056.288366231,82,2691056.288366231,27,9483357.580311,27,9483357.580311,22,65734998.95693732,22,65734998.95693732,0.7677304964539007,0.7643884892086331
2026-01-18,108,0,0,0.0,0.0,32897447.13544835,16,4126000.0,2,1301834.0,0,0.0,90,27469613.13544835,36,44,48,8,1,3,574,81340560.23327175,141708.2930893236,1239.8698290141497,0.9584920679462771,0.6860124961480738,0.987671799531972,29,36,40,8,1,2,565,80891813.29601075,143171.35096639072,1265.266292000139,0.9585407923208543,0.689818147103662,0.9878179953268912,481,475,411,408,310,308,132,131,264,41113.64536866656,257,40265.200058737915,178,590526.102024821,177,589526.102024821,82,2661077.7624542573,82,2661077.7624542573,28,9780255.489157066,27,9333356.997205988,22,68267587.23426694,22,68267587.23426694,0.7700348432055749,0.768141592920354
2026-01-19,190,0,0,0.0,0.0,27210751.023687027,23,1417000.0,2,238995.0,0,0.0,165,25554756.023687027,62,72,81,17,3,1,589,82518565.23327175,140099.4316354359,1265.266292000139,0.9613986777663238,0.7076223251133874,0.9870692057088479,55,65,73,17,3,1,580,82261908.50595398,141830.87673440343,1282.950405944989,0.9613747760334331,0.7098301030927597,0.9873360278657883,497,491,427,423,322,319,135,134,267,42952.035481628096,261,42154.55011493862,187,614971.6088315769,185,606010.8588315769,86,2874837.285411581,86,2874837.285411581,28,9127877.369020758,27,8880978.87706968,21,69857926.9345262,21,69857926.9345262,0.7707979626485568,0.7689655172413793
2026-01-20,154,0,0,0.0,0.0,12490750.985048851,15,3492002.0,6,536230.0,0,0.0,133,8462518.985048851,65,64,77,7,5,3,594,85474337.23327175,143896.19062840362,1266.4437895525648,0.963010173617934,0.7221850118223108,0.9873790817718889,58,56,69,7,5,3,585,85225344.21677385,145684.34908850232,1394.867635316321,0.9629328222748543,0.72429493612025,0.9875513446723354,500,494,432,428,326,324,135,134,268,42205.68210452584,261,41111.15755769861,191,626250.15649134,190,625250.15649134,86,2887378.5127498102,86,2887378.5127498102,29,9926183.223257124,28,9679284.731306046,20,71992319.65866897,20,71992319.65866897,0.7727272727272727,0.770940170940171
2026-01-21,115,0,0,0.0,0.0,9607629.556802338,15,1082000.0,4,214300.0,0,0.0,96,8311329.556802338,46,48,58,13,7,2,602,86342037.23327175,143425.31101872382,1269.8419050147527,0.9612896008596727,0.7041337846718732,0.9870023081700937,36,38,47,13,6,2,594,85921289.64256875,144648.63576190025,1433.457560783201,0.961391548439568,0.7075818543489663,0.9871649572292727,508,503,437,434,331,329,136,135,271,42298.179136900355,265,41472.25508850029,195,638750.15649134,194,637750.15649134,86,2903551.732549588,86,2903551.732549588,29,10495143.772612764,28,10076222.10595817,21,72262293.39248115,21,72262293.39248115,0.7740863787375415,0.7727272727272727
2026-01-22,170,0,0,0.0,0.0,20458499.40768113,21,4244629.766728246,8,2633887.0,0,0.0,141,13579982.640952883,56,62,74,15,4,2,615,87952780.0,143012.65040650408,1293.8382889654629,0.9604250956825283,0.6944915484708649,0.9859920953627025,50,54,66,15,4,1,606,87585594.54720357,144530.684071293,1491.2155422163128,0.9604219612106876,0.6974030682819354,0.986188654458184,520,514,447,443,339,337,144,143,276,43938.045052307185,269,42578.80100390712,195,635822.0805010579,194,634822.0805010579,93,3081563.3102672724,93,3081563.3102672724,29,10643046.25052431,28,10278220.04177627,22,73548410.31365505,22,73548410.31365505,0.7658536585365854,0.764026402640264
2026-01-23,161,0,0,0.0,0.0,18391536.87769598,25,4881200.0,4,516642.0,0,0.0,132,12993694.877695983,53,51,64,7,7,0,615,92317338.0,150109.49268292682,1293.8382889654629,0.9639965400730999,0.7214352034933034,0.986929123599015,48,46,58,7,5,0,608,92315498.21595159,151834.70101307827,1491.2155422163128,0.9636068415680293,0.7214495811980767,0.9869487924140417,519,515,446,444,339,338,143,143,276,43607.23578919873,270,42767.45174079866,196,644075.5015014671,195,643075.5015014671,96,3149977.052008666,96,3149977.052008666,25,9412752.745572865,25,9412752.745572865,22,79066925.4651278,22,79066925.4651278,0.767479674796748,0.7648026315789473
2026-01-24,131,0,0,0.0,0.0,33212698.774713434,10,934000.0,6,2250395.0,0,0.0,115,30028303.774713434,31,42,46,8,2,4,625,91000943.0,145601.5088,1500.0,0.951781989853072,0.6035266198667282,0.9850382581947964,26,35,39,8,2,3,617,88996088.0146845,144240.0129897642,1508.1189314013327,0.9521179672809686,0.6171225194377998,0.9849929260869438,529,524,457,454,348,346,150,149,277,43845.315978341925,271,42991.808407348144,198,649750.3816251585,197,645750.3816251585,94,3077785.6190877114,94,3077785.6190877114,29,12019766.26732834,29,12019766.26732834,27,75209795.41598044,26,73209793.93823592,0.76,0.7585089141004863
2026-01-25,85,0,0,0.0,0.0,8898206.735535422,11,2432855.0,5,3017999.0,0,0.0,69,3447352.7355354233,33,34,43,8,2,3,634,90415799.0,142611.67034700315,1500.0,0.9533978925260671,0.6164133705417091,0.9842999516416736,30,29,38,8,2,2,625,88410485.64558594,141456.7770329375,1508.1189314013327,0.9536606257374005,0.6303947493003029,0.9842434097952013,534,528,463,459,352,350,153,152,282,44460.285504347296,275,43148.40883480172,199,667694.5353941028,198,663694.5353941028,98,3204594.3856809926,98,3204594.3856809926,27,9722256.974008244,27,9722256.974008244,28,76776792.8194123,27,74776791.3416678,0.7586750788643533,0.7568
2026-01-26,206,0,0,0.0,0.0,50977731.08424549,14,2707000.0,4,448768.0000000031,0,0.0,188,47821963.08424548,65,70,84,20,4,1,651,92674031.0,142356.42242703534,1508.1189314013327,0.9532076366085008,0.6133025175067017,0.982983938403479,56,61,74,20,4,1,642,92168689.92142901,143564.93757231932,1538.696761378415,0.9532463930691625,0.6166651231372183,0.9832122578563208,548,542,476,472,363,361,160,159,288,45106.21490551479,281,43765.136334521005,203,681317.1934115768,202,677317.1934115768,104,3465718.402205871,104,3465718.402205871,29,10851877.047352253,28,10351877.047352253,27,77630012.14212479,27,77630012.14212479,0.7542242703533026,0.7523364485981309
2026-01-27,201,0,0,0.0,0.0,42707781.49739926,21,3594000.0,7,430070.0,0,0.0,173,38683711.49739926,61,63,77,11,13,1,650,95837961.0,147443.0169230769,1500.5,0.9552681286622896,0.6357330817103445,0.9841637057351368,55,56,70,11,12,1,642,95832756.26232174,149272.20601607749,1536.9702572506694,0.9547647161316981,0.6357676087765872,0.9842171562892125,545,540,474,471,361,360,156,156,289,44557.142123138736,282,43352.40444488844,205,691698.4515607693,204,687698.4515607693,101,3389369.246576832,101,3389369.246576832,29,11263374.779935053,29,11263374.779935053,26,80448961.37980421,26,80448961.37980421,0.76,0.7570093457943925
2026-01-28,148,0,0,0.0,0.0,45178814.466946684,24,6571000.0,8,3775192.0,0,0.0,116,34832622.466946684,52,59,72,16,1,1,666,98633769.0,148098.75225225225,1562.8135974939796,0.9536453281571614,0.6290027591813804,0.9827748547206269,47,52,65,15,1,1,657,98608298.01232177,150088.73365650192,1627.5838751097165,0.9531701577031677,0.629165233555765,0.9830287100930412,558,552,487,483,376,374,164,163,290,44661.89557584943,283,43190.907897599136,212,715053.3358231394,211,711053.3358231394,107,3555343.628094069,106,3535343.628094069,28,10414463.62566575,28,10414463.62566575,29,83904246.51484118,29,83904246.51484118,0.7537537537537538,0.7519025875190258
2026-01-29,136,0,0,0.0,0.0,10017073.924037896,22,2707600.0,3,794207.0,0,0.0,111,6515266.924037895,52,46,62,3,6,1,664,100547162.0,151426.4487951807,1544.2852372180819,0.9559074077185973,0.6380522899653427,0.9837368261022108,47,39,55,3,6,1,655,100519467.66232175,153464.83612568205,1562.421581591736,0.9554794178771081,0.6382280811427695,0.984007857579816,555,549,484,480,374,370,161,160,290,43345.5819777883,285,43291.69666701746,213,719483.2528254505,210,711842.800457971,107,3524114.8524357583,106,3504114.8524357583,25,9242537.683762435,25,9242537.683762435,29,87017680.62899858,29,87017680.62899858,0.7575301204819277,0.7557251908396947
2026-01-30,165,0,0,0.0,0.0,32145250.308470443,27,9789150.000000004,3,870000.0,0,0.0,135,21486100.30847044,58,60,73,7,4,1,668,109466312.0,163871.72455089822,1521.9665440341919,0.9558953538840583,0.628306763940553,0.9845989526818646,51,51,64,7,4,0,658,108979346.41376588,165622.10701180223,1538.696761378415,0.9559077895720951,0.6311143029991514,0.9850189809128447,556,549,484,479,374,369,162,160,294,43400.10428119342,289,43346.218970422575,212,706538.3799059219,209,700332.2275384425,105,3453101.8190340986,104,3433101.8190340986,26,9611513.77816958,25,9150808.229613695,31,95651757.91860922,31,95651757.91860922,0.7574850299401198,0.756838905775076
2026-01-31,128,0,0,0.0,0.0,45783174.337454386,14,594995.0,3,156500.0,0,0.0,111,45031679.337454386,53,51,63,7,4,0,671,109904806.99999999,163792.55886736212,1505.0,0.9573964053406515,0.6408565544326619,0.985229999523746,46,44,55,7,2,0,663,109879643.46232173,165730.9856143616,1535.8141566670508,0.9570192430669396,0.6410033169952776,0.9854556270506798,557,552,487,484,373,370,159,158,298,44924.495866988655,293,44870.61055621782,214,722630.4624373423,212,717520.8100698628,104,3342612.9798482936,103,3322612.9798482936,25,9488089.46685839,25,9488089.46685839,30,96306549.594989,30,96306549.594989,0.7630402384500745,0.7616892911010558
2026-02-01,192,0,0,0.0,0.0,94822505.019064,15,3477350.0,5,709495.0,0,0.0,172,90635660.019064,65,60,78,8,9,2,672,112672662.0,167667.6517857143,1521.9665440341919,0.9559537065129371,0.6131406158811328,0.9855795881480973,59,52,70,8,9,1,663,106298849.48134305,160330.08971544955,1535.8141566670508,0.9563973256911471,0.6256093477695264,0.985378186296391,558,552,488,484,374,370,160,157,298,44932.48870998625,293,44878.60339921542,214,716092.819146659,213,713145.5705457426,103,3232214.484879439,102,3212214.484879439,26,10731489.273777645,25,9953723.264462277,31,97947932.93348628,30,92374887.55805637,0.7619047619047619,0.7631975867269984
2026-02-02,207,0,0,0.0,0.0,65292929.9841405,27,4400000.0,8,2753000.0,0,0.0,172,58139929.9841405,68,69,81,11,5,1,679,114319662.0,168364.74521354935,1500.0,0.9626700935221119,0.6917173234663084,0.9867892164753198,60,61,72,11,5,0,669,101118184.57339647,151148.25795724435,1500.0,0.9612528815815394,0.6846312911090254,0.9857415050894464,562,555,491,486,374,369,157,154,305,47640.06112020891,300,47586.175809438064,217,717517.4292143417,215,709736.5333514919,104,3144365.2427348355,103,3124365.2427348355,25,9389749.296799706,24,8789749.296799706,28,101020389.9701309,27,88446747.324701,0.7687776141384389,0.7698056801195815
2026-02-03,208,0,0,0.0,0.0,31033810.377035175,30,5182000.0,8,1240153.81533098,0,0.0,170,24611656.561704192,68,72,85,22,10,0,691,118261508.18466903,171145.45323396387,1501.0,0.9612162048452784,0.6796260487514479,0.9862390722495082,59,65,75,22,9,0,682,105491286.5428655,154679.3057813277,1503.0,0.9596920797023235,0.6706934697763512,0.985239210921926,574,568,500,496,381,377,162,159,310,48706.24178157386,305,48652.35647080302,219,723810.9605050243,218,720353.0146421746,105,3225383.3328507235,104,3205383.3328507235,27,9795117.057322811,26,9395117.057322811,30,104468490.59220889,29,92121780.78157899,0.7655571635311144,0.7668621700879765
2026-02-04,231,0,0,0.0,0.0,37030918.83790898,26,5745000.0,4,1732500.0,0,0.0,201,29553418.837908987,70,72,83,12,6,1,698,122274008.18466902,175177.66215568627,1477.2392853413535,0.9639444708146006,0.6961416491178579,0.9869684790842354,59,62,71,12,5,1,690,110818729.65368702,160606.85457056088,1491.2155422163128,0.9626410680766418,0.6896032300397941,0.9860483602219992,580,575,503,500,381,378,159,157,317,49758.100539956795,312,49704.21522918595,222,737414.711345307,221,733521.9067129783,103,3138627.6231577224,102,3118627.623157723,28,10453991.620350808,28,10453991.620350808,28,107894216.12927522,27,96462884.28823632,0.7722063037249284,0.7724637681159421
2026-02-05,189,0,0,0.0,0.0,17564427.937621232,27,3691050.0,2,833000.0,0,0.0,160,13040377.93762123,70,71,84,10,4,2,706,125132058.18466902,177240.8756156785,1491.2155422163128,0.9650081750485449,0.7057043182553658,0.986602127835188,59,59,72,10,4,2,698,113676720.20368701,162860.63066430803,1500.0,0.963839079629864,0.699583087364186,0.9856723772007618,586,581,511,508,386,383,163,161,320,50969.163564110175,315,50915.27825333934,223,744687.9718049509,222,740735.7171726222,109,3483367.825578144,108,3463367.825578144,25,8844710.317238785,25,8844710.317238785,29,112008322.90648304,28,100576991.06544413,0.7691218130311614,0.7693409742120344
2026-02-06,207,0,0,0.0,0.0,34191169.629578255,41,5822000.0,3,1054999.0,0,0.0,163,27314170.629578255,63,71,81,13,3,1,717,129899059.18466902,181170.23596188147,1505.0,0.9639876940328609,0.6927309669058559,0.9858638705280431,56,63,73,13,3,1,709,118443042.52686985,167056.47747090246,1508.1189314013327,0.9627759929293442,0.6868717334674014,0.9849410966669712,597,592,521,518,395,392,171,169,322,51546.2923114859,317,51492.40700071506,224,742044.8407683508,223,737413.9093188616,114,3630086.1218669773,113,3610086.121866978,27,9727976.896586841,27,9727976.896586841,30,115747405.03313535,29,104316073.19209646,0.7615062761506276,0.7616361071932299
2026-02-07,129,0,0,0.0,0.0,40869982.65718683,16,2926000.0,5,1729043.0,0,0.0,108,36214939.65718683,50,49,62,10,6,3,724,131096016.18466903,181071.84555893514,1500.0,0.9635389110385086,0.6804694563029127,0.9862042760837448,43,42,54,10,6,2,715,119662074.02686986,167359.54409352428,1501.0,0.9624017285439764,0.6787391723447981,0.985317698894133,601,595,524,520,396,393,169,167,328,52345.62308078691,322,52169.23777001607,227,753677.4283773366,226,749043.4969278474,113,3545487.4318993483,112,3525487.4318993483,24,8396203.738034865,24,8396203.738034865,32,118348301.96327668,31,106939170.12223779,0.7665745856353591,0.7664335664335664
2026-02-08,106,0,0,0.0,0.0,33842096.043805175,8,288500.0,3,119489.0,0,0.0,95,33434107.043805175,39,42,53,7,7,1,725,131265027.18466902,181055.2099098883,1472.047486250081,0.9651828510313021,0.7045070591154268,0.9859676716535891,30,34,43,7,6,1,717,119841067.28952713,167142.35326293882,1482.4310844326258,0.9640930180571113,0.7000047415493624,0.9850696996117995,602,597,524,521,395,392,170,168,330,53003.431832499264,325,52949.54652172843,225,741230.0092107308,224,736555.8404185285,115,3749758.138540118,114,3729758.1385401175,24,8514064.302329779,24,8514064.302329779,31,118206971.30275589,30,106807739.461717,0.7655172413793103,0.7656903765690377
2026-02-09,115,0,0,0.0,0.0,13165158.980266742,13,448010.0,4,836624.0,0,0.0,98,11880524.980266742,44,44,55,12,3,0,734,130876413.18466902,178305.740033609,1477.2392853413535,0.9655112920017734,0.7065293540713216,0.9855777423790223,39,39,49,12,3,0,726,124452436.33652712,171422.08861780594,1491.2155422163128,0.9655013723387608,0.7140897145528956,0.985259392268597,607,602,528,525,400,397,173,171,334,51882.06933380256,329,51828.18402303172,227,742550.5956551002,226,737859.473862898,119,3882197.6047582924,118,3862197.604758292,24,9011922.208208052,24,9011922.208208052,30,117187860.70671378,29,110788628.86567487,0.7643051771117166,0.7644628099173554
2026-02-10,183,0,0,0.0,0.0,18464393.559549656,21,3435000.0,9,2010300.0,0,0.0,153,13019093.559549654,64,69,80,11,4,1,742,132301113.18466903,178303.38704133293,1282.950405944989,0.965563652748191,0.6896226028041883,0.9858366473345463,55,59,69,11,4,0,733,125883321.65767577,171737.13732288647,1472.047486250081,0.9655639841015757,0.7048487430914795,0.985537362377635,618,612,536,532,403,400,173,171,339,54701.891631389684,333,54381.337469236685,230,750071.4684263195,229,745132.3366341172,118,3713882.0702607213,117,3693882.0702607213,25,8938591.830540318,25,8938591.830540318,30,118843865.92381027,29,112451334.08277138,0.7668463611859838,0.7667121418826739
2026-02-11,220,0,0,0.0,0.0,51953533.024615206,20,2291000.0,3,2053530.0,0,0.0,197,47609003.024615206,63,65,77,7,5,2,746,132538583.18466902,177665.66110545443,1477.2392853413535,0.9634602253191566,0.6623930173015243,0.9857945802512844,52,52,64,7,5,1,736,125184460.49531725,170087.58219472453,1491.2155422163128,0.9640152671153563,0.6812626320024953,0.985610100022816,617,610,535,530,407,403,173,170,339,52373.112123154715,333,51943.96562458067,234,763575.0485303376,233,757606.7719388179,117,3614138.755495827,116,3594138.755495827,25,9377416.059550028,24,8442222.634327244,31,118731080.20896968,30,112338548.36793077,0.7680965147453083,0.7690217391304348
2026-02-12,143,0,0,0.0,0.0,14522359.294354366,21,3800000.0,7,1495554.0,0,0.0,115,9226805.294354366,46,53,62,13,4,0,755,134843029.18466902,178600.03865519076,1482.4310844326258,0.9641026257813692,0.6595005898870113,0.9860504149778995,41,47,55,13,3,0,746,127025692.85592544,170275.7276889081,1491.2155422163128,0.9647733532690049,0.6803341777930689,0.9857937454293607,624,618,540,536,412,408,175,172,343,52896.32844393846,338,52817.181945364406,237,776266.8441432596,236,770090.7675517399,119,3504884.051476576,118,3484884.051476576,24,8163222.634327242,24,8163222.634327242,32,122345759.326278,30,114554678.22062454,0.7682119205298014,0.7694369973190348
2026-02-13,85,0,0,0.0,0.0,10156020.979703924,15,1975000.0,4,1496000.0,0,0.0,66,6685020.979703925,36,36,44,3,2,2,758,135322029.18466902,178525.10446526256,1491.2155422163128,0.9620065983139394,0.6390846494814687,0.9857581128097609,32,32,40,3,2,2,749,127504692.85592547,170233.23478761746,1500.0,0.9626190873376184,0.6585882662513551,0.9855038559224522,627,621,542,538,414,410,176,173,344,52844.18562333001,339,52765.03912475596,238,770479.0969524153,237,764303.0203608954,116,3300530.0602402617,115,3280530.060240262,26,9279241.417147156,26,9279241.417147156,34,121918934.42470586,32,114127853.31905237,0.7678100263852242,0.7690253671562083
2026-02-14,120,0,0,0.0,0.0,42013446.75192391,7,198500.0,3,728505.0,0,0.0,110,41086441.75192391,43,45,53,5,4,1,760,134792024.18466902,177357.926558775,1275.4865037416507,0.9670898215957797,0.6913123271840276,0.9866809159652428,35,35,43,5,3,0,751,128372365.25241053,170935.24001652535,1293.8382889654629,0.967132815816591,0.7057988283944576,0.9864114118994439,623,617,539,535,411,408,170,168,349,52913.839789617574,343,51970.82516155925,241,784811.9519748257,240,778627.8753833058,114,3277480.27045479,113,3257480.27045479,25,8338672.284606945,25,8338672.284606945,31,122338145.83784285,30,115945613.99680394,0.7763157894736842,0.7762982689747004
2026-02-15,78,0,0,0.0,0.0,2828441.928559171,9,1209000.0,0,0.0,0,0.0,69,1619441.9285591708,28,29,36,5,6,2,761,136001024.18466902,178713.5666027188,1309.9108180120184,0.9664495991222669,0.6870612860257865,0.9864361443445206,23,23,30,5,5,2,753,129582227.72054003,172087.95182010627,1467.607585572017,0.9665036075188681,0.7011973574148366,0.986164859477872,624,619,541,538,414,411,172,170,347,52177.952198173414,342,52098.80569959936,242,786217.6634234767,241,780032.186831957,114,3274561.574736202,113,3254561.574736202,27,9292270.5042748,27,9292270.5042748,31,122595796.49003637,30,116203264.64899747,0.7739816031537451,0.7742363877822045
2026-02-16,179,0,1,0.0,56961308.81533098,100744554.41272432,23,1965528.0,3,215515.0,0,0.0,152,98563511.41272432,41,47,52,7,2,2,768,137751037.18466902,179363.3296675378,1500.0,0.96105723451669,0.615997159638645,0.9853418473181627,34,39,44,7,2,1,759,129478048.69184422,170590.3144820082,1500.0,0.9616915880630752,0.6359773837594959,0.9850697558793706,632,626,549,545,422,418,178,175,346,52178.448546351545,341,52099.3020477775,244,789455.6634234767,243,783212.186831957,116,3404201.608111036,115,3384201.608111036,27,9745800.853180196,27,9745800.853180196,35,123759400.61140795,33,115512734.74167322,0.7682291666666666,0.769433465085639
2026-02-17,162,0,0,0.0,0.0,32196762.831696596,20,763300.0,3,1811030.0,0,0.0,139,29622432.831696596,43,45,52,8,5,1,772,136703307.18466902,177076.8227780687,1500.0,0.9616023296960823,0.6296798723457793,0.9846465506751931,36,37,44,8,5,1,763,128820123.72381435,168833.71392374096,1500.0,0.9621875597213178,0.6487354740843898,0.9843799291077996,636,630,554,550,427,423,180,177,345,52463.13576045446,340,52383.989261880415,247,801570.92907313,246,795253.8524816103,118,3612406.875522331,117,3592406.875522331,27,8642270.890620543,27,8642270.890620543,35,123594595.35369255,33,115737808.11592798,0.7668393782383419,0.7680209698558322
2026-02-18,139,0,0,0.0,0.0,35203952.92482096,17,2012700.0,3,76979.0,0,0.0,119,33114273.924820956,44,46,56,12,4,2,782,138639028.18466902,177287.7598269425,1477.2392853413535,0.9627848528024329,0.6401590348802435,0.9849464617906312,37,39,47,12,4,1,772,131695583.58778265,170590.1341810656,1491.2155422163128,0.9631165501513969,0.6549338037613919,0.9848119133301275,642,635,560,555,430,426,178,175,352,52967.69964418345,346,52845.08540816019,252,816208.9863745394,251,809819.2414887571,115,3547634.1273752595,114,3527634.127375259,29,9420171.952163778,28,8885771.55543811,34,124802045.41911124,33,118419513.57807234,0.7723785166240409,0.7733160621761658
2026-02-19,160,1,0,210000000.0,0.0,13687616.156816298,19,1961581.0,5,835465.0,0,0.0,135,10890570.156816298,52,52,65,11,7,2,788,139765144.18466902,177366.93424450382,1500.0,0.9631804070400741,0.6398492941201849,0.985027028482062,43,44,55,11,5,2,780,133355963.72539878,170969.18426333176,1500.0,0.9631791803342635,0.6518605500572757,0.9847315898897965,651,646,567,563,435,432,180,178,353,54181.460405997685,348,54050.83605737617,255,816470.5187120296,254,809952.5248293132,119,3613841.303400026,118,3593841.303400026,27,9800903.113305973,27,9800903.113305973,34,125479747.78884499,33,119097215.94780608,0.7715736040609137,0.7717948717948718
2026-02-20,109,0,0,0.0,0.0,7619455.769958951,12,324000.0,7,1779067.0,0,0.0,90,5516388.769958951,32,32,38,6,1,1,794,138310077.18466902,174194.0518698602,1500.0,0.9639468751606084,0.643848721502228,0.9849568818525961,28,27,33,6,1,1,786,131900842.72539878,167812.77700432413,1500.0,0.963961467850715,0.6561870841470181,0.984654461554952,658,653,573,569,440,437,180,178,354,54589.190500769575,349,54458.566152148065,260,830968.271559963,259,824396.2776772466,120,3534549.965445646,119,3514549.9654456456,27,9800903.113305973,27,9800903.113305973,33,124089066.64385667,32,117706534.80281776,0.7732997481108312,0.7735368956743003
2026-02-21,108,0,0,0.0,0.0,60703804.48888115,10,1273000.0,5,1240000.0,0,0.0,93,58190804.48888115,38,38,43,5,3,1,797,138343077.18466902,173579.77062066377,1500.0,0.9635197296959757,0.6401287231232233,0.9851438256103459,33,32,37,5,3,1,789,131933839.72539878,167216.5269016461,1500.0,0.9635120459917724,0.6522833000886483,0.9848414836371641,661,656,575,571,441,438,178,176,356,55131.35807597427,351,55000.73372735276,263,844882.9130334568,262,838307.9191507403,118,3477557.4487561467,117,3457557.4487561467,26,9369827.836010693,26,9369827.836010693,34,124595677.62879275,33,118213145.78775385,0.7766624843161857,0.7769328263624842
2026-02-22,68,0,0,0.0,0.0,42109642.834467076,8,1943000.0,3,2090000.0,0,0.0,57,38076642.834467076,25,25,28,4,0,0,801,138196077.18466902,172529.43468747693,1500.0,0.9643638895244715,0.6456068788341193,0.9846986809844626,21,20,23,4,0,0,793,131786835.72539878,166187.68691727464,1501.0,0.964335561323726,0.6575172296214451,0.9843834941989342,664,659,577,573,444,441,181,179,357,54938.035677675754,352,54807.411329054245,263,837954.5904473416,262,831375.5965646252,120,3514189.7163248155,119,3494189.716324816,27,9162627.34654212,27,9162627.34654212,34,124626367.49567707,33,118243835.65463816,0.7740324594257179,0.7742749054224464
2026-02-23,129,0,0,0.0,0.0,55265105.41965445,11,1073000.0,6,1598485.0,0,0.0,112,52593620.41965445,47,45,57,7,5,1,804,137670592.18466902,171232.0798316779,1500.0,0.9643450176404456,0.6449838415414934,0.9851383028408354,43,40,52,7,5,1,796,131261239.44539878,164901.0545796467,1500.5,0.9643674154963289,0.657438332880799,0.9848227579252476,665,660,577,573,444,441,180,178,360,55014.14478720391,355,54883.5204385824,264,844006.1903837147,263,837315.9165009982,121,3514060.1397381113,120,3494060.1397381118,25,8223904.017566829,25,8223904.017566829,34,125033607.69219315,33,118651075.85115424,0.7761194029850746,0.7763819095477387
2026-02-24,229,0,0,0.0,0.0,26088309.300255537,15,3792000.0,14,4331615.0,0,0.0,200,17964694.300255537,69,76,87,10,3,4,815,137130977.18466902,168258.86771125032,1498.0,0.963849449522585,0.640189247653736,0.9846960864334343,62,68,78,10,3,3,806,130731896.98139878,162198.38335161138,1500.0,0.963791597414327,0.6521262862159831,0.9843778732404087,669,663,583,578,446,443,180,178,369,56538.01314021974,363,55532.38879159822,266,857014.4552511945,265,850311.717368478,119,3542531.2333156276,118,3522531.2333156276,26,8584909.755169082,26,8584909.755169082,35,124089983.72779289,34,117718611.88675398,0.7791411042944786,0.7791563275434243
2026-02-25,183,0,0,0.0,0.0,31454175.21582873,24,2696000.0,8,3001505.0,0,0.0,151,25756670.21582873,63,69,82,14,6,4,827,136825472.18466902,165447.97120274368,1500.0,0.9639680674063742,0.6408231984990898,0.9833098221375723,57,64,75,14,5,4,819,130527742.58139879,159374.533066421,1500.0,0.9639444105026136,0.6530823592765569,0.9829401551532564,678,673,590,586,453,450,187,185,374,56198.802603798154,369,56068.17825517665,266,852439.620610398,265,845712.4827276815,125,3913402.0019823685,124,3893402.0019823685,28,9022335.929436954,28,9022335.929436954,34,122981095.83003551,33,116710223.9889966,0.7738814993954051,0.7741147741147741
2026-02-26,190,0,0,0.0,0.0,40467545.4153347,19,1437244.0,3,568900.0,0,0.0,168,38461401.4153347,63,76,83,9,3,7,840,137693816.18466902,163921.2097436536,1500.0,0.9626155357705234,0.6292974199592379,0.9819052882723941,56,66,73,8,3,5,829,130925509.13718994,157931.85661904697,1500.0,0.9627906658207661,0.6435941081531283,0.981701732614148,689,682,599,593,461,457,195,192,379,57007.63214615382,372,56614.50779753231,266,846642.2053938382,265,839902.8955111218,129,3972484.3185191257,128,3952484.3185191257,32,10819065.98703339,31,10348763.214824544,34,121998616.04157652,33,115727744.2005376,0.7678571428571429,0.7683956574185766
2026-02-27,221,0,0,0.0,0.0,21413553.7536277,15,742300.0,10,1414221.0,0,0.0,196,19257032.7536277,64,58,74,8,5,0,843,137021895.18466902,162540.80093080548,1501.0,0.9634659694022094,0.6395273843706416,0.9823766646411446,56,50,65,8,5,0,832,130416195.54288498,156750.235027506,1504.5594657006664,0.963609720674794,0.6535437638139036,0.9822240778794484,691,684,600,594,463,458,193,190,380,56907.429613416396,374,56776.805264794886,270,870815.5742427851,268,856118.3978462599,128,3885602.965787201,127,3865602.965787201,32,11015966.255282205,31,10715966.255282205,33,121192602.95974343,32,114921731.1187045,0.7710557532621589,0.7716346153846154
2026-02-28,134,0,0,0.0,0.0,39700727.03900201,5,1133000.0,4,2568000.0,0,0.0,125,35999727.03900201,51,47,60,11,5,0,849,135586895.18466902,159701.87889831452,1482.4310844326258,0.9642385426904385,0.6409634496133453,0.9825799460084054,43,40,52,11,4,0,839,128989070.54288496,153741.44284014893,1498.0,0.9644059662906256,0.655169316072086,0.9823652762753028,696,690,603,598,463,459,191,188,386,58673.18806514525,380,58542.56371652375,272,870834.5453748703,271,864012.3689783453,126,3730515.7227875036,125,3710515.7227875036,31,9285714.693622116,30,8985714.693622116,34,121641157.03481938,33,115370285.19378048,0.7750294464075382,0.7759237187127532
2026-03-01,104,0,0,0.0,0.0,36195318.48325573,17,1021000.0,5,2409500.0,0,0.0,82,32764818.48325573,42,41,50,5,6,1,849,134198395.18466902,158066.42542363843,1278.9104845587865,0.9677728308314664,0.6929926423580826,0.9829595408081134,36,34,43,5,6,1,839,119746022.8292276,142724.69943888867,1280.0112019304845,0.9665054880664367,0.6910254376658183,0.9816294525046722,694,688,599,594,458,454,188,185,391,59029.226067459706,385,58898.6017188382,270,871204.6204410292,269,864224.4437445041,128,3931990.05978489,127,3911990.0597848897,32,9617147.537604196,31,9317147.537604198,28,119719023.74077146,27,105593762.18637517,0.7785630153121319,0.7794994040524433
2026-03-02,168,0,0,0.0,0.0,53787516.409309626,21,3457500.0,3,772719.0,0,0.0,144,49557297.409309626,53,59,65,9,4,1,855,136883176.18466902,160097.2820873322,1440.7708012931412,0.9669153904225822,0.6840782497059535,0.9824745036928751,44,51,55,9,3,1,846,123036193.8292276,145432.85322603735,1469.827535911049,0.965404300967071,0.6802327699590183,0.9809687449406835,702,697,605,601,462,459,193,191,393,60266.71126465064,387,60136.08691602913,269,871334.6092390987,268,864344.4325425735,132,4151846.824388263,131,4131846.824388263,32,10440401.199643467,32,10440401.199643467,29,121359326.84013353,28,107539465.28573728,0.7742690058479532,0.7742316784869976
2026-03-03,301,0,0,0.0,0.0,34581984.24888199,28,5614500.0,8,2075537.0,0,0.0,265,26891947.248881985,82,96,106,17,9,3,866,140422139.18466902,162150.2761947679,1477.2392853413535,0.9664613935257995,0.6815138119277618,0.9815299770641928,73,85,94,16,9,1,854,126814615.23310201,148494.86561253163,1499.0,0.9651545914516105,0.6793702409734245,0.98033706612981,712,704,616,609,470,466,197,194,396,61596.29755441123,388,60344.11544855818,273,887060.2994963326,272,879253.5219998076,134,4508620.975051529,133,4488620.975051528,32,9531285.064868744,31,9372681.627300372,31,125433576.547698,30,112013714.99330173,0.7725173210161663,0.7728337236533958
2026-03-04,125,0,0,0.0,0.0,14624177.908722376,18,2117839.0,4,2568116.0,0,0.0,103,9938222.908722376,39,45,54,13,2,2,879,139971862.18466902,159239.88871975997,1498.0,0.9654673455043786,0.6751818032049384,0.9792311004282294,30,37,44,13,1,2,868,128208145.80576986,147705.2371034215,1500.0,0.9646288533953508,0.6782790759224481,0.9783303461343869,722,715,626,620,479,475,206,203,400,62811.93541906232,393,61691.00331320928,273,882916.2277598276,272,875101.7536416855,138,4639640.909858314,137,4619640.909858314,37,10159509.620139148,36,9844590.201860266,31,124226983.49149267,30,112807121.9370964,0.7656427758816837,0.7661290322580645
2026-03-05,237,0,0,0.0,0.0,27286155.820193972,17,3375000.0,6,1870181.0,0,0.0,214,22040974.820193972,61,94,100,34,4,2,911,141476681.18466902,155298.22303476292,1562.421581591736,0.963237793569587,0.6564269548290426,0.9718241813413683,53,85,90,34,4,2,900,130070077.49271491,144522.3083252388,1564.740234917425,0.9626493355529765,0.6656396960486868,0.9705220902054035,756,749,658,652,507,503,233,230,404,63462.44034305711,397,62341.50823720408,274,884792.2440603443,273,876937.7699422021,166,6127697.838810148,165,6107697.838810148,35,9478968.790366352,35,9478968.790366352,32,124921759.87108912,30,113544131.58535902,0.7442371020856202,0.7444444444444445
2026-03-06,201,0,0,0.0,0.0,10916654.444235748,18,731325.0,8,2043498.0,0,0.0,175,8141831.444235748,69,77,92,20,6,1,926,140164508.18466902,151365.55959467497,1504.5594657006664,0.9638831367096687,0.6648322340158611,0.9713080550015545,57,65,79,20,6,1,915,129441074.49273492,141465.65518331685,1535.8141566670508,0.9631756411800244,0.6713215514054891,0.9701057406037832,769,762,670,664,510,506,233,230,416,64627.86052713721,409,63506.928421284174,277,893287.1111271393,276,885412.6370289971,164,5969278.454782896,163,5949278.454782896,38,10261609.308792453,37,9681968.790366352,31,122975705.44943939,30,112860907.68213539,0.7483801295896328,0.7486338797814208
2026-03-07,99,0,0,0.0,0.0,32658293.86288347,6,1993000.0,3,433626.0,0,0.0,90,30231667.86288347,42,39,49,4,4,4,930,141723882.18466902,152391.27116631076,1504.5594657006664,0.9653926273447616,0.687492903090383,0.9716045519622016,32,29,38,4,3,3,919,131001492.99954233,142547.87051092746,1508.1189314013327,0.9646985739401935,0.690301487983038,0.970512700568224,771,764,671,665,512,507,234,231,418,63916.86213448377,412,63552.2157684123,278,896378.0324746652,276,884216.0583765229,165,6000713.042810775,164,5980713.042810775,38,10364386.308792453,37,9784745.790366352,31,124398487.93845664,30,114288265.89222026,0.7483870967741936,0.7486398258977149
2026-03-08,115,0,0,0.0,0.0,10135552.56297713,8,1101500.0,5,538384.0,0,0.0,102,8495668.56297713,45,41,54,5,7,2,930,142286998.184669,152996.77224157954,1490.2155422163128,0.9668361631917061,0.6973786708407586,0.9734279168428841,38,35,47,5,6,2,920,131568896.49954231,143009.67010819816,1499.0,0.9662506632902046,0.7009580719366509,0.9723899574738177,766,760,665,660,505,501,226,223,425,64132.239145124884,419,63767.592779053426,279,908205.0108749346,278,900330.5367767924,158,5814125.764787916,157,5794125.764787915,38,10308292.759836037,37,9728652.241409937,30,125192242.41002502,29,115082020.36378862,0.7569892473118279,0.7576086956521739
2026-03-09,444,0,0,0.0,0.0,151832141.45895103,13,1113000.0,6,767648.0,0,0.0,425,149951493.45895103,81,92,103,12,4,5,943,142632350.18466902,151253.81779922484,1500.0,0.9638518062103308,0.6432125643924558,0.9698170085460218,67,78,88,12,4,5,933,128663258.90049218,137902.74265861968,1500.0,0.9630499702768444,0.658580378858097,0.9680556639691134,777,771,675,670,518,514,235,232,425,62973.181886960294,419,62608.53552088883,283,930466.2134061791,282,921643.5080503623,162,5975962.032871179,161,5955962.032871179,41,10257592.91685789,41,10257592.91685789,32,125405355.83964682,30,111465451.90719186,0.750795334040297,0.7513397642015005
2026-03-10,130,0,0,0.0,0.0,16045860.353798509,16,767452.0,7,4927000.0,0,0.0,107,10351408.353798509,56,63,81,20,5,1,959,138472802.18466902,144392.9115585704,1501.0,0.9626156602586665,0.6387919975496165,0.9657611046515018,48,56,72,20,5,1,949,125823060.90052217,132584.89030613506,1508.1189314013327,0.961815800034047,0.6550300053835493,0.9641407672120657,792,786,687,682,527,523,242,239,432,64038.79720716492,426,63674.150841093455,285,931311.9017132618,284,922439.1963874451,168,6345805.083693748,167,6325805.083693748,42,10362908.095167903,42,10362908.095167903,32,120768738.30688694,30,108148234.374432,0.7476538060479666,0.7481559536354057
2026-03-11,129,0,0,0.0,0.0,11908792.743372858,19,1978000.0,6,1964591.0,0,0.0,104,7966201.743372857,51,52,66,14,3,2,972,138486211.18466902,142475.52591015332,1504.5594657006664,0.961243544435964,0.636888131877267,0.9615991475156959,46,48,60,14,3,2,962,128371994.96959162,133442.8222137127,1521.9665440341919,0.9608066499478253,0.6519982287902143,0.9603593477196782,804,798,699,694,535,531,248,245,437,65086.72449382896,431,64722.07812775749,287,948079.9738587749,286,939205.668532958,173,6804821.86846008,172,6784821.86846008,42,11154577.89264248,42,11154577.89264248,33,119513644.72521386,31,109428667.46182834,0.7448559670781894,0.7453222453222453
2026-03-12,174,0,0,0.0,0.0,14618437.447505802,21,507000.0,3,115951.0,0,0.0,150,13995486.447505802,51,69,84,19,8,2,985,138877260.18466902,140992.14231946092,1604.4302498489417,0.9604378043650024,0.6294212045343419,0.9578414138343568,41,59,72,18,8,1,973,129921413.67748433,133526.63276205995,1644.3786427747834,0.9600757133672054,0.6427884290841264,0.9567068157824437,817,810,713,707,550,546,253,250,435,65072.80046115564,427,63814.86198781028,297,978975.5232150804,296,970076.2178892635,177,7210820.616267602,176,7190820.616267601,43,11126177.89264248,43,11126177.89264248,33,119496213.35208271,31,110570524.08869718,0.7431472081218274,0.7430626927029804
2026-03-13,171,0,0,0.0,0.0,12338884.257452136,30,2135704.0,11,2280397.0,0,0.0,130,7922783.257452137,64,77,91,23,5,3,1006,138732567.18466902,137905.1363664702,1687.942204484607,0.9603845702479493,0.6416632667482577,0.9540245456331152,53,66,78,23,5,2,993,131281693.97748435,132207.14398538202,1890.3065678931212,0.9600720210988377,0.6527527840434407,0.953168574523004,836,828,730,724,565,561,260,257,441,66227.88609375994,432,64952.447620414576,305,997583.2417946004,304,988674.7364687836,184,7714481.6839111615,183,7694481.683911162,44,11999345.07140249,43,11080551.18518394,32,117954929.30146702,31,111453033.92430004,0.7415506958250497,0.7411883182275931
2026-03-14,163,0,0,0.0,0.0,52033019.756057166,19,1837900.0,6,2124030.0,0,0.0,138,48071089.756057166,52,57,66,10,8,2,1010,138446437.18466902,137075.6803808604,1912.569275191849,0.9600697936764109,0.648234004016451,0.9509818550586725,38,44,51,10,7,2,998,133689386.50900126,133957.3011112237,1930.0359853375244,0.9600998801478534,0.6625985903021693,0.9509602654808431,841,834,737,731,570,566,265,262,440,66204.40830425922,432,64946.46983091388,305,1002723.4181186307,304,993685.8544938347,187,7917459.698105626,186,7897459.698105627,46,11824828.639826592,45,11386860.350273259,32,117635221.02031392,31,113346434.13629763,0.7376237623762376,0.7374749498997996
2026-03-15,64,0,0,0.0,0.0,1626525.4972975936,16,379000.0,1,700000.0,0,0.0,47,547525.4972975937,24,40,43,15,1,1,1025,138125437.18466902,134756.52408260392,1953.703783323957,0.9602005628736832,0.6512408238939108,0.949631635768822,21,37,40,15,1,1,1013,133368386.50900126,131656.84749161033,1999.9999999970435,0.9602134742662697,0.6657472325951392,0.949561833927143,856,849,751,745,583,579,267,264,442,66560.90605475151,434,65302.96758140615,316,1037498.7116984682,315,1028461.1480736723,188,7953092.711954895,187,7933092.711954895,48,12525828.639826592,47,12087860.350273259,31,116542456.21513432,30,112253669.33111803,0.7395121951219512,0.7393879565646594
2026-03-16,169,0,0,0.0,0.0,43203790.940261304,19,3022800.0,3,1766519.0,0,0.0,147,38414471.940261304,47,60,73,14,3,2,1038,139381718.18466902,134279.11193128038,1954.8322947902248,0.9584024441238498,0.6124861192073041,0.9476650917385022,43,55,67,14,3,2,1026,132423100.48219925,129067.34939785503,1999.9999999985216,0.9583642500204639,0.6382761455536831,0.946654428821684,866,859,762,756,592,588,274,271,446,68194.25267786703,438,66936.31420452168,318,1041222.984025327,317,1032137.4204005311,197,8485112.197821403,196,8465112.197821403,44,11136881.993774025,44,11136881.993774025,33,118650306.7563704,31,111722032.55599877,0.7360308285163777,0.7358674463937622
2026-03-17,123,0,0,0.0,0.0,12511882.415832698,14,2576000.0,4,1963964.0,0,0.0,105,7971918.415832698,47,64,78,24,3,1,1060,139993754.18466902,132069.57941949906,2000.0,0.9568112694980304,0.6034705701370129,0.9423490331236093,41,59,72,24,3,1,1048,134738251.01753184,128567.03341367542,2000.0,0.9569732239078022,0.6259339758027689,0.9418099038387875,886,879,780,774,611,607,281,278,449,67532.69250149053,441,66274.75402814518,330,1059689.487244826,329,1050603.92362003,202,9043553.105655633,201,9023553.105655633,44,11061043.403122839,44,11061043.403122839,35,118761935.49614424,33,113536775.8311052,0.7349056603773585,0.7347328244274809
2026-03-18,137,0,0,0.0,0.0,20283843.421750296,16,3611500.0,7,4130847.0,0,0.0,114,12541496.421750296,40,46,56,10,3,1,1068,139474407.18466902,130594.01421785488,2000.0,0.9566568690505892,0.6075561150744793,0.9398416384164563,35,41,50,10,3,1,1056,134459271.92947656,127328.8559938225,2000.0,0.9568366380980629,0.6302170744006306,0.9393111904454787,892,885,784,778,614,610,283,280,454,67236.45776646455,446,65978.5192931192,331,1071270.9105121489,330,1062150.176887353,204,9352044.450787101,203,9332044.450787101,45,11393463.692023214,45,11393463.692023214,34,117590391.67358008,32,112605635.09048575,0.7350187265917603,0.7348484848484849
2026-03-19,247,0,0,0.0,0.0,22301996.35743863,29,5954000.0,6,1643534.0,0,0.0,212,14704462.357438631,80,92,108,14,6,6,1082,143784873.18466902,132888.0528508956,2000.0,0.954504037097007,0.581659364137803,0.9345999654217227,71,83,98,14,6,6,1070,138330429.44080946,129280.7751783266,2000.0,0.9546011932127041,0.6045945078556667,0.9336874334656967,901,894,792,786,623,619,292,289,459,66957.52626164033,451,65699.58778829497,331,1061190.858948149,330,1051958.9253233531,209,9975387.292900773,208,9955387.292900773,47,11739842.944256028,47,11739842.944256028,36,120941494.56230243,34,115517540.69054103,0.7301293900184843,0.7299065420560747
2026-03-20,331,0,0,0.0,0.0,26385530.499518275,30,4091000.0,6,2862776.0,0,0.0,295,19431754.499518275,66,71,83,14,6,0,1090,145013097.18466902,133039.53870153122,2000.0,0.953212145379545,0.5777072776853296,0.931685380484815,60,65,76,14,6,0,1078,140958427.8341725,130759.2094936665,2000.5,0.9535393309280827,0.5943250282404449,0.9313558193329584,906,899,798,792,630,626,298,295,460,66910.5433527454,452,65652.60487940005,332,1071713.1920098048,331,1062432.3583850088,214,10367890.823526658,213,10347890.82352666,47,11847198.853290396,47,11847198.853290396,37,121659383.77248941,35,117635253.19409102,0.726605504587156,0.7263450834879406
2026-03-21,137,0,0,0.0,0.0,6689886.003805397,12,988000.0,6,1572058.0,0,0.0,119,4129828.0038053975,54,57,64,6,3,1,1094,144429039.18466902,132019.23143022764,2000.0,0.9531754400535228,0.5831027044355057,0.9304541907797984,43,45,52,6,3,1,1082,140374369.6741725,129736.01633472503,2004.900351799346,0.9534731866363114,0.5999454426266052,0.9300876969515502,907,900,798,792,632,628,301,298,462,66269.28458708808,454,65011.34611374274,331,1066587.5907618406,330,1057306.5971370446,216,10411577.529645078,215,10391577.529645078,49,12759788.072362693,49,12759788.072362693,36,120124816.70731233,34,116100686.12891394,0.7248628884826326,0.7245841035120147
2026-03-22,136,0,0,0.0,0.0,14933619.181995107,15,1191000.0,6,3350307.0,0,0.0,115,10392312.181995107,54,54,64,8,7,2,1097,142269732.18466902,129689.81967608845,2099.295966419305,0.9542166075111577,0.5933358935795592,0.9308784702523242,49,47,57,8,7,1,1084,138215035.6241725,127504.64540975324,2273.57797803202,0.9544604567594565,0.6107420823928942,0.9305188795131429,911,903,802,796,636,632,301,298,461,65930.31299161275,452,64646.1245182674,335,1078981.31778582,334,1069699.5241610243,218,10388989.894619044,217,10368989.894619044,48,11417470.293389522,48,11417470.293389522,35,119318360.36588302,33,115294229.78748463,0.7256153144940748,0.7250922509225092
2026-03-23,206,0,0,0.0,0.0,25562374.978538424,30,3750800.0,5,1813991.0,0,0.0,171,19997583.978538424,63,64,78,8,11,2,1096,144206541.18466902,131575.3112998805,2270.060945774441,0.9546227423270549,0.5942436049400499,0.9316224057920357,55,55,68,8,10,2,1084,137866454.74950686,127183.07633718345,2346.4910559842083,0.95434619622978,0.611723203387596,0.930151324912011,910,903,802,796,637,633,302,299,459,65647.69225436475,451,64389.75378101941,335,1090469.6637906232,334,1081020.4503358025,220,10504378.999214401,219,10484378.9992144,49,12778228.106897822,49,12778228.106897822,33,119767816.72251181,31,113458437.4392778,0.7244525547445255,0.724169741697417
2026-03-24,187,0,0,0.0,0.0,25499075.027534515,23,3489099.0,9,3488700.0,0,0.0,155,18521276.027534515,75,78,99,19,11,2,1106,144206940.18466902,130386.02186678935,2016.807083879276,0.9553771299053516,0.6022774038010614,0.9326016604284993,65,67,88,19,11,2,1094,137706209.30401134,125874.04872395917,2180.4149653442587,0.9550985316115626,0.61619157876965,0.9310954062335893,920,913,810,804,640,636,301,298,466,67444.42668794337,458,66186.48821459801,339,1108936.155376672,338,1099476.1819218514,219,10342927.741068777,218,10322927.741068777,49,12983672.417890545,49,12983672.417890545,33,119703959.44364509,31,113233946.4749156,0.7278481012658228,0.7276051188299817
2026-03-25,170,0,0,0.0,0.0,12973890.018860873,19,959000.0,7,2614296.0,0,0.0,144,9400594.018860873,58,67,75,8,5,3,1112,142551644.18466902,128193.92462650091,2062.0547152895824,0.9534737951357329,0.5884686685867963,0.9288336959427249,50,58,66,8,5,3,1100,136530075.70443043,124118.2506403913,2270.060945774441,0.9531107578054488,0.5997799445185454,0.9273850867888975,923,916,813,807,644,640,304,301,468,67267.27975310959,460,66009.34127976424,340,1113388.9962942598,339,1103892.878839439,218,10364217.377863271,217,10344217.37786327,53,14492588.05389572,52,13742874.039368534,33,116514182.47686265,32,111273082.06707942,0.7266187050359713,0.7263636363636363
2026-03-26,224,0,0,0.0,0.0,26640079.027733628,28,2773084.0,14,3211644.0,0,0.0,182,20655351.027733628,75,82,94,7,8,2,1113,142113084.18466902,127684.71175621655,2008.8007035986918,0.95381148474414,0.5897249166105515,0.928967824519519,63,68,79,7,8,1,1100,135469845.79277432,123154.40526615847,2180.4149653442587,0.9534242625762626,0.6052155091280876,0.9271911153347183,926,918,814,807,644,640,303,300,469,68550.16868658604,460,66854.73021324068,341,1112415.8712942598,340,1102918.1538394392,218,10413635.493896917,217,10393635.493896917,52,14032904.885883959,52,14032904.885883959,33,116485577.7649073,31,109873532.52894077,0.7277628032345014,0.7272727272727273
2026-03-27,199,0,0,0.0,0.0,19233918.287014432,22,2931000.0,16,4202869.0,0,0.0,161,12100049.287014432,74,70,90,8,9,5,1117,140841215.18466902,126088.82290480664,2001.0,0.9519106178318691,0.5830976995561599,0.9243182956545712,63,60,78,8,8,5,1105,134358843.4927743,121591.71356812154,2024.8134641598601,0.9514797572445888,0.5962796609964237,0.9223847088867683,930,923,816,810,647,643,306,303,470,68406.12553574606,462,67148.18706240071,341,1110325.1514912061,340,1100780.6340363852,216,10480371.930230055,215,10460371.930230055,56,14724067.678878415,56,14724067.678878415,34,114458044.2985336,32,108006475.06256706,0.7260519247985676,0.7257918552036199
2026-03-28,194,0,0,0.0,0.0,35652196.07518002,21,2677000.0,4,3998095.0,0,0.0,169,28977101.075180016,54,55,66,7,7,0,1117,139520120.18466902,124906.10580543333,2001.0,0.9540897215633416,0.595810516933293,0.926731035215905,45,47,56,7,6,0,1106,134348860.74717534,121472.7493193267,2016.807083879276,0.9536716211434447,0.6043959704479892,0.9256238897740531,927,921,813,808,647,643,303,300,470,66037.18345212734,463,65672.53708605588,344,1117079.1315138657,343,1107294.6810590448,216,10339378.457517225,215,10319378.457517227,55,13410663.285422307,54,13249555.287353184,32,114586962.1267635,31,109606959.78415984,0.7287376902417189,0.72875226039783
2026-03-29,110,0,0,0.0,0.0,7447348.615159919,13,1038300.0,4,2036300.0,0,0.0,93,4372748.615159919,30,37,45,12,2,4,1131,138522120.18466902,122477.55984497703,2278.587927279669,0.9531970090728252,0.5929487207184948,0.9238652566889068,26,32,40,12,2,4,1120,133350859.34717534,119063.26727426371,2346.4910559842083,0.9527270160150865,0.6014874556296593,0.9226387020162402,941,935,827,822,658,654,309,306,473,67253.4032740741,466,66888.75690800263,349,1136116.9243637426,348,1126331.0739089218,220,10442975.735530347,219,10422975.735530347,58,14735832.92594955,57,14574724.927880427,31,112139941.1955513,30,107159938.85294765,0.726790450928382,0.7267857142857143
2026-03-30,137,0,0,0.0,0.0,17379833.74024427,18,2618664.0,10,2871332.0,0,0.0,109,11889837.740244271,51,52,60,7,8,0,1130,138269452.18466902,122362.34706607877,2004.900351799346,0.9533668118156191,0.5933201822058539,0.9238903343786578,41,42,49,7,8,0,1119,133361835.457013,119179.47762020821,2024.8134641598601,0.9530672132782664,0.6038814319945052,0.9228153628860457,939,933,822,817,652,648,305,302,478,67085.31002576026,471,66720.6636596888,347,1132789.034127377,346,1122996.783672556,215,10323767.427268187,214,10303767.427268187,59,14704326.608698048,58,14382544.655029431,31,112041483.80454965,30,107485805.92738315,0.7300884955752213,0.7301161751563896
2026-03-31,256,0,0,0.0,0.0,20544817.998629402,24,2117500.0,12,3512204.0,0,0.0,220,14915113.998629402,59,65,78,18,7,1,1142,136874748.18466902,119855.29613368565,2004.900351799346,0.9535428671485341,0.5907811626560007,0.9231674212484737,53,60,72,18,6,1,1132,132288913.41068164,116862.99771261628,2062.0547152895824,0.9529434714166681,0.5998968502364564,0.9214878805457449,949,944,830,826,658,655,310,308,484,69163.85129043023,477,68799.20492435877,348,1137496.4774990915,347,1127704.2270442708,222,10509779.540204395,221,10489779.540204395,56,13293059.34423166,56,13293059.34423166,32,111865248.97144344,31,107309571.09427695,0.7285464098073555,0.7279151943462897
2026-04-01,304,0,0,0.0,0.0,34517526.54148262,20,3683000.0,10,4216858.0,0,0.0,274,26617668.541482624,67,72,88,10,17,4,1139,136340890.18466902,119702.27408662776,2099.295966419305,0.9525908191116076,0.5865929212049661,0.9222345756956303,59,63,79,10,17,3,1128,134783680.46700922,119489.07842819966,2270.060945774441,0.9529585959196871,0.5933700636160193,0.9230437227824164,948,942,828,823,659,655,306,303,480,68196.0745214999,473,67831.42815542844,353,1166717.500210477,352,1156925.2497556563,214,10167693.600514296,213,10147693.600514296,60,14681635.379706118,59,14362041.436033718,32,110256647.62971662,31,109049188.75255014,0.7313432835820896,0.7313829787234043
2026-04-02,196,0,0,0.0,0.0,34586862.451602146,38,6076589.0,7,4686000.0,0,0.0,151,23824273.451602146,56,70,78,15,2,5,1157,137731479.18466902,119041.90076462318,2353.7825017537143,0.9504527105480445,0.5610271278795519,0.9180494257586982,50,64,71,15,1,4,1146,135613204.91068164,118336.12993951277,2390.9165623880217,0.950366003654512,0.5697903551241185,0.9177323519430527,963,957,844,839,675,672,315,313,482,69031.94593895656,474,68229.79957288511,360,1187812.1097067362,359,1178019.8592519155,221,10630329.754641842,220,10610329.754641842,60,15410027.375672137,60,15410027.375672137,34,110434277.99870935,33,108346598.12154286,0.7277441659464131,0.7268760907504364
2026-04-03,221,0,0,0.0,0.0,39339948.03882348,12,2070000.0,16,5214311.0,0,0.0,193,32055637.03882348,128,57,142,12,77,0,1092,134587168.18466902,123248.32251343317,1548.3155897502247,0.9651234871076255,0.6454000903988674,0.9651058575948306,123,53,137,12,76,0,1082,134324731.41068164,124144.85342946547,1564.3482190151813,0.9651674090264932,0.6466610400086424,0.9657088693396251,899,894,778,774,607,604,250,248,485,69902.91043641731,478,69538.26407034586,357,1166900.1111533465,356,1157107.8606985258,176,5765047.459878646,175,5745047.459878646,43,12551662.696787916,42,12319382.819621414,31,115033655.00641271,31,115033655.00641271,0.7710622710622711,0.7707948243992606
2026-04-04,143,0,0,0.0,0.0,29794982.431937642,9,607000.0,8,2298370.0,0,0.0,126,26889612.431937642,46,55,66,7,5,4,1098,132895798.18466902,121034.42457620129,1601.2556839088652,0.9619560686375627,0.6022660204160044,0.9623718089461956,38,45,56,7,5,3,1087,128618641.62805057,118324.41732111368,1610.7690074348418,0.9620958020620438,0.6151084187152785,0.9625165482171567,906,900,784,779,614,610,252,249,484,69799.12019786066,477,69434.47383178919,362,1200397.8064031894,361,1190604.6202685246,174,5821605.41256888,173,5801605.41256888,45,14285830.581935134,44,13963297.734983914,33,111518165.26356396,32,107593699.38639745,0.7704918032786885,0.7709291628334867
2026-04-05,130,0,0,0.0,0.0,13262688.258577185,11,653000.0,11,2358347.0,0,0.0,108,10251341.258577185,41,63,67,17,3,4,1116,131190451.18466902,117554.16772819804,1555.8624455526788,0.9609759102682992,0.5898357471532217,0.9578270016375184,37,58,61,17,3,3,1104,129040337.99805349,116884.36412867164,1582.1779872037077,0.9613682636455384,0.5996637872650703,0.9586133493362373,922,915,799,794,620,616,258,255,496,73065.77953325029,488,72648.6331671788,362,1194428.7956754619,361,1184632.4795437288,177,6115040.132377762,176,6095040.132377762,47,13150190.045163652,46,12827657.19821243,34,110657726.43191889,33,108860359.55475238,0.7688172043010753,0.7690217391304348
2026-04-06,184,0,0,0.0,0.0,21488012.35151316,22,1119003.0,15,4180630.0,0,0.0,147,16188379.351513159,64,82,99,26,6,8,1144,128128824.184669,112000.72044114424,1687.942204484607,0.9590543218125545,0.5850112980899591,0.9486709886568656,53,73,87,26,4,8,1134,127903982.72199667,112790.10822045562,1751.0275384645354,0.9590755966099862,0.586039685112342,0.949598716394381,944,939,822,818,641,638,276,274,503,73804.19259813117,496,73439.54623205971,365,1208890.4293124536,364,1199054.1131807205,195,7194031.248046771,194,7174031.248046771,48,13166152.37637946,47,12971511.876204908,33,106485945.9383322,33,106485945.9383322,0.7587412587412588,0.7583774250440917
2026-04-07,221,0,0,0.0,0.0,46867528.007469244,31,4384000.0,13,4990602.0,0,0.0,177,37492926.007469244,71,81,98,20,7,6,1163,127522222.18466902,109649.3741914609,1929.8643768949985,0.9565988689133578,0.5739116483008748,0.9432409966780964,62,71,88,20,7,5,1152,126915235.84795886,110169.47556246429,1953.426537803527,0.9566946973815847,0.5766564450675512,0.9439954984710162,964,958,840,836,659,656,280,278,504,75116.57969012215,496,74743.18332405068,379,1256952.7715543038,378,1247116.4554225705,193,7205964.881351735,192,7185964.881351735,52,14652089.870742919,51,14075313.246530566,35,104332098.08132994,35,104332098.08132994,0.7592433361994841,0.7586805555555556
2026-04-08,306,1,0,100000000.0,0.0,42813771.20127818,29,5944138.0,13,5256951.0,0,0.0,263,31612682.20127818,76,116,131,37,10,4,1194,128209409.18466903,107378.06464377641,2172.6737359716003,0.9546217257722982,0.5566241113641062,0.9376547851459657,65,102,117,37,10,3,1182,125432966.6427537,106119.26111908097,2256.3819950465127,0.9549536500047466,0.5689449142918459,0.938124396981425,996,989,871,865,692,687,306,303,502,74414.46095220232,495,74049.81458613087,386,1278316.011136564,384,1266677.9450048306,217,7740512.689838217,216,7720512.689838217,54,14779060.330623558,53,14141397.125418393,35,104337105.69211848,34,102230329.06790614,0.7437185929648241,0.7436548223350253
2026-04-09,327,0,0,0.0,0.0,33385242.30252145,21,5340700.0,22,7814828.0,0,0.0,284,20229714.30252145,90,86,107,11,7,4,1202,125735281.18466902,104605.05922185442,2000.0,0.954957224412052,0.5579704269344959,0.9374841161825895,79,77,95,11,6,4,1191,123770198.11275369,103921.24106864289,2000.0,0.9553846423903567,0.5668292496342825,0.9383515490470388,1002,996,879,874,692,688,305,302,510,77921.00833849993,503,77556.36197242845,387,1272176.2358534848,386,1262329.6397217514,219,7910354.986098217,218,7890354.986098217,52,15214481.272465061,51,14736349.067259897,34,101260347.68191376,33,99803608.05770141,0.7462562396006656,0.746431570109152
2026-04-10,206,0,0,0.0,0.0,31324383.197189793,23,4431379.0,13,5147147.0,0,0.0,170,21745857.197189793,69,78,95,18,8,6,1218,125019513.18466902,102643.27847673975,2004.900351799346,0.9543374154756512,0.5617825048232095,0.9331148470950206,61,71,87,18,8,5,1206,123242694.77567008,102191.28920038979,2056.90673207993,0.9546839198523729,0.5698818530096503,0.9340251262850949,1014,1007,890,884,702,698,310,307,516,79514.90028824293,508,78333.46506669975,392,1285220.9402695124,391,1275374.3441377792,220,7997213.414904924,219,7977213.414904924,56,15094832.063248131,55,14776299.85804297,34,100562731.86595821,33,99135473.6935177,0.7454844006568144,0.7454394693200663
2026-04-11,223,0,0,0.0,0.0,23609818.778330043,13,1997000.0,8,2779930.0,0,0.0,202,18832888.778330043,69,62,77,5,7,0,1216,124236583.18466903,102168.2427505502,2000.0,0.9546738100498481,0.5704824842535928,0.9338821823756719,59,52,66,5,7,0,1204,122619865.84170961,101843.74239344652,2004.900351799346,0.9549732106097834,0.5780041767608899,0.9348965460925793,1011,1004,888,882,697,693,306,303,519,81648.03909451043,511,80303.66991251502,391,1293981.4207120258,390,1284050.8245802925,216,7838622.289467052,215,7818622.289467052,55,14327353.323001072,54,14169169.117795907,35,100694978.11239436,34,99267719.93995386,0.7483552631578947,0.7483388704318937
2026-04-12,119,0,0,0.0,0.0,5102785.259577117,14,1677000.0,7,1352830.0000000305,0,0.0,98,2072955.2595770867,35,44,53,14,2,2,1230,124560753.18466899,101268.90502818617,2016.807083879276,0.9540297577557868,0.5711876758145048,0.9300627386148321,31,41,49,14,2,2,1218,123073812.51513197,101045.82308303117,2094.1479832096525,0.9543291900165168,0.5780885929775487,0.9310889986375008,1025,1018,901,896,710,706,317,314,520,80895.4090599141,512,80527.71330027128,393,1296949.4932399471,392,1287018.897108214,226,8233593.0515097175,225,8213593.0515097175,56,14288000.407260314,55,14129816.202055149,35,100661314.8235991,34,99362856.6511586,0.7422764227642277,0.7422003284072249
2026-04-13,267,0,0,0.0,0.0,23959651.272232514,30,4662000.0,8,1995181.0,0,0.0,229,17302470.272232514,77,84,103,16,12,8,1242,127227572.18466899,102437.65876382367,2094.1479832096525,0.9519437494124816,0.573376998021796,0.9235320161576411,68,75,93,16,10,8,1232,126623138.55120382,102778.5215513018,2219.3548998142705,0.9520641310128328,0.5761140044348816,0.924196315279188,1034,1029,909,905,720,717,326,324,522,79052.09250946701,515,78687.44614339554,394,1301424.0383258732,393,1291453.2236672726,229,8648359.803284489,228,8628359.803284489,67,21982012.106944066,66,21407913.93450357,30,95216724.1436051,30,95216724.1436051,0.7375201288244766,0.737012987012987
2026-04-14,347,0,0,0.0,0.0,38270093.658841446,28,3384000.0,11,5565100.0,0,0.0,308,29320993.658841446,139,120,167,18,46,4,1218,125046472.18466899,102665.4123026839,1999.9999999985216,0.9577932599081469,0.583485010030458,0.9425372405721005,131,111,158,18,46,3,1207,121567790.47532913,100718.96476829257,2000.0,0.9578604797219905,0.5974276896486671,0.9427876425142235,1010,1004,883,878,697,693,300,297,521,77828.52662126983,514,77463.88025519837,397,1304054.413739306,396,1294083.599080705,213,7103632.408094594,212,7083632.408094594,55,15524278.689276613,54,15203865.640562486,32,101036678.14693722,31,97908744.94733615,0.7536945812807881,0.7539353769676885
2026-04-15,237,0,0,0.0,0.0,18367565.024595473,30,2866045.0,7,2653976.0,0,0.0,200,12847544.024595473,72,84,96,12,4,10,1236,125258541.18466899,101341.861799894,2000.0,0.9572411633277519,0.5805822462149187,0.938455738518971,66,77,88,12,4,10,1225,122073045.16544557,99651.46544118006,2000.0,0.9575740761437336,0.5957325394810764,0.9387366167507243,1026,1020,901,896,711,707,309,306,525,78431.90856886019,518,78067.26220278873,402,1325829.464933419,401,1315857.450274818,223,7704683.037899217,222,7684683.037899216,54,15156860.382891182,53,14199634.224293493,32,100992736.39037631,31,98794803.19077525,0.75,0.7502040816326531
2026-04-16,177,0,0,0.0,0.0,12861598.147542357,19,2276500.0000000303,19,2009931.0,0,0.0,139,8575167.147542328,65,69,83,9,9,8,1244,125525110.18466902,100904.42940889792,2000.0,0.9574070480962201,0.5839313559019661,0.9374515181432365,57,60,73,9,9,7,1232,122722979.11947152,99612.80772684376,2000.0,0.9577736530548979,0.5972642476232704,0.9379018870743808,1027,1020,901,895,712,708,311,307,532,77688.8716143241,524,77149.22524825262,401,1310054.878438516,401,1310054.878438516,225,7863661.326901162,223,7833661.312242562,54,15089374.080086168,53,14132147.921488475,32,101184331.02762884,31,99369965.78205371,0.75,0.7508116883116883
2026-04-17,166,0,0,0.0,0.0,26065602.679292265,19,4399500.0,14,3233250.0,0,0.0,133,18432852.679292265,57,66,78,12,6,6,1256,126691360.18466902,100868.9173444817,1999.9999999985216,0.9559742369392366,0.5662153352316306,0.9323940562904006,47,56,67,11,6,6,1243,124189381.09447151,99911.00651204467,2000.0,0.9563303581516566,0.5776225821058303,0.932887166312775,1038,1031,909,904,719,715,315,311,537,78482.81644718345,528,78105.04508111198,404,1308446.271234864,404,1308446.271234864,228,8478159.877455276,226,8448149.962796677,55,15805316.232330266,54,14848090.073732577,32,101020954.98720142,31,99506589.74162629,0.7492038216560509,0.7497988736926791
2026-04-18,157,0,0,0.0,0.0,14525600.891813975,12,1421490.0,6,1473105.0,0,0.0,139,11631005.891813975,51,55,68,11,10,4,1261,126639745.18466902,100428.02948823871,1953.1492922830973,0.9566565948755815,0.5710888756254847,0.9333859952338227,42,45,57,11,10,4,1248,124028626.5063332,99381.91226469007,1982.9995861931002,0.9570358295292567,0.5831117518931612,0.9338542811720987,1042,1035,913,907,718,713,315,311,543,81394.9806521936,535,81030.33428612213,403,1305892.7835086249,402,1304317.7086283318,230,8548692.825158197,228,8518614.612584233,52,14487970.799789425,52,14487970.799789425,33,102215793.79556057,31,99636693.05104509,0.7501982553528945,0.750801282051282
2026-04-19,122,0,0,0.0,0.0,13874622.31263138,19,2172000.0,12,2722134.0,0,0.0,91,8980488.31263138,51,55,63,14,4,2,1273,126089611.18466902,99049.18396281934,1955.9608062564923,0.9555906979491476,0.5592824302228465,0.9319123663867747,39,44,50,14,3,1,1260,123484141.3312135,98003.28677080436,1999.9999999985216,0.9559627047815907,0.5710830832929799,0.932342881848878,1052,1045,922,916,723,719,318,314,550,82308.85101763006,541,81824.9546515586,405,1316545.1314690248,405,1316545.1314690248,231,8486289.266289126,229,8456211.053715164,53,15337857.258449584,53,15337857.258449584,34,100866610.67744365,32,98291702.93292816,0.7501963864886095,0.7507936507936508
2026-04-20,220,0,0,0.0,0.0,33514808.941182762,40,5447500.0,8,3795280.0,0,0.0,172,24272028.941182762,60,75,83,14,3,7,1291,127741831.18466902,98947.97148308987,2000.0,0.9550218137469625,0.5685947696809674,0.9249916672981394,52,67,74,14,3,6,1277,122722799.1550264,96102.42690291809,2000.0,0.9547471968650076,0.5825808876252953,0.9238027868180225,1070,1062,938,932,736,732,332,328,555,83239.52377937072,545,82751.25241329925,404,1321073.0082142535,404,1321073.0082142535,243,9277389.241450941,241,9247311.028876979,58,16803920.72054285,58,16803920.72054285,31,100256208.6906816,29,95267743.14497903,0.7428350116189001,0.7431480031323414
2026-04-21,179,0,0,0.0,0.0,27615031.709538136,24,2680800.0,16,6873356.0,0,0.0,139,18060875.709538136,62,65,81,11,5,7,1304,123549275.18466902,94746.37667535967,1999.9999999985216,0.9548408652155423,0.5759605787187249,0.9199718596031431,55,59,73,11,5,7,1290,120539651.53176957,93441.59033470509,2000.0,0.9547631044595414,0.5887764820774976,0.9198868203636429,1079,1071,948,942,742,738,335,331,562,86552.38341233591,552,86064.11204626445,407,1334862.5288670703,407,1334862.5288670703,249,9866003.828129198,247,9835888.115555234,55,13982371.377834264,54,13683089.009002313,31,98279485.06642616,30,95599747.76629871,0.7430981595092024,0.7434108527131783
2026-04-22,160,0,0,0.0,0.0,18794428.103057068,25,2856000.0,15,3823300.0,0,0.0,120,12115128.103057068,62,76,88,20,4,3,1323,122581975.18466902,92654.5541834233,2000.0,0.9527911129564294,0.5724794785454727,0.9136863345894991,54,67,78,20,4,3,1309,119865447.16351289,91570.24229450946,2000.0,0.9529721260131101,0.585453664032673,0.9136749292602585,1096,1088,966,959,759,754,344,340,564,86122.31467612422,555,85586.01644324505,415,1373075.7001729403,414,1370621.3251729403,254,10121301.57659879,252,10091185.864024825,59,15465771.972467951,59,15465771.972467951,31,95535703.62075321,29,92852281.98540394,0.7399848828420257,0.7402597402597403
2026-04-23,158,0,0,0.0,0.0,25877222.344620418,25,2663000.0,14,5853009.0,0,0.0,119,17361213.344620418,54,57,73,15,9,3,1332,119391966.18466902,89633.60824674851,2000.0,0.9522559649396337,0.594567785743829,0.9080743488575489,47,52,66,15,7,3,1320,119238879.83864032,90332.48472624266,2016.807083879276,0.9521517625386497,0.5953311291256945,0.9088989913642567,1104,1098,972,967,766,763,348,346,566,84488.64353780271,557,83952.34530492357,418,1380979.5354552502,417,1379229.5354552502,258,10509716.053710157,257,10499600.341136193,63,16904821.253563084,62,16764136.918341244,27,90511960.69840273,27,90511960.69840273,0.7387387387387387,0.7378787878787879
2026-04-24,218,0,0,0.0,0.0,22463521.693558905,31,3964000.0,11,1170000.0,0,0.0,176,17329521.693558905,120,76,139,10,61,4,1285,122185966.18466902,95086.35500752453,1604.4302498489417,0.9620637958417547,0.61519204198919,0.9476172832535931,112,68,130,10,60,4,1274,119218956.11446348,93578.45848858985,1673.1466178138198,0.9618363170940347,0.6270297827605225,0.9471856210730832,1059,1054,929,925,717,715,300,298,568,87038.68356986929,559,86502.38533699013,417,1380084.1479197151,417,1380084.1479197151,219,6833310.025547991,218,6823191.622407352,52,14117348.380391125,52,14117348.380391125,29,99768184.94724032,28,96811829.5784083,0.7665369649805448,0.7660910518053375
2026-04-25,147,0,0,0.0,0.0,17310938.972070895,18,2259000.0,6,2032400.0,0,0.0,123,13019538.972070895,49,63,73,16,3,3,1301,122412566.18466902,94091.13465385782,1706.8056590826634,0.9598198766474128,0.5918536183710713,0.9423058239631935,42,55,64,16,3,2,1289,119013949.76550749,92330.44977929207,1762.400270141979,0.9599812923606769,0.6087548591844323,0.9424282955510499,1072,1066,939,934,727,724,311,308,574,86694.69668723759,565,86158.39845435845,416,1384685.9977761535,416,1384685.9977761535,229,7391111.448112134,228,7380991.544971495,52,15617285.017756855,51,14653800.16880087,30,97932789.02433664,29,95508313.65550461,0.7609531129900077,0.761055081458495
2026-04-26,93,0,0,0.0,0.0,7828927.310923446,12,945200.0,4,204047.0,0,0.0,77,6679680.310923446,39,44,52,12,5,1,1309,123153719.18466902,94082.2912029557,1648.093431396201,0.9598183138499281,0.5876389187501281,0.9421965716908002,33,37,45,12,5,1,1297,119755080.26550749,92332.36720547994,1727.7909775730132,0.9599890920133887,0.6043160609243914,0.9423153618100119,1079,1073,943,938,730,727,309,306,579,87817.13999512416,570,87258.34176224502,421,1407182.286023523,421,1407182.286023523,226,7323707.751883673,225,7313587.848743034,52,15462065.684195323,51,14498580.835239338,31,98872946.32257138,30,96448470.95373935,0.7639419404125286,0.764070932922128
2026-04-27,174,0,0,0.0,0.0,23605804.602236856,35,6297200.0,8,2595694.0,0,0.0,131,14712910.602236854,68,83,98,12,6,8,1323,126855225.18466905,95884.52394910737,1789.0010000000002,0.9595186349001232,0.5883553540659304,0.9397245075084957,59,73,86,12,6,7,1310,123976121.63643193,94638.26079116942,1914.9321884474994,0.959685031664431,0.6020187592858736,0.9400369382059058,1094,1087,957,951,743,739,317,314,580,88712.09409918444,571,88063.29586630529,426,1422272.353007602,425,1420775.7239320413,233,7735276.726019794,232,7725148.822879155,53,16091803.124999462,52,15449448.276043475,31,101517160.88654299,30,99292685.51771097,0.7603930461073318,0.7603053435114504
2026-04-28,234,0,0,0.0,0.0,56356992.94738041,25,3938000.0,15,6644364.0,0,0.0,194,45774628.94738041,77,77,97,7,22,3,1311,124148861.18466903,94697.8346183593,1644.3786427747834,0.9612294765484695,0.5906943468892166,0.9490507339162986,65,65,84,7,20,3,1300,121692802.11440638,93609.8477803126,1739.4225272510419,0.9611078334554318,0.6026160068660016,0.948800161942216,1083,1078,947,943,730,728,302,300,581,90178.57055502458,572,89529.7723221454,428,1431559.6522830855,428,1431559.6522830855,220,6586938.171811415,219,6576795.268613661,51,15369807.135930164,51,15369807.135930164,31,100670377.65408932,30,98225110.2852573,0.7696414950419527,0.7692307692307693
2026-04-29,154,0,0,0.0,0.0,34829759.56581919,26,4462000.0,10,6349559.0,0,0.0,118,24018200.565819193,61,62,75,11,10,2,1314,122261302.184669,93045.13103856088,1627.5738251048126,0.9625130666641379,0.6018835638201703,0.9507373991399982,54,54,67,11,10,2,1303,119445751.64533235,91669.80172320211,1727.7909775730132,0.9623393695155383,0.6160556429061046,0.9502641843076417,1087,1082,950,946,731,729,297,295,583,90712.7368693125,574,90063.93863643333,434,1458098.6019035485,434,1458098.6019035485,220,6676004.507326627,219,6665857.604128873,46,13260686.939589143,46,13260686.939589143,31,100775799.3989804,30,97971044.56107436,0.773972602739726,0.7735993860322333
2026-04-30,214,0,0,0.0,0.0,53687270.21271209,30,5737734.0,12,3390572.0,0,0.0,172,44558964.21271209,71,84,95,7,6,8,1323,124608464.18466902,94186.29190073244,1648.093431396201,0.9590365212844454,0.5385373238050589,0.9464691011834911,61,73,83,7,6,6,1310,121546647.15293801,92783.70011674656,1739.4225272510419,0.9591222186415931,0.5521033314973518,0.9469250280643098,1094,1087,956,950,737,733,301,298,586,90225.67948421894,577,89576.88125133977,436,1474646.2504818928,435,1466123.7504818928,217,6705531.157983962,216,6695384.254786208,49,13999742.258993566,48,13684221.266599227,35,102338318.83772539,34,99611340.99981934,0.7724867724867724,0.7725190839694657
2026-05-01,250,0,0,0.0,0.0,42791976.01460315,36,4962000.0,11,1432592.0,0,0.0,203,36397384.01460315,80,90,111,11,16,6,1324,128137872.18466902,96780.87023011254,1706.6591739384426,0.959072235718063,0.5438915069020437,0.9481024090296026,71,80,100,11,15,6,1312,125110075.67358772,95358.2893853565,1756.7271735355248,0.9594174077600267,0.5570542581683865,0.9485314659777695,1097,1091,959,954,739,736,305,302,585,90527.57391583675,576,89864.78498647266,434,1451316.6974842176,434,1451316.6974842176,219,6508202.607056957,218,6498050.703859203,48,13513309.197002573,48,13513309.197002573,38,106574516.10920942,36,103557534.29025528,0.7696374622356495,0.7698170731707317
2026-05-02,170,0,0,0.0,0.0,14568364.50155672,20,1305000.0,10,3304221.0,0,0.0,140,9959143.50155672,62,62,75,14,6,2,1334,126138651.18466902,94556.71003348503,1677.3030600952113,0.9593179455279919,0.5514817603573237,0.946421859243756,52,52,64,14,6,2,1322,123745338.87358774,93604.64362601191,1739.4225272510419,0.9596558158663777,0.5621477627976117,0.9469550857960795,1103,1097,964,959,745,742,310,307,589,90032.57435883509,580,89369.78542947103,435,1448718.6143425575,435,1448718.6143425575,226,6819523.219273582,225,6809355.516075829,48,13884266.776380364,47,13095016.175459936,36,103896110.00031367,35,102302878.78227994,0.767616191904048,0.7677760968229954
2026-05-03,79,0,0,0.0,0.0,9024550.439063367,10,675998.0,3,1128142.0,0,0.0,66,7220410.4390633665,32,40,47,14,2,3,1349,125686507.18466902,93170.13134519571,1648.093431396201,0.9589009498546807,0.5515265694860843,0.9435616754281435,26,35,40,14,2,2,1336,124001839.0214783,92815.74777056758,1739.4225272510419,0.9592420544338126,0.5590195168495993,0.9443611436343586,1114,1107,973,968,753,750,318,315,596,90708.87586070654,586,90044.23482189814,435,1446467.5676234933,435,1446467.5676234933,234,7156359.443307115,233,7146191.740109361,48,13890624.56373513,47,13259973.9628147,36,103102346.73414257,35,102059161.51610884,0.7642698295033358,0.7642215568862275
2026-05-04,278,0,0,0.0,0.0,45492301.483427756,18,3897000.0,7,2818327.0,0,0.0,253,38776974.483427756,69,70,87,12,8,3,1356,126765180.184669,93484.6461538857,1607.5996286418917,0.9583884398708993,0.5463625589454154,0.9438738350618088,62,62,78,12,8,3,1343,124482728.08519271,92690.04325032965,1648.093431396201,0.958781669904685,0.5563803854256221,0.9445665823615284,1119,1112,979,973,757,753,315,312,599,91781.00048351282,590,91118.21155414874,442,1463195.0434631691,441,1459693.1913537248,228,6859867.367517593,227,6849691.651814932,51,16440561.805038722,50,15516753.13647829,36,101909774.96816602,35,100565471.8939916,0.7676991150442478,0.7676842889054356
2026-05-05,187,0,0,0.0,0.0,38430461.19214125,22,1958000.0,6,2698352.0,0,0.0,159,33774109.19214125,62,61,73,5,9,2,1354,126024828.18466902,93075.94400640253,1597.7963098841383,0.9602957629589964,0.5681952512288616,0.9454878295572797,54,54,65,5,7,2,1343,118243081.01147656,88043.99181792745,1648.093431396201,0.9587800537067752,0.5613703326887325,0.9427810463043906,1119,1114,979,975,754,752,314,312,600,93892.59782448417,591,93229.8088951201,440,1462612.8237688628,440,1462612.8237688628,230,6913381.492423882,229,6903205.77672122,50,14356019.026522463,50,14356019.026522463,34,103198922.24412932,33,95428013.57556888,0.7680945347119645,0.7676842889054356
2026-05-06,280,0,0,0.0,0.0,91830109.52668971,29,4539000.0,10,4167500.0,0,0.0,241,83123609.52668971,79,74,90,6,13,1,1348,126396328.18466902,93765.82209545179,1551.1545092271401,0.9623124509782626,0.5977305044391065,0.948623419027295,73,66,82,6,13,0,1336,123218569.58393161,92229.46825144581,1580.3347204733038,0.9625738610428296,0.6131457398035346,0.9487015607426106,1112,1106,973,968,746,743,307,304,602,93330.9126967678,593,92668.12376740374,439,1456840.0767255453,439,1456840.0767255453,226,6795723.003697539,225,6785466.287994878,48,13374322.490126692,48,13374322.490126692,33,104676111.70142248,31,101509272.60531709,0.7722551928783383,0.7724550898203593
2026-05-07,192,0,0,0.0,0.0,20030848.252154913,33,4056000.0,12,4227560.0,0,0.0,147,11747288.252154913,75,81,96,23,7,1,1365,126224768.18466903,92472.35764444618,1569.507071027273,0.9614352406574455,0.5892511361939916,0.9468114276517212,67,74,88,23,7,1,1353,123097009.5839316,90980.79052766562,1610.7690074348418,0.9616956132213994,0.6042233545724439,0.9468957495037333,1127,1121,988,983,759,756,313,310,606,92445.97643276927,597,91783.1875034052,446,1470543.6772057393,446,1470543.6772057393,230,6822431.682242496,229,6812174.966539836,49,13801168.347052513,49,13801168.347052513,34,104038178.50173552,32,100921339.40563011,0.7706959706959707,0.770879526977088
2026-05-08,185,0,0,0.0,0.0,42361141.211903475,27,2639300.0,12,6126137.0,0,0.0,146,33595704.211903475,66,63,82,8,13,8,1368,122737931.18466902,89720.7099303136,1607.5996286418917,0.9601945191609207,0.575805895119639,0.9447426297926986,58,54,72,8,12,8,1357,121759697.45745064,89727.11677041315,1706.5126887942217,0.960281047505229,0.5804319968486945,0.9451326396433263,1129,1124,989,985,763,761,313,311,605,91284.73153218848,596,90576.94260282442,450,1488571.9784336758,450,1488571.9784336758,231,6995621.624146996,230,6984867.308444336,48,13926775.495169751,47,12960003.872583399,34,100235677.3553864,34,100235677.3553864,0.7711988304093568,0.7708179808400885
2026-05-09,112,0,0,0.0,0.0,11973671.994934639,16,2818000.0,6,2527000.0,0,0.0,90,6628671.994934639,46,53,65,13,3,2,1380,123028931.18466902,89151.39940918045,1598.4880852779997,0.9603536248653414,0.587161435423174,0.9425914952050415,37,43,54,12,3,2,1368,122150712.01405662,89291.45615062618,1677.3030600952113,0.9604003975996644,0.5913829124848352,0.9430919449981781,1142,1137,1002,998,770,768,315,313,610,93987.88581930402,600,93225.59076592258,455,1503162.375673519,455,1503162.375673519,230,6965756.724340857,229,6954971.471368196,52,14657147.980757931,51,13790476.358171578,33,99808876.2180774,33,99808876.2180774,0.7717391304347826,0.7711988304093568
2026-05-10,157,0,0,0.0,0.0,19982695.75108115,18,3704000.0,7,2548800.0,0,0.0,132,13729895.75108115,51,83,94,34,5,2,1411,124184131.18466902,88011.43244838344,1500.0,0.9610839550491982,0.5891422531551068,0.9435924744035986,45,75,86,34,5,1,1398,122805191.83130357,87843.48485787094,1500.0,0.9614033563582095,0.5957575389218678,0.9445474347398753,1171,1165,1022,1017,769,766,316,313,642,101702.08984845712,632,100813.73082584256,453,1496576.6005495475,453,1496576.6005495475,232,7006640.868068085,231,6995855.615095425,50,14844655.216259971,48,13477389.474889789,34,100734556.40994295,34,100734556.40994295,0.776045357902197,0.7761087267525035
2026-05-11,191,0,0,0.0,0.0,29728350.483632993,23,2746800.0,9,3789600.0,0,0.0,159,23191950.483632993,60,74,87,14,5,2,1422,123141331.18466902,86597.27931411323,1500.0,0.961564230098317,0.5991803006867096,0.9428867652196706,50,62,74,14,5,1,1408,122082269.99343967,86706.15766579522,1504.5594657006664,0.9617841292506296,0.6043781775204261,0.9439119186525836,1182,1176,1030,1025,779,776,319,316,643,101697.13636573036,632,100717.32069539747,460,1522462.1271954733,460,1522462.1271954733,237,7192223.527714418,236,7181413.774741758,50,15097333.381491804,48,14050061.758905452,32,99227615.0119016,32,99227615.0119016,0.7756680731364276,0.7755681818181818
2026-05-12,185,0,0,0.0,0.0,54221979.348051965,31,9638000.0,7,2971602.0,0,0.0,147,41612377.348051965,77,78,92,5,12,4,1419,129807729.18466902,91478.31514071107,1498.0,0.9658825258345926,0.644230670119313,0.9506595641901264,67,68,81,5,12,4,1405,108785159.20343548,77427.15957539892,1501.0,0.9605227228472645,0.5970337374716929,0.941885216171797,1174,1169,1022,1018,773,771,309,307,646,101014.38704552001,634,99880.221380881,464,1532629.7192467365,464,1532629.7192467365,233,7023031.939121425,232,7012222.186148765,46,14213311.14212708,46,14213311.14212708,30,106937741.99712826,29,85927115.93453203,0.7822410147991543,0.7814946619217081
2026-05-13,166,0,0,0.0,0.0,38777570.669390865,29,9399050.0,5,2847207.0,0,0.0,132,26531313.66939086,61,71,81,9,9,9,1428,136359572.18466902,95489.89648786346,1509.4062518046499,0.96349248457734,0.6040849978904593,0.9482798526824762,53,64,73,9,9,9,1414,117839418.20343548,83337.63663609298,1557.713645266197,0.9589350865545033,0.5631984511188688,0.9410170777412608,1186,1181,1033,1029,785,783,317,315,643,100632.2211311697,631,99498.05546653068,468,1553935.8193576843,468,1553935.8193576843,233,6991272.153220074,232,6980462.400247414,49,15476922.47761773,49,15476922.47761773,35,112236809.51334237,34,93728599.45074613,0.7780112044817927,0.7772277227722773
2026-05-14,171,0,0,0.0,0.0,28361238.04620869,24,7231500.0,7,2992047.0,0,0.0,140,18137691.04620869,62,71,82,7,6,7,1436,140599025.18466902,97910.18466898956,1500.0,0.9651137461877799,0.5946077790981567,0.9515376289327191,51,59,69,7,4,7,1424,122162240.55641717,85788.09027838284,1524.4099650211274,0.9610907595797842,0.5543351302336604,0.9449926904081142,1193,1188,1039,1035,786,784,315,313,650,102417.81020164667,640,101282.99751868981,471,1565811.8246670628,471,1565811.8246670628,234,6997765.427492017,233,6986925.674519356,46,13925360.89341216,46,13925360.89341216,35,118007669.22889613,34,99582859.1662999,0.7806406685236769,0.7801966292134831
2026-05-15,164,0,0,0.0,0.0,33240877.140549723,27,11453900.0,8,1821400.0,0,0.0,129,19965577.140549723,59,73,81,6,6,5,1441,150231525.18466902,104255.0487055302,1498.0,0.966076900752713,0.5830725707847889,0.9542459561120183,50,65,72,6,5,5,1430,131944910.72273406,92269.16833757627,1500.0,0.9626108521123371,0.5481111104900517,0.9486724015331639,1193,1189,1036,1033,785,783,314,312,656,102031.04219759435,647,101666.39583152288,471,1571304.2634314895,471,1571304.2634314895,230,6793667.5231920015,229,6782827.770219341,46,13025681.056101333,46,13025681.056101333,38,128738841.2997466,37,110463431.23715037,0.7820957668285913,0.7818181818181819
2026-05-16,158,0,0,0.0,0.0,23088645.820072003,19,5381000.0,5,1101000.0,0,0.0,134,16606645.820072003,51,57,68,8,6,8,1451,154511525.18466902,106486.23375924812,1498.0,0.9658492877793271,0.5767848472346437,0.9532707555379073,46,51,62,8,6,6,1438,136205477.7662136,94718.69107525285,1500.0,0.9624856563399748,0.5421551144498269,0.9479494540676645,1200,1194,1041,1037,789,786,321,318,662,103010.84113946816,652,102641.8885905287,468,1569989.6468100373,468,1569989.6468100373,235,6947206.344615683,233,6916937.941305412,48,14328418.18300572,48,14328418.18300572,38,131562900.16909812,37,113287490.10650189,0.7787732598208132,0.7788595271210014
2026-05-17,78,0,0,0.0,0.0,8165128.861165856,13,1806200.0,3,1363000.0,0,0.0,62,4995928.861165856,26,48,52,10,2,1,1460,154954725.18466902,106133.37341415686,1475.603164890795,0.965371275512288,0.5692231064082716,0.9521792376025233,23,44,48,10,2,1,1447,136600882.32139283,94402.82123109387,1498.0,0.9620106117872671,0.5338794209840906,0.9470602226585335,1210,1204,1052,1048,791,788,323,320,669,107539.58551441539,659,107170.63296547595,468,1568327.4691959643,468,1568327.4691959643,235,6934186.040711972,233,6856122.192580938,49,14380827.645639494,49,14380827.645639494,39,131963844.44360718,38,113688434.38101095,0.7787671232876713,0.778852798894264
2026-05-18,156,0,0,0.0,0.0,34997916.88954472,32,8256500.0,4,2294000.0,0,0.0,120,24447416.889544718,58,65,79,12,7,2,1467,160917225.18466902,109691.3600440825,1479.1588435315089,0.9644415403454308,0.534692092587742,0.9520682494840715,51,59,72,12,6,2,1455,153324731.95213303,105377.82264751411,1498.0,0.9637505982275699,0.5383068781791476,0.950914891384406,1216,1211,1056,1052,797,794,327,324,670,106853.76667480508,661,106489.1203087336,470,1573696.1635625218,470,1573696.1635625218,237,7032494.361029709,235,6945775.837456025,49,14860367.332379391,49,14860367.332379391,41,137343813.56102258,40,129838403.49842636,0.7770961145194274,0.777319587628866
2026-05-19,173,0,0,0.0,0.0,27392284.717649527,33,4446500.0,7,3325040.0,0,0.0,133,19620744.717649527,57,68,77,6,4,4,1473,162038685.18466902,110005.89625571556,1500.0,0.9643917589602469,0.5296880938785979,0.9512499715216327,47,57,65,6,4,3,1460,154597286.5403202,105888.55242487683,1500.5,0.9639504060944588,0.5365809069736179,0.9502711520126963,1222,1216,1064,1059,804,801,333,330,669,108140.49740115574,659,107534.69463721647,471,1570556.2865080861,471,1570556.2865080861,241,7020693.733440555,240,7009853.980467895,51,14568010.8944854,50,14014067.868469391,41,138771283.77283382,40,131895273.71023759,0.7739307535641547,0.773972602739726
2026-05-20,115,0,0,0.0,0.0,27234427.794278983,23,7670000.0,8,2100981.0,0,0.0,84,17463446.794278983,46,59,67,19,5,0,1487,167607704.18466902,112715.33569917217,1500.0,0.9654572869943355,0.5393211906709195,0.9519554534422214,41,55,62,19,5,0,1474,160840248.56633618,109118.21476684952,1509.4062518046499,0.9648780765899685,0.551095744466853,0.9506268445728563,1234,1229,1073,1069,813,811,334,332,674,108583.3223204765,663,107977.51955653723,479,1603980.4179774728,479,1603980.4179774728,241,7040072.406844756,240,7029232.653872094,53,14863102.41852434,53,14863102.41852434,40,143991965.61900198,39,137235955.55640575,0.7753866845998655,0.7747625508819539
2026-05-21,184,0,0,0.0,0.0,71484464.11740695,37,12647000.0,7,3473859.0,0,0.0,140,55363605.11740694,77,84,102,17,16,2,1490,176780845.184669,118644.8625400463,1499.0,0.9698805925902674,0.6503631548301618,0.9564972903922302,70,74,92,17,16,2,1477,141635141.95292866,95893.7995619016,1500.0,0.963960092910968,0.5885863638501113,0.9471956066945837,1235,1229,1074,1069,815,812,328,325,675,107559.10370261593,665,106915.80094107463,487,1629836.8837663792,487,1629836.8837663792,238,6953049.784815818,237,6942205.056843476,53,15822752.792499984,52,15503724.654089745,37,152267646.61988422,36,117452459.557288,0.7798657718120805,0.7799593771157752
2026-05-22,193,0,0,0.0,0.0,32207425.636067584,31,7410000.0,9,2281967.0000000107,0,0.0,153,22515458.636067573,71,81,98,19,13,4,1500,181908878.18466902,121272.58545644602,1486.2308837193325,0.9685240911298676,0.6169163686128281,0.9547105051237553,60,69,85,19,13,4,1487,146862984.07347888,98764.61605479414,1500.0,0.9625412093486599,0.5495961427241631,0.9453444150890447,1246,1240,1082,1077,819,816,332,329,681,108871.05877468913,671,108059.94139625144,487,1624588.130577514,487,1624588.130577514,238,7105102.017135774,237,7094234.224330531,55,17348728.149782114,54,17029700.011371877,39,155721588.8283989,38,121006401.76580268,0.7786666666666666,0.7787491593813046
2026-05-23,133,0,0,0.0,0.0,24838619.232849915,17,3636000.0,6,2706813.0,0,0.0,110,18495806.232849915,59,61,75,8,3,0,1505,182838065.18466902,121487.08650144121,1490.0306830060392,0.9678385086848369,0.6056681823955099,0.9537856164971935,50,52,65,8,3,0,1492,146871372.40681738,98439.25764531996,1500.0,0.961866413631282,0.5454588248990762,0.943909997880217,1250,1244,1087,1082,822,819,335,332,683,109804.08883892023,673,108939.00792256583,487,1624884.737445742,487,1624884.737445742,238,7015059.637070755,237,7004191.844265513,57,18206798.65167128,57,18206798.65167128,40,155881518.0696423,38,119926558.16551228,0.7774086378737541,0.7774798927613941
2026-05-24,227,0,0,0.0,0.0,44720454.983544,27,6531000.0,5,4360929.0,0,0.0,195,33828525.983544,54,79,84,17,6,6,1522,185008136.18466905,121555.9370464317,1499.0,0.9675693214463787,0.5967378320842148,0.9530311578424827,44,67,72,17,6,6,1509,148601689.75845796,98476.93158280845,1500.0,0.9615941536496683,0.5368340146446217,0.9429513583482078,1265,1259,1103,1098,829,826,340,337,693,112685.46823381385,683,111459.87017018156,489,1636373.4548759726,489,1636373.4548759726,242,7140559.023204369,241,7129691.222834896,58,19130385.356708854,58,19130385.356708854,40,156988132.881646,38,120593779.85386804,0.7766097240473062,0.776673293571902
2026-05-25,247,0,0,0.0,0.0,43246732.91663839,28,4751000.0,16,3475155.0,0,0.0,203,35020577.91663839,74,87,99,20,6,3,1539,186283981.18466902,121042.22299198767,1479.1588435315089,0.9668625336255402,0.5695080651709575,0.9515231553860458,62,75,86,20,6,3,1526,151269810.12818432,99128.31594245369,1499.0,0.961465353748363,0.52124137766319,0.9417067663358246,1276,1270,1112,1107,836,832,344,341,703,113396.16009814928,694,113031.51373207783,492,1634078.4095226047,491,1632857.6344378768,246,7482985.040337222,245,7472117.23996775,57,18887797.873932887,57,18887797.873932887,41,158165723.70077813,39,123164005.86611374,0.7764782326185835,0.7765399737876802
2026-05-26,263,0,0,0.0,0.0,59529926.75838271,28,5075000.0,20,10561415.0,0,0.0,215,43893511.75838271,75,77,92,10,8,5,1546,180797566.18466902,116945.38563044567,1480.7949639820672,0.9657426684647571,0.5635620989011877,0.9473558167608351,64,67,81,10,8,5,1533,148224820.09146914,96689.380359732,1500.0,0.9603600696816548,0.5184500853243597,0.9372231521289193,1283,1277,1117,1112,840,836,349,346,706,112577.93462593801,697,112213.28825986656,491,1635072.374240719,490,1633851.5991559909,248,7669889.894554082,247,7659022.094184611,62,20940939.477738526,62,20940939.477738526,39,150439086.5035097,37,117878793.63213016,0.7742561448900388,0.7742987606001305
2026-05-27,188,0,0,0.0,0.0,35704457.05897434,23,2589000.0,19,7447868.0,0,0.0,146,25667589.05897434,74,62,85,11,10,3,1550,175938698.18466902,113508.83753849614,1400.0,0.9663009691031517,0.5762259030604624,0.9474971197785013,70,59,81,11,10,3,1537,145327229.09146914,94552.52380707166,1472.047486250081,0.9611054756788426,0.5249883138176685,0.9378999019542607,1284,1278,1120,1115,839,835,344,341,711,114232.56170958493,702,113867.91534351348,495,1640207.7137667048,494,1638986.9386819766,246,7682848.121639826,245,7671980.321270354,59,19119138.60887925,59,19119138.60887925,39,147382271.1786736,37,116783255.30729406,0.7780645161290323,0.7781392322706572
2026-05-28,210,0,0,0.0,0.0,28784272.266085338,22,3308862.0000000107,13,5093562.0,0,0.0,175,20381848.266085327,72,77,94,9,11,7,1555,174153998.18466902,111996.14031168426,1393.1649667626482,0.9659168061474291,0.5627486873476489,0.9465412319248804,65,71,86,9,10,6,1542,150048257.202625,97307.55979417964,1415.2840363162575,0.9615876594110656,0.5164368455041491,0.938719848214752,1288,1282,1121,1116,839,835,345,343,716,114432.23236675936,707,114067.58600068791,494,1646296.797207952,492,1642451.022123224,247,7749329.168734335,246,7738461.368364863,60,19477630.364140518,60,19477630.364140518,38,145166309.62221944,37,121075646.86199571,0.7781350482315113,0.7775616083009079
2026-05-29,233,0,0,0.0,0.0,43628440.918474585,32,5068579.0,15,6114616.0,0,0.0,186,32445245.91847458,77,88,103,14,6,4,1567,173107961.18466902,110470.93885428783,1467.607585572017,0.963392095643863,0.5208674262767881,0.942423090979409,68,79,93,14,6,3,1553,158358225.98229164,101969.23759323351,1498.0,0.9609446670307946,0.49968555319835933,0.937772310057308,1299,1293,1132,1127,851,848,356,354,716,114667.02705071612,705,114039.47584655244,495,1629621.7641078345,494,1628362.3701125844,256,8222732.54071113,255,8211864.740341656,59,19384544.90625625,59,19384544.90625625,41,143756394.9465431,40,129019414.48973459,0.772814294830887,0.7720540888602705
2026-05-30,110,0,0,0.0,0.0,23993899.199943315,9,345000.0,16,7321089.0,0,0.0,85,16327810.199943315,52,50,64,6,7,3,1569,166131872.18466902,105883.92108646846,1400.0,0.9615672990301458,0.4898671386276398,0.9398198594165835,40,39,51,6,5,3,1557,160224099.88712975,102905.65182217711,1472.047486250081,0.9609545980638659,0.4942306710471897,0.9383079849430143,1300,1295,1132,1128,849,846,355,353,720,115613.7382203331,711,115249.09185426164,494,1630042.6449636456,493,1628383.2509683955,254,8151783.040275584,253,8140915.239906113,59,19675141.54311818,59,19675141.54311818,42,136559291.21809128,41,130664410.76128279,0.7737412364563416,0.7732819524727039
2026-05-31,215,0,0,0.0,0.0,96984366.09372273,21,4997000.0,14,8730910.0,0,0.0,180,83256456.09372273,66,79,90,11,7,2,1575,162397962.18466902,103109.81726010732,1393.1649667626482,0.9607077742638617,0.47069055269753257,0.9374131873453719,54,67,77,11,6,1,1563,160504255.13384366,102689.86252965046,1430.568072632515,0.9607186132661623,0.47624398813547103,0.9373714113086348,1305,1300,1135,1131,851,849,356,354,724,114356.77999560538,714,113808.72361120972,495,1631478.9426640202,495,1631478.9426640202,255,8317735.112085652,254,8306867.31171618,60,19828098.84006931,60,19828098.84006931,41,132506292.50985444,40,130624001.31578292,0.773968253968254,0.7735124760076776
2026-06-01,260,0,0,0.0,0.0,57374675.67276675,47,7308595.0,10,3260456.0,0,0.0,203,46805624.67276675,104,98,128,13,26,9,1571,166446101.18466902,105949.14142881542,1263.81,0.9639630930733865,0.5207333339687162,0.9449100419896878,91,85,114,13,26,8,1558,162688325.55901578,104421.26159115262,1400.0,0.9637359234165179,0.5327612346993249,0.9442555324299152,1299,1294,1127,1124,844,843,346,345,727,113474.49518486214,715,112939.85809720017,498,1656276.3978077685,498,1656276.3978077685,248,7599757.832250953,248,7599757.832250953,61,21362485.82299357,61,21362485.82299357,37,135714106.63643184,36,131956865.64786628,0.7797581158497772,0.7785622593068036
2026-06-02,198,0,0,0.0,0.0,31121873.192028426,39,5175900.0,14,7901011.0,0,0.0,145,18044962.192028426,67,70,82,9,6,3,1577,163720990.18466902,103818.0026535631,1267.6212871049904,0.9641898058297818,0.5202621439501037,0.94443744572482,61,65,76,9,6,3,1564,160267736.93600738,102472.97758056739,1400.0,0.9640110921146363,0.5314721165440808,0.9438830488407952,1305,1300,1131,1128,850,848,348,347,727,112944.22802627731,716,112549.59093861534,502,1664585.3357740042,501,1661960.3357740042,251,7619226.839321597,251,7619226.839321597,60,20023164.766879696,60,20023164.766879696,37,134301069.01466745,36,130850835.40309347,0.7793278376664553,0.7781329923273658
2026-06-03,254,0,0,0.0,0.0,50933251.03596536,41,5743290.0,22,11819203.0,0,0.0,191,33370758.03596536,102,98,126,18,13,3,1585,157645077.18466902,99460.61652029591,1230.0,0.9626132356615474,0.49968064409438784,0.9412368817685991,92,87,115,18,13,2,1571,153559647.4892178,97746.43379326403,1263.81,0.9626385638913074,0.5129745671725112,0.9409837947822827,1306,1300,1134,1129,849,847,347,345,736,114278.29073353788,724,113069.65091652119,502,1675195.830988616,502,1675195.830988616,249,7674242.18747887,249,7674242.18747887,61,21336997.001550503,60,20703009.557490274,37,126844363.87391749,36,123394130.26234351,0.7810725552050474,0.7803946530872056
2026-06-04,198,0,0,0.0,0.0,36914008.45651315,24,2988999.0,19,10062658.0,0,0.0,155,23862351.45651315,69,65,84,14,7,3,1595,150571418.18466902,94402.14306248841,1138.15,0.9637447776408695,0.5177729572444039,0.9411772299456287,59,56,74,14,6,3,1582,147163250.09638608,93023.54620504809,1189.4662283772655,0.9635057836180538,0.5297641117527507,0.9404987935590235,1313,1309,1139,1136,848,847,343,342,747,116341.86438339006,735,115704.88025613694,505,1668118.335620333,505,1668118.335620333,251,7872567.708633661,251,7872567.708633661,56,18510203.700463086,56,18510203.700463086,36,122404186.57556856,35,118996655.47141285,0.7849529780564264,0.7838179519595448
2026-06-05,198,0,0,0.0,0.0,30104961.377755083,30,4417000.0,12,6664467.0,0,0.0,156,19023494.377755083,70,65,83,9,4,1,1601,148323951.18466902,92644.56663627047,1160.2597714407664,0.9627703820918272,0.5320996720070512,0.9375891861586076,65,61,78,9,4,1,1588,145266463.09638608,91477.62159722045,1217.0,0.962532189431889,0.5432990113057671,0.9369683729726145,1316,1312,1144,1141,854,853,346,345,747,116356.97957975813,735,115719.99545250501,508,1680321.0750778546,508,1680321.0750778546,248,7660340.450948548,248,7660340.450948548,61,19102390.97076982,61,19102390.97076982,37,119764541.70829302,36,116707690.60413735,0.7838850718301061,0.7827455919395466
2026-06-06,163,0,0,0.0,0.0,23361093.92770158,24,4673500.0,18,5208948.0,0,0.0,121,13478645.92770158,72,63,79,6,9,2,1600,147788503.18466902,92367.81449041814,1161.3798857203833,0.9632731391965791,0.5302647673565912,0.9402227253546676,65,57,72,6,9,1,1586,145265245.4046049,91592.21021727927,1220.331059243193,0.9631078915246326,0.5394754680716846,0.9398777771252886,1312,1307,1137,1134,852,851,342,341,748,112803.1573791636,735,112078.67325191048,510,1695981.176716404,510,1695981.176716404,248,7625609.61019697,248,7625609.61019697,56,17676974.85725717,56,17676974.85725717,38,120677134.3831193,37,118154601.08718245,0.78625,0.7849936948297604
2026-06-07,87,0,0,0.0,0.0,17246651.6411456,18,6185497.0,9,5902773.0,0,0.0,60,5158381.641145597,42,37,49,5,4,1,1602,148071227.18466902,92428.98076446255,1179.754630441982,0.9630467766108985,0.5320581873949831,0.9394663464823751,37,33,44,5,3,1,1589,145548056.9046049,91597.26677445244,1239.0787263267764,0.9628962310342676,0.541281762303851,0.939108390955657,1313,1309,1139,1136,854,853,344,343,748,112751.66284972167,736,112114.67872246858,510,1700572.1622102167,510,1700572.1622102167,249,7649968.537266327,249,7649968.537266327,58,18964158.21654193,58,18964158.21654193,37,119643776.60580081,36,117121243.30986397,0.7852684144818977,0.7841409691629956
2026-06-08,217,0,0,0.0,0.0,54400445.31804891,24,2549000.0,22,9068203.0,0,0.0,171,42783242.31804891,76,79,106,16,16,3,1605,141552024.18466902,88194.4075916941,1126.4751698275938,0.9656207467019867,0.5580403045056089,0.9456448541904663,72,72,99,16,16,2,1591,138328713.65460292,86944.5088966706,1162.5,0.9653630218998693,0.5710436581998068,0.9451068149233062,1315,1310,1136,1132,849,848,334,333,756,113968.9176353566,743,113191.6835061035,515,1719735.848798066,515,1719735.848798066,249,7360376.147758924,249,7360376.147758924,50,15510658.617954982,50,15510658.617954982,35,116847284.65252168,34,113624751.35658483,0.7919003115264798,0.7906976744186046
2026-06-09,160,0,0,0.0,0.0,37574673.28820628,23,2374000.0,14,6654892.0,0,0.0,123,28545781.288206276,66,66,78,4,7,3,1605,137271132.18466902,85527.18516178755,1106.3134767917188,0.9649255396192086,0.5548203514586169,0.9436335652498771,59,59,71,4,6,3,1592,134046839.99329652,84200.27637769881,1144.7018489520792,0.9646620381550409,0.5681657084018467,0.9430368860593145,1320,1316,1135,1132,848,846,332,331,757,114380.07028225297,746,114094.46782920387,516,1719429.6363696123,515,1717956.3433869886,246,7303674.60871079,246,7303674.60871079,52,15984168.627324993,52,15984168.627324993,34,112149479.24198137,33,108926945.94604452,0.7931464174454829,0.7920854271356784
2026-06-10,190,0,0,0.0,0.0,47573630.46286808,26,4599000.0,19,7507584.0,0,0.0,145,35467046.46286808,76,73,90,6,8,5,1608,134362548.18466902,83558.7986223066,1116.3943233096563,0.9650877544636407,0.5970174465325088,0.9400274599341797,66,64,80,6,8,5,1595,133816697.49263974,83897.61598284623,1160.2597714407664,0.9650660657178662,0.5994527359429446,0.9405432613568073,1326,1322,1140,1137,849,847,338,337,759,114917.18642850143,748,114631.58397545236,511,1710462.3876334867,510,1708989.094650863,252,7632683.730288797,252,7632683.730288797,55,17117823.77631915,54,16573731.97972557,31,107786661.10399908,31,107786661.10399908,0.7898009950248757,0.7887147335423198
2026-06-11,136,0,0,0.0,0.0,20416834.11326215,27,4427501.0,9,4743942.0,0,0.0,100,11245391.113262152,55,63,78,6,2,5,1617,134046107.18466902,82898.02546980149,1126.4751698275938,0.9646142258989147,0.5948143616115016,0.9386761608932646,50,55,70,6,2,4,1603,133419213.51618895,83230.95041558886,1160.2597714407664,0.96470096565856,0.597609201630327,0.9397581515722613,1336,1330,1147,1143,855,852,340,338,762,115748.75189140881,751,115313.35982689378,515,1736699.3982210932,514,1735226.1052384698,254,7767773.75976436,253,7686880.572925012,55,17623459.92604952,54,17079368.12945594,31,106802425.34874263,31,106802425.34874263,0.7897340754483612,0.7891453524641298
2026-06-12,194,0,0,0.0,0.0,34770447.23932288,31,3162913.0,12,1952056.0,0,0.0,151,29655478.239322875,74,80,94,10,8,7,1626,135256964.18466902,83183.86481221957,1086.6082529678097,0.9647689556416614,0.5930849477255679,0.93886982166123,64,69,83,10,7,7,1613,134187205.15823433,83191.07573356127,1100.6054845573715,0.9649971677212317,0.5978131032566695,0.939885099142033,1340,1335,1147,1143,854,851,340,338,772,115559.39204269374,762,115400.87735082631,514,1722446.2691044866,513,1720972.976121863,254,7830276.681022261,254,7830276.681022261,54,17501933.93898835,52,16433806.720228158,32,108086747.90351123,32,108086747.90351123,0.7908979089790897,0.7904525728456293
2026-06-13,47,0,0,0.0,0.0,8750260.751734272,6,1300000.0,6,1452671.0,0,0.0,35,5997589.751734272,28,26,36,7,4,1,1630,135104293.18466902,82886.06943844724,1071.6334537765615,0.9649055071448607,0.5892943311733304,0.9396562937739583,27,25,35,7,4,1,1617,132076034.15823434,81679.67480410288,1092.478259826656,0.9649663810085232,0.6028057595636199,0.9397993585981512,1343,1338,1146,1142,854,851,339,337,776,115041.98679388793,766,114883.47210202049,515,1730102.7609899114,514,1728629.4680072877,255,7907549.030028891,255,7907549.030028891,51,16684616.408673627,50,16124806.720228156,33,108666982.9981827,32,106200165.46786797,0.7920245398773006,0.7915893630179345
2026-06-14,89,0,0,0.0,0.0,8884316.607472334,11,2261800.0,4,2215000.0,0,0.0,74,4407516.607472333,33,42,50,5,5,0,1630,135151093.18466902,82914.78109488897,1084.259560449067,0.9649958787471383,0.5946159113235715,0.9398128935545302,29,39,46,5,4,0,1618,132122979.40823434,81658.20729804348,1093.8757210877354,0.9650757449557907,0.6082438558403446,0.9399584636254547,1342,1338,1148,1145,855,852,339,337,775,114948.14492544328,766,114934.88023357585,516,1721770.4965554336,515,1720297.2035728102,254,7797634.590246417,254,7797634.590246417,53,17703888.373569127,52,17144078.685123656,32,107812851.5793726,31,105346034.04905787,0.7920245398773006,0.7917181705809642
2026-06-15,186,0,0,0.0,0.0,24170829.01359108,47,6646800.0,9,3006382.0,0,0.0,130,14517647.013591079,65,87,96,16,2,6,1650,138791511.18466902,84116.06738464789,1071.6334537765615,0.9639810222849796,0.5756960670918531,0.9371442775346953,58,79,87,16,2,4,1636,135862689.1995934,83045.65354498374,1093.8757210877354,0.9640453182488679,0.588106474304853,0.9372770369637395,1360,1354,1160,1156,864,861,347,345,786,116381.08807050789,775,115724.10616238078,517,1712840.913892709,516,1711367.6209100853,257,7894618.705600576,257,7894618.705600576,55,18272053.220513277,54,17712243.532067813,35,110795617.25659195,34,108428735.23485254,0.7896969696969697,0.789119804400978
2026-06-16,135,0,0,0.0,0.0,17394269.50404861,20,4080700.0,9,1916998.0,0,0.0,106,11396571.504048608,55,57,69,4,9,6,1651,140955213.18466902,85375.65910640158,1061.2875129741649,0.9632136976143444,0.5701215606722669,0.9351781621117619,45,49,59,4,8,6,1638,138126959.94959342,84326.59337582016,1089.5775197215496,0.9633128021781496,0.5817952277749535,0.9353101345535387,1359,1354,1160,1157,863,860,349,347,788,115801.80156846927,778,115713.56966034215,514,1712994.4590982436,513,1711521.1661156202,256,8008179.717891956,256,8008179.717891956,57,19062740.958531696,56,18502931.27008623,36,112055496.24757865,35,109788614.22583924,0.7886129618413082,0.7881562881562881
2026-06-17,115,0,0,0.0,0.0,12461009.765176063,26,3128500.0,5,584662.0,0,0.0,84,8747847.765176063,51,62,71,8,7,8,1660,143499051.18466902,86445.21155702953,1103.4594806745451,0.9628111171856308,0.5690374712006704,0.9326564744320265,48,60,68,8,7,7,1646,141251796.71169183,85815.18633760135,1134.544772745528,0.9630128798268935,0.5780906091586776,0.9330616209094494,1368,1362,1169,1165,874,870,356,354,786,114799.57003985578,776,114711.33813172868,518,1727419.4793212367,516,1718942.0043032817,260,8221512.973073607,260,8221512.973073607,60,19735216.778705418,59,19175407.09025995,36,113700102.3835289,35,112021223.30592327,0.7855421686746988,0.7849331713244229
2026-06-18,197,0,0,0.0,0.0,29852552.648447864,33,2125800.0,5,3625556.0,0,0.0,159,24101196.648447864,63,68,78,10,4,1,1667,141999295.18466902,85182.54060268088,1137.3003484795372,0.9619044561792266,0.5573677920811242,0.9303461941587841,56,61,70,10,3,1,1654,138873001.5755322,83961.9114725104,1166.0128881884648,0.9620611317911644,0.5699151939990859,0.9302311840633445,1375,1370,1175,1171,880,877,359,357,787,115012.5428408468,777,114699.38493518194,521,1747472.9233230352,520,1745999.6303404118,261,8228305.870218572,261,8228305.870218572,62,20383130.62610235,62,20383130.62610235,36,111525373.22218421,34,108400866.06393567,0.7846430713857229,0.7841596130592503
2026-06-19,342,0,0,0.0,0.0,70653282.44751053,33,6900622.0,15,5369406.0,0,0.0,294,58383254.447510526,95,85,114,10,25,1,1653,143530511.18466902,86830.3152962305,1092.478259826656,0.963275700253174,0.5551063700622229,0.9370717708289475,89,79,108,10,25,1,1640,137164136.27712473,83636.66846166142,1116.3943233096563,0.9625666239216,0.5568438742431481,0.9356221335281243,1362,1357,1163,1159,867,864,350,348,786,117444.83267604616,776,117131.6747703813,517,1725227.3401177663,516,1723754.0471351426,254,7589448.72807337,254,7589448.72807337,60,19596232.841907877,59,19293800.89251972,36,114502157.44189395,35,108440000.93462612,0.7882637628554144,0.7878048780487805
2026-06-20,170,0,0,0.0,0.0,19220407.73980577,11,1500000.0,9,2630508.0,0,0.0,150,15089899.739805771,67,67,82,13,7,3,1662,142400003.18466902,85679.90564661192,1014.2213445741777,0.9639131934666192,0.5684613491305851,0.9372906510124397,57,55,69,13,7,2,1648,136332250.2866567,82725.8800283111,1071.6334537765615,0.9630054740780357,0.5696004119212377,0.9352866611807397,1369,1363,1166,1161,865,862,346,345,797,119826.74290865767,786,118646.05439664243,519,1722105.678197097,517,1715989.9759646477,251,7587879.0744313495,251,7587879.0744313495,60,19788318.947003122,60,19788318.947003122,35,113181872.74212877,34,107121416.23486094,0.7918170878459687,0.7906553398058253
2026-06-21,173,0,0,0.0,0.0,24456525.049673103,15,1926800.0,9,4429888.0,0,0.0,149,18099837.049673103,66,80,89,8,5,3,1668,139896915.18466902,83871.05226898623,1005.68849581,0.9633153760163634,0.5608747376553135,0.9362627377087889,59,75,82,8,4,3,1655,135908910.60297203,82120.1876755118,1030.4817501519376,0.9628403701739385,0.5683645655547132,0.9351481596658211,1374,1369,1167,1163,865,863,347,346,803,119897.38955697467,792,118716.70104495942,518,1713461.631941938,517,1711938.9140135096,253,7683287.35535766,253,7683287.35535766,60,21346033.85731409,60,21346033.85731409,34,109034234.95049834,33,105048933.7752418,0.7919664268585132,0.7909365558912387
2026-06-22,196,0,0,0.0,0.0,21703835.71880776,32,1213000.0,13,5050394.0,0,0.0,151,15440441.718807762,53,67,76,9,1,4,1680,136059521.18466905,80987.81022896967,1009.0,0.9630095861643487,0.5644810063465623,0.9331609893016074,47,60,68,9,1,4,1667,133076091.79674873,79829.68914022119,1030.4817501519376,0.962717551144782,0.5755442449062689,0.9324525130092819,1386,1380,1178,1173,873,870,350,349,807,120194.5435776631,797,119013.35506614787,523,1721679.8136241476,521,1717732.7894719024,257,7952209.434878439,257,7952209.434878439,61,21665925.019314267,61,21665925.019314267,32,104599512.3732745,31,101621211.19801797,0.7916666666666666,0.7906418716256749
2026-06-23,173,0,0,0.0,0.0,22027121.522559855,29,5484000.0,7,2410000.0,0,0.0,137,14133121.522559857,59,80,87,9,2,9,1696,139133521.18466902,82036.27428341334,1024.4622196501464,0.9615150736811465,0.5548618882695918,0.9263000763087009,52,73,79,9,2,9,1683,137428102.2967522,81656.62643894962,1081.979394578958,0.9614413160996499,0.561747466463758,0.9261504887869543,1402,1396,1193,1188,884,881,361,360,812,120928.36152656087,802,119743.67301854561,523,1723514.946460302,521,1719567.922308057,264,8709686.58622498,264,8709686.58622498,63,21649183.399297033,63,21649183.399297033,34,106930207.89116013,33,105229920.7159036,0.7871462264150944,0.786096256684492
2026-06-24,291,0,0,0.0,0.0,57603220.68083566,35,7630998.0,18,5649845.8299029,0,0.0,238,44322376.850932755,108,103,129,14,20,2,1692,141114673.35476613,83401.10718366793,1003.145792987536,0.9627659367752518,0.550652628213642,0.9328748661000021,100,92,118,14,20,2,1679,135003962.3240013,80407.36290887512,1010.0,0.9621543570070569,0.5562779192718008,0.9313390735549417,1397,1391,1190,1185,877,874,355,353,815,123175.95397958989,805,121854.45463454664,522,1718379.6682906887,521,1716856.95036226,259,8030785.721922839,259,8030785.721922839,61,20807998.751115758,60,20305574.44489194,35,110434333.25945725,34,104828890.75218968,0.7901891252955082,0.7897558070279929
2026-06-25,229,0,0,0.0,0.0,29966957.709304374,45,5829223.0,13,4336983.59177258,0,0.0,171,19800751.117531795,96,107,125,14,15,4,1695,142606912.76299354,84133.87183657436,1008.0,0.9635497469316852,0.5529202138437388,0.9344680552733909,87,98,115,14,15,3,1681,138998451.0384525,82687.95421680696,1052.7500012211003,0.9631569146119578,0.5657962488480247,0.9335079704953936,1400,1394,1195,1190,879,877,357,356,816,124150.10916162319,804,122653.6098165799,522,1709858.1591479233,521,1708335.4412194947,263,8111300.056507308,263,8111300.056507308,59,19968683.222024128,59,19968683.222024128,35,112692921.21615255,34,109087478.70888501,0.7893805309734513,0.7882212968471148
2026-06-26,268,0,0,0.0,0.0,36405123.5539437,33,7086000.0,15,3726716.6230444307,0,0.0,220,25592406.930899274,96,98,110,5,7,4,1697,145966196.1399491,86014.25818500243,1002.9145943550719,0.9639978874394792,0.5551334524779238,0.9358932165158955,86,88,99,5,6,4,1684,142776431.01727742,84784.10392949966,1014.2213445741777,0.9637255961683483,0.5675356767983238,0.9351820261812174,1402,1397,1197,1193,879,877,358,357,818,125089.91557280009,807,123668.26917628554,521,1693385.9946816065,520,1691863.2767531779,263,8038947.421687634,263,8038947.421687634,59,20079086.20381888,59,20079086.20381888,36,116029686.60418819,35,112842865.84584145,0.7890394814378314,0.7880047505938242
2026-06-27,164,0,0,0.0,0.0,25358566.14991822,38,9359000.0,11,2167386.0,0,0.0,115,13832180.149918223,57,74,85,6,5,3,1701,153157810.1399491,90039.86486769495,1052.7500012211003,0.9622723758081236,0.5379269106075697,0.9335177701249149,49,67,77,6,5,3,1688,150315515.90395093,89049.47624641642,1085.3383898082216,0.9620744525578453,0.5480984923515673,0.9329858650807948,1405,1400,1200,1196,889,886,365,364,812,122433.317150207,802,121430.05742720983,524,1705968.014765242,522,1700962.7968368134,262,8048481.627308216,262,8048481.627308216,61,19943956.189974863,61,19943956.189974863,42,123336970.99075058,41,120500685.23240384,0.7854203409758965,0.7843601895734598
2026-06-28,147,0,0,0.0,0.0,30373458.20140229,16,3159499.0,11,3409984.0,0,0.0,120,23803975.20140229,51,60,71,6,6,1,1702,152907325.1399491,89839.79150408291,1010.0,0.9628305126247578,0.5446122199719682,0.934410315674196,39,49,59,6,6,1,1689,150182819.6388853,88918.18806328317,1052.7500012211003,0.9627038790049096,0.5544921715724774,0.9340631631936299,1406,1400,1203,1197,885,882,363,361,817,124633.13624293744,807,123390.86856519143,522,1698718.4683536245,521,1697195.7504251958,261,8003401.800770725,260,7981593.4506593235,60,19232135.557557356,60,19232135.557557356,42,123848436.17702447,41,121148504.01167822,0.7867215041128085,0.7862640615748964
2026-06-29,173,1,0,300000000.0,0.0,28950730.011537824,27,3285500.0,9,1602888.0,0,0.0,136,24062342.011537824,75,81,99,9,15,5,1701,154589937.1399491,90881.79726040512,1008.0,0.9654497795326218,0.5902571769223761,0.9377027064708249,67,72,90,9,14,5,1689,144082110.86743551,85306.1639238813,1018.4426891483553,0.963806830949666,0.5789605153170275,0.9340228764845272,1402,1397,1200,1195,883,880,359,357,818,124274.9928525184,809,123194.59529898921,524,1711147.2000843917,523,1709624.4821559633,262,8095112.497727237,261,8073304.147615835,59,18922636.615787838,59,18922636.615787838,38,125736765.83349714,37,115253351.02657688,0.7889476778365667,0.7886323268206039
2026-06-30,269,0,0,0.0,0.0,50236579.42232436,34,6319000.0,9,2679883.0,0,0.0,226,41237696.42232436,84,97,108,10,6,5,1710,158229054.1399491,92531.61060815738,1000.0,0.9652175002074365,0.5673523835863877,0.9373856164850777,75,88,98,10,6,3,1696,146224124.4057188,86217.05448450401,1003.145792987536,0.9638680173099157,0.5743082589084526,0.9336314793945131,1407,1400,1201,1195,882,879,363,361,828,125015.40534791301,817,123802.25779438381,519,1701042.3930445109,518,1699519.6751160822,265,8281356.880729782,265,8281356.880729782,59,18517175.88240802,59,18517175.88240802,39,129604463.57841888,37,117602269.70967053,0.787719298245614,0.7871462264150944
2026-07-01,271,0,0,0.0,0.0,17684704.739657074,33,2732000.0,13,3235570.0,0,0.0,225,11717134.739657074,69,88,95,10,3,5,1722,157725484.13994908,91594.35780484848,1000.0,0.9655991876073479,0.5719870453916592,0.9360789468302664,61,80,86,10,3,5,1708,145722031.5574848,85317.348687052,1005.68849581,0.9642477002208829,0.5793429039713648,0.9321947392675627,1418,1412,1209,1205,887,885,363,361,835,127110.45147277895,823,125851.73775678825,524,1723232.0640321895,524,1723232.0640321895,267,8631636.542426702,267,8631636.542426702,57,16916239.87894647,57,16916239.87894647,39,130327265.20307095,37,118325071.33432262,0.789198606271777,0.7886416861826698
2026-07-02,436,0,0,0.0,0.0,53214804.261233434,40,8080500.0,18,4056134.0,0,0.0,378,41078170.261233434,96,107,122,12,6,3,1731,161749850.1399491,93443.00990176147,1000.0,0.9643064601544974,0.5279721321878521,0.9354171765315733,86,97,111,12,6,3,1717,149282317.57179075,86943.69107267953,1000.0000008250787,0.9629272533964963,0.5348741982260581,0.9313715088565659,1425,1419,1211,1206,889,887,366,364,842,127123.2140587733,830,125881.40577284517,523,1718410.5701063452,523,1718410.5701063452,266,8600728.23346772,266,8600728.23346772,58,17740343.965086658,58,17740343.965086658,42,133563244.15722962,40,121096953.39735717,0.7885615251299827,0.7880023296447292
2026-07-03,210,0,0,0.0,0.0,42676241.39552299,29,1631499.0,10,2749135.0,0,0.0,171,38295607.39552299,64,84,94,17,4,2,1746,160632214.1399491,92000.12264601896,1003.145792987536,0.9625832995525383,0.5078468482207795,0.9312597307520503,54,75,82,17,3,2,1733,157932050.94869205,91132.17019543685,1018.2411301976485,0.9627308273513676,0.5165295022996983,0.9313935058140447,1436,1431,1226,1221,902,900,373,371,844,127415.41141785838,833,125667.87839590469,529,1735894.7782295835,529,1735894.7782295835,269,8772201.678561904,269,8772201.678561904,60,18507683.34986288,59,17999080.644579984,44,131489018.92187686,43,129299205.96892467,0.786368843069874,0.7859203693017888
2026-07-04,153,0,0,0.0,0.0,37912433.625451826,23,7540000.0,6,1983494.0,0,0.0,124,28388939.62545182,58,60,73,4,7,5,1748,166188720.13994914,95073.63852399836,1000.0,0.9652310513968418,0.5177773776538349,0.936079010956007,51,53,65,4,7,5,1735,163587206.94869205,94286.57461019715,1000.0000000005,0.9653850395579842,0.526011546469514,0.9363003377791806,1437,1432,1224,1219,897,894,367,365,851,127928.6519986729,841,126848.1851391807,530,1724031.007769444,529,1722613.9416069824,268,8870987.699532766,268,8870987.699532766,58,17846673.35918025,57,17437470.653897345,41,137619099.42146796,40,135429286.46851578,0.790045766590389,0.7896253602305475
2026-07-05,137,0,0,0.0,0.0,35206922.18192515,19,7513000.0,6,3935500.0,0,0.0,112,23758422.181925148,50,60,71,3,2,1,1750,169766220.1399491,97009.2686513995,1000.0,0.9658432813218987,0.5366928844075501,0.9366218265565315,42,52,62,3,2,1,1737,167731960.94869205,96564.16865209675,1000.0000000005,0.9660414716527381,0.5432019148082756,0.9370636916653057,1438,1433,1225,1220,899,896,368,366,851,127817.02702875444,841,126736.56016926224,531,1719944.8058894458,530,1718382.7397269844,267,8811311.111953557,267,8811311.111953557,61,18826765.94989755,60,18417563.244614646,40,140280381.24517983,39,138657967.2922276,0.7897142857142857,0.7892918825561313
2026-07-06,199,0,0,0.0,0.0,64715571.24472279,29,9903000.0,10,2121343.0,0,0.0,160,52691228.24472279,77,74,95,5,16,3,1742,177547877.13994908,101921.85828929339,1000.0,0.9688285405765293,0.5666240555343823,0.9450639311957686,71,66,87,5,16,2,1728,157980682.6187711,91424.00614512217,1000.0,0.966616718896607,0.5580981110952925,0.9395667045120798,1427,1421,1214,1208,889,885,357,355,853,126716.74334136484,843,125636.27648187264,532,1720271.8145475006,530,1714863.160885039,261,8306793.836716616,261,8306793.836716616,56,17722264.83945181,56,17722264.83945181,40,149671829.90589184,38,130111124.50523575,0.7950631458094145,0.7945601851851852
2026-07-07,130,0,0,0.0,0.0,28551536.163764242,20,2902500.0,5,438881.0,0,0.0,105,25210155.163764242,53,50,67,3,5,2,1742,180011496.13994908,103336.10570605574,1000.0,0.9697626713758599,0.5793298445375952,0.9470916627667029,48,47,62,3,4,2,1729,161298703.20627108,93290.16958141763,1000.0,0.9678247926318342,0.5703041834759551,0.9422099110201744,1426,1421,1212,1207,886,883,352,350,856,126576.61167617555,846,125496.14481668334,534,1732688.7697556918,533,1731126.70359323,259,8364843.562210975,259,8364843.562210975,54,17349691.173779167,54,17349691.173779167,39,152437696.02252713,37,133727545.62187104,0.7979334098737084,0.7975708502024291
2026-07-08,249,0,0,0.0,0.0,55140443.418748915,41,7454000.0,8,1345500.0,0,0.0,200,46340943.418748915,71,87,96,6,1,3,1750,186119996.13994908,106354.28350854233,1000.0,0.9697085873932324,0.5775472857606844,0.9471676436324709,61,75,84,6,1,2,1736,174855018.71262527,100722.93704644313,1000.0,0.9690627754689946,0.584463588765633,0.9449234397257325,1433,1427,1218,1213,892,889,356,354,858,127034.25729206497,847,125866.29043257277,536,1742419.7985288082,535,1740842.779583473,259,8263703.907368094,259,8263703.907368094,56,17934155.08874348,56,17934155.08874348,41,158052683.08801666,39,146790450.6464977,0.7965714285714286,0.7960829493087558
2026-07-09,281,0,0,0.0,0.0,44360559.52904165,36,6734168.04471991,14,6337975.0,0,0.0,231,31288416.48432174,79,95,111,15,5,5,1765,186516189.18466902,105674.89472219208,1000.0,0.9678801940035786,0.5521426915269356,0.9440931196472405,67,82,97,15,5,5,1751,176240563.50485462,100651.37835799807,1000.0,0.9673255110700886,0.5600688167403505,0.9419912216675747,1443,1437,1227,1221,899,896,364,362,866,130035.478996421,855,127978.00687666795,535,1747677.763745804,534,1746096.7448004687,262,8349425.0298577305,262,8349425.0298577305,58,18810606.3201495,58,18810606.3201495,44,157478444.59191957,42,147206457.40317026,0.7937677053824362,0.7932609937178755
2026-07-10,368,0,0,0.0,0.0,73916941.13629463,30,5597837.0,15,7790132.0,0,0.0,323,60528972.136294626,82,98,112,9,6,7,1775,184323894.18466902,103844.44742798255,1000.0,0.967587727673846,0.5543393186039852,0.942171678800346,71,87,100,9,6,7,1761,174759450.38652796,99238.75660790912,1000.0,0.9670782800704937,0.5612358864821066,0.9402631482614072,1452,1445,1234,1228,907,904,369,366,868,129449.57775704206,857,127388.30315174557,538,1765575.3082401077,538,1765575.3082401077,269,8764116.471684922,268,8746615.76626615,57,19536142.60033779,57,19536142.60033779,43,154128610.22664917,41,144583728.40853217,0.7921126760563381,0.7921635434412265
2026-07-11,134,0,0,0.0,0.0,37949223.32652804,16,1649272.0,12,3667381.0,0,0.0,106,32632570.326528046,49,54,66,9,7,3,1780,182305785.18466905,102418.98044082531,1000.0,0.967049363658801,0.557485983647148,0.9394150836240112,41,47,57,9,7,3,1766,174397814.59908944,98753.00939925789,1000.00000000025,0.9662266317172968,0.5592139188496056,0.9372797181349111,1456,1450,1239,1234,912,910,373,372,868,129660.36606560714,856,127574.4857689503,539,1765495.485665948,538,1762870.485665948,270,8847435.11687553,270,8847435.11687553,61,20440925.204642948,61,20440925.204642948,42,151122269.011419,41,143219009.30613607,0.7904494382022472,0.7893544733861835
2026-07-12,145,0,0,0.0,0.0,22025668.7078398,21,1987000.0,5,3585463.0,0,0.0,119,16453205.707839798,45,62,76,4,5,5,1784,180707322.18466902,101293.34203176515,1000.0,0.9665309517883433,0.5602929623024568,0.9368819345394147,40,59,71,4,4,5,1771,175925094.76359951,99336.58654071119,1008.0,0.9661688633058698,0.5699296312351415,0.9357933856693904,1461,1456,1243,1239,918,917,378,377,866,129094.9837896785,854,127009.10349302166,540,1771396.4856659584,540,1771396.4856659584,271,8777205.339738296,271,8777205.339738296,69,24303923.429635983,69,24303923.429635983,38,145725701.94583914,37,140945560.40506625,0.7881165919282511,0.7871259175607002
2026-07-13,255,0,0,0.0,0.0,53039340.79896754,26,4007150.0,17,4155654.0,0,0.0,212,44876536.79896754,101,88,126,6,33,9,1766,180558818.18466905,102241.68640128485,1000.0,0.9691534942823794,0.5988165107342815,0.9456894422625225,96,80,118,6,33,8,1752,167011883.33788082,95326.41743029727,1000.0,0.9677908414808075,0.5911550607030643,0.9425525440324299,1443,1436,1224,1218,900,896,363,361,866,126720.89319821254,856,126239.1235779202,537,1762126.6521678292,535,1750766.1158728113,267,8317402.574663106,267,8317402.574663106,59,22758950.67136849,58,22258950.671268456,37,147593617.39327142,36,134558524.85249853,0.7944507361268404,0.7939497716894978
2026-07-14,183,0,0,0.0,0.0,21882031.514853798,28,2409000.0,13,5652182.0,0,0.0,142,13820849.5148538,70,77,89,15,4,2,1779,177315636.18466905,99671.52118306299,1000.0,0.9695062005130651,0.607316706590211,0.9458041102322853,61,69,79,15,2,2,1767,164275545.3600841,92968.61650259428,1000.0,0.9679406530213035,0.5983968369986966,0.9421832362928665,1455,1450,1227,1222,902,899,360,359,877,127901.5626193748,868,127363.81510232358,542,1783733.0083840217,540,1772372.4720890038,265,8198144.101753123,265,8198144.101753123,59,22647093.411668923,59,22647093.411668923,36,144558764.1002436,35,131530571.55947073,0.7976391231028668,0.7968307866440294
2026-07-15,156,0,0,0.0,0.0,24109468.18974757,24,2017333.0,14,4653372.0,0,0.0,118,17438763.18974757,66,74,89,13,10,2,1784,174679597.18466902,97914.57241293107,1000.0,0.9697502528406257,0.6113234149414238,0.9462696755453366,59,66,80,13,10,1,1771,161858944.6254715,91394.09634413975,1000.0,0.96820717374022,0.6031366348513666,0.9427216168375342,1458,1452,1228,1222,906,902,357,356,878,126926.83112039731,869,126339.58360334608,549,1801253.472715516,546,1787267.9364204984,263,8057411.128506257,263,8057411.128506257,60,23700381.925077543,60,23700381.925077543,34,140993623.82724932,33,128187544.05186385,0.7998878923766816,0.7989836250705816
2026-07-16,187,0,0,0.0,0.0,26499181.469048135,34,4562095.0,8,4191263.0,0,0.0,145,17745823.469048135,75,86,99,10,8,5,1791,175050429.18466902,97738.9331014344,1000.0,0.9685506792957531,0.6023771032584215,0.943072180588268,67,79,90,10,7,5,1779,162384205.772354,91278.36187316132,1000.0,0.9669499607928823,0.5938155469369494,0.939324103969854,1464,1459,1235,1230,913,910,363,362,878,126819.42666417731,869,125747.9287694134,550,1797932.6654005665,548,1786572.1291055484,267,8440487.128506256,267,8440487.128506256,59,23131762.817097522,59,23131762.817097522,37,141553427.1470005,36,128899635.76887529,0.7973199329983249,0.7965148960089938
2026-07-17,160,1,0,160000000.0,0.0,16228516.251279313,28,2772400.0,6,3306054.0,0,0.0,125,10150062.251279313,61,72,81,8,3,5,1801,174516775.184669,96899.9306966513,1000.0,0.968778547979609,0.6061191740495304,0.9428403997676886,52,63,71,8,3,5,1789,161965447.3759969,90534.06784572212,1000.0,0.9672038186819653,0.5981076873533822,0.9391052053856984,1472,1467,1244,1239,919,916,365,364,882,127891.73445762342,873,126795.81993957798,554,1816434.3655566215,552,1805073.8292616033,269,8430983.003373615,269,8430983.003373615,60,23262330.692345385,60,23262330.692345385,36,140879135.38893577,35,128340264.03107668,0.7973348139922265,0.796534376746786
2026-07-18,167,0,0,0.0,0.0,35322488.893710054,21,4083000.0,10,5253320.0,0,0.0,136,25986168.89371005,47,52,62,4,6,3,1802,173346455.18466902,96196.70099038236,1000.0,0.9683098587726314,0.6008133117745452,0.9418084677695259,39,44,53,4,6,2,1789,160552994.6649053,89744.54704578273,1000.0,0.9668576154370965,0.5934692127745201,0.938497476152885,1473,1467,1245,1239,920,915,366,364,882,127214.47925786482,874,127111.46280254022,554,1806401.3277437754,551,1793622.8933860366,268,8353680.026915505,268,8353680.026915505,63,24809301.54223719,62,24528007.83114564,35,138249857.8085147,34,125750572.45065561,0.7968923418423973,0.796534376746786
2026-07-19,103,0,0,0.0,0.0,42739567.71695185,15,1838000.0,6,2500844.0,0,0.0,82,38400723.71695185,35,47,56,5,6,1,1802,172683611.18466902,95828.86303255773,1000.0,0.9698305688762042,0.6281015756170745,0.9432185663275294,28,42,49,5,5,1,1790,160554803.4849714,89695.4209413248,1000.0,0.968316945363345,0.6212632426274176,0.9396314184279738,1472,1467,1244,1239,919,915,363,362,883,127293.45129145359,875,127190.43483612899,556,1812554.446274831,553,1799900.198888267,267,8265375.117238712,267,8265375.117238712,63,24155037.674874004,63,24155037.674874004,33,138323350.49499,32,126207300.05913427,0.7985571587125416,0.7977653631284917
2026-07-20,151,0,0,0.0,0.0,35342827.32704396,25,3682400.0,4,2716638.0,0,0.0,122,28943789.32704396,66,68,85,14,12,3,1807,173649373.18466902,96098.1589289812,1000.0,0.9706479136545592,0.6189075793047679,0.9488075502498599,63,64,81,14,12,2,1794,159967358.57117367,89167.98136631754,1000.0,0.968990220609444,0.6091076987600504,0.9451339778836513,1473,1467,1240,1235,915,911,352,351,892,126887.87525188943,883,126777.94499881388,563,1848346.9052566076,560,1835692.6578700435,261,7814302.030391021,261,7814302.030391021,56,22013536.18361983,56,22013536.18361983,35,141846300.19014966,34,128177049.75429393,0.805201992252352,0.8043478260869565
2026-07-21,203,0,0,0.0,0.0,48213356.27407529,28,4595000.0,7,2549281.0,0,0.0,168,41069075.27407529,73,91,104,17,6,5,1823,175695092.18466902,96376.90191150247,1000.0,0.9715142594761864,0.6083832775693552,0.9493956904400142,68,87,99,17,6,5,1810,163667135.499856,90423.83176787624,1000.0,0.9707954595441507,0.6223264809736111,0.9469688380625274,1487,1481,1254,1249,928,924,352,350,895,128049.83032270294,886,127939.90006962736,576,1918675.3738842623,574,1907314.8375892444,264,8044203.628876276,264,8044203.628876276,53,19046675.766266715,53,19046675.766266715,35,146557487.58531907,33,134541001.36705413,0.8069116840373012,0.8066298342541437
2026-07-22,202,0,0,0.0,0.0,38839172.17571585,29,3288600.0,16,7136458.0,0,0.0,157,28414114.17571585,77,90,105,18,5,10,1846,171847234.18466902,93091.67615637541,1000.0,0.9697531024734748,0.5964280403569834,0.9433630400673501,67,83,95,18,4,10,1834,162837248.21409893,88788.03065108992,1000.0,0.9692959217057072,0.6083592461951847,0.9415278662054968,1506,1501,1274,1269,944,940,361,359,902,129556.12984131051,894,129453.11338598593,583,1942619.5934539181,581,1931259.0571589004,269,8460729.19375861,269,8460729.19375861,56,19859318.498551633,56,19859318.498551633,36,141455010.76906356,34,132456488.35124376,0.804442036836403,0.8042529989094874
2026-07-23,148,0,0,0.0,0.0,23459671.742008913,30,3174500.0,11,4876669.0,0,0.0,107,15408502.742008915,58,69,82,16,10,2,1854,170145065.18466902,91771.87981913108,1000.0,0.9697910157914884,0.6019684357788492,0.941703500107495,55,65,77,16,9,1,1842,164102958.8327089,89089.55419799614,1000.0,0.9693048439377078,0.609530236647458,0.9402406526289682,1514,1509,1278,1273,949,946,365,364,905,128673.18898167106,896,127957.67252634646,584,1938587.6807088254,582,1927127.1444138074,275,8851600.904557792,275,8851600.904557792,54,18621228.004145417,54,18621228.004145417,36,140604975.40627533,35,134575045.1070655,0.8031283710895362,0.8023887079261672
2026-07-24,167,0,0,0.0,0.0,37770284.46884238,25,4048998.0,12,4750637.0,0,0.0,130,28970649.468842376,56,65,73,3,7,6,1856,169443426.18466902,91294.94945294668,1000.0,0.9699246510121292,0.6032669493080473,0.9421219242767441,50,59,66,3,6,5,1844,163406824.83270887,88615.4147682803,1000.0,0.9694482003608249,0.610930880543548,0.9406788032954085,1512,1507,1279,1274,951,947,366,365,905,127885.55702573899,897,127782.54057041439,585,1948013.6282804324,582,1934545.5919854143,278,8931160.266218025,278,8931160.266218025,51,17033731.276846502,51,17033731.276846502,37,141402635.45629835,36,135379605.15708852,0.802801724137931,0.8020607375271149
2026-07-25,69,0,0,0.0,0.0,39769652.31920398,9,1580144.0,7,3441500.0,0,0.0,53,34748008.31920398,33,33,41,3,5,2,1856,167582070.18466902,90292.0636770846,1000.0,0.9701016434809622,0.615173227913535,0.9412507139262898,30,30,37,3,4,1,1844,161547388.8327089,87607.04383552543,1000.0,0.9695835062036138,0.6231544408370091,0.9397472407342149,1514,1509,1280,1276,952,949,365,364,904,127200.82417969021,895,127010.30772436562,587,1952444.2345064688,585,1940983.6982114506,276,8865681.923417578,276,8865681.923417578,52,16988875.67596758,52,16988875.67596758,37,139647867.5265977,36,133624837.22738789,0.8033405172413793,0.8026030368763557
2026-07-26,77,0,0,0.0,0.0,6887002.428422779,10,768700.0,6,2437520.0,0,0.0,61,3680782.4284227793,31,38,45,5,1,3,1863,165913250.18466902,89057.03176847505,1000.0,0.9703700093771671,0.6181389298628996,0.9415191360389861,27,35,40,5,0,2,1851,159905851.35260594,86388.89862377415,1000.0,0.969857928864307,0.6263816976843969,0.9400228848444034,1518,1513,1283,1278,954,951,364,363,909,127629.92876801951,900,127031.91231269491,590,1963269.5482384595,588,1951809.0119434414,277,8911850.736372814,277,8911850.736372814,51,16803731.276846502,51,16803731.276846502,36,138106768.69444323,35,132111428.41513051,0.8046162104133119,0.8038897893030794
2026-07-27,180,0,0,0.0,0.0,59836679.60033696,27,8197000.0,5,1455934.0,0,0.0,148,50183745.60033696,83,90,108,10,14,8,1867,172654316.18466902,92476.86994358276,1000.0,0.9710072857395,0.6310769101382258,0.9439490414500387,76,81,99,10,14,8,1855,159297317.35260594,85874.56461056924,1000.0,0.969401702008924,0.6230305734980178,0.939953908037159,1519,1514,1279,1274,950,947,363,362,917,128555.994207308,908,127757.97775198342,587,1949456.4699034302,585,1937995.9336084123,272,8499427.455828052,272,8499427.455828052,55,18123110.951732196,55,18123110.951732196,36,143953765.31299806,35,130609025.03368531,0.8055704338510981,0.8048517520215633
2026-07-28,208,0,0,0.0,0.0,31275489.569786042,38,7474996.0,4,2066000.0,0,0.0,166,21734493.569786042,64,79,90,13,7,2,1875,178063312.18466902,94967.09983182348,1000.0,0.9703786156008156,0.6093033744156429,0.9446837949988662,58,70,81,13,7,0,1861,163751980.48684773,87991.39198648454,1000.0,0.9690160981360515,0.6032508632084584,0.9411488606205789,1524,1517,1286,1280,958,953,367,364,917,128565.32007033649,908,128374.8036150119,591,1948914.6450763787,589,1946333.0573337562,275,8572306.714841312,274,8562282.766338915,54,19923335.59778726,53,18969540.231979,38,147490189.90689373,37,134145449.62758102,0.8042666666666667,0.8044062332079527
2026-07-29,222,0,0,0.0,0.0,28551057.55343619,24,2100000.0,10,4940760.0,0,0.0,188,21510297.55343619,78,89,105,12,8,2,1881,175222552.18466902,93153.93523905848,1000.0,0.9709159564799346,0.6223725573862142,0.9444522044679604,70,82,97,12,8,2,1867,161841314.17744684,86685.2245192538,1000.0,0.9693636938428858,0.6138275324002295,0.9407028494409988,1528,1521,1289,1282,957,952,364,361,924,130414.33980343954,915,129702.51377666851,593,1961042.4855845338,591,1958460.8978419113,273,8541769.675968159,271,8508565.361828076,54,18540004.835252203,54,18540004.835252203,37,146049320.8480607,36,132704580.56874795,0.8064859117490697,0.8066416711301553
2026-07-30,232,0,0,0.0,0.0,42365860.70083668,23,4926000.0,8,4436136.0,0,0.0,201,33003724.700836685,72,76,92,9,5,5,1890,175712416.18466902,92969.53237284075,1000.0,0.9681666819383735,0.5513459923200505,0.9420998249455826,65,69,84,9,4,5,1877,159891301.2247105,85184.49718951012,1000.0,0.9665436404603805,0.5463113610112642,0.9377022215884798,1536,1530,1296,1290,961,956,368,365,929,131920.3115182509,921,131817.2950629263,593,1958429.5093796928,591,1955649.6716370708,271,8383429.835429051,270,8373405.886926656,54,18425581.53146094,54,18425581.53146094,43,146813054.99688107,41,131004846.83962291,0.8052910052910053,0.8055407565263719
2026-07-31,371,0,0,0.0,0.0,92169001.24201412,38,11775812.0,16,5977476.0,0,0.0,317,74415713.24201412,103,112,121,3,8,8,1893,181510752.18466902,95885.23623067565,1000.0,0.9687396636769219,0.5557815281509624,0.9435282468259022,92,101,110,3,7,8,1881,165685023.06644768,88083.47850422523,1000.0,0.9672170842836364,0.5518892972089645,0.9394157546665644,1539,1534,1303,1298,967,963,367,364,926,131409.0973572996,918,131306.080901975,600,1991946.1051391135,599,1989744.759812959,270,8426875.19332106,269,8416851.244818665,52,17482985.819951765,52,17482985.819951765,45,153477535.9688998,43,137664135.1609623,0.8061278394083465,0.8064859117490697
2026-08-01,287,0,0,0.0,0.0,83687616.44241017,11,2188000.0,8,6150000.0,0,0.0,268,75349616.44241017,62,80,90,13,3,2,1905,177548752.18466902,93201.44471636169,1000.0,0.9684848600220239,0.5595331280344426,0.9428781088665726,52,71,79,13,3,1,1892,161154045.51501077,85176.55682611563,1000.00000000025,0.9667217211638567,0.5573966407301674,0.9383202164869655,1549,1544,1316,1311,978,975,364,362,927,131917.5578085453,917,131339.64550749946,614,2042081.4324663163,613,2040685.49121437,268,8367921.502893681,268,8367921.502893681,52,18725661.988114756,52,18725661.988114756,44,148281169.70338574,42,131888436.88728046,0.8089238845144356,0.8086680761099366
2026-08-02,251,0,0,0.0,0.0,23813258.342550002,20,1926000.0,6,3183191.72196332,0,0.0,225,18704066.620586682,56,73,85,16,5,3,1919,176291560.46270573,91866.36814106604,1000.0,0.9683245428227454,0.5578743710682521,0.9414731583995416,48,63,75,16,5,3,1906,158160889.3084107,82980.52954271286,1000.0,0.9662612594662324,0.5557587846543566,0.9360412245552635,1562,1557,1324,1319,980,977,366,364,939,134727.1838496857,929,134111.69381967332,614,2037011.0338372798,613,2035615.0925853332,269,8446050.01701143,269,8446050.01701143,55,20278268.28235909,55,20278268.28235909,42,145395503.9456482,40,127266844.22263516,0.8092756644085461,0.8090241343126967
2026-08-03,303,0,0,0.0,0.0,47858498.03789029,25,4189400.0,7,3592000.0,0,0.0,271,40077098.03789029,77,93,115,14,12,1,1922,176888960.4627057,92033.79836769287,1000.0,0.9688506232171518,0.5688053685242829,0.9422982702204746,69,84,106,14,12,1,1909,155890070.95570558,81660.59243358072,1000.0,0.966208238884121,0.5583775577511979,0.9358241774397057,1566,1560,1331,1325,984,981,368,366,938,134148.25884581933,928,133118.73506256222,616,2047800.6888206,615,2046404.7475686534,273,8524850.04993379,273,8524850.04993379,54,20032283.343443904,54,20032283.343443904,41,146149878.12166157,39,125153414.07969664,0.8085327783558793,0.8082765845992667
2026-08-04,317,0,0,0.0,0.0,44562085.06520973,24,4481000.0,12,8544097.0,0,0.0,281,31536988.065209728,77,75,94,8,11,0,1919,172825863.4627057,90060.37699984665,1000.0,0.970138709873952,0.607293550254961,0.9435472336713431,67,65,84,8,11,0,1906,153004205.235462,80275.02897978069,1000.0,0.9676799665854648,0.5957242934056161,0.9375568135145679,1560,1554,1325,1319,978,975,361,359,941,134405.61787729297,931,133373.59409403589,617,2057719.1108694444,616,2056323.169617498,269,8364373.35686175,269,8364373.35686175,55,20658528.14221796,55,20658528.14221796,37,141610837.23487926,35,121791606.97267075,0.8118811881188119,0.8116474291710388
2026-08-05,277,0,0,0.0,0.0,58186012.69177828,16,852998.0,14,4994668.0,0,0.0,247,52338346.69177828,86,90,105,8,7,2,1922,168684193.46270567,87764.92896082501,1000.0,0.9700417323713105,0.6128678129994328,0.9433975012273597,75,80,94,8,6,2,1910,155474462.85146338,81400.2423306091,1000.0,0.968675746920952,0.6082889810608486,0.939887707492321,1564,1559,1324,1319,980,977,359,357,942,133550.5580222604,933,132926.03423900332,621,2067272.660034252,620,2065876.7187823057,269,8347123.635380132,269,8347123.635380132,55,22117604.91613724,55,22117604.91613724,35,136018641.69313183,33,122810931.54692468,0.8132154006243496,0.8130890052356021
2026-08-06,227,0,0,0.0,0.0,17714801.850724105,32,2379762.72196332,9,3664685.0,0,0.0,186,11670354.128760785,83,94,112,16,7,5,1936,167399271.18466902,86466.56569456044,1000.0,0.9703795150687787,0.6256961471889991,0.9424063832562383,77,88,105,16,7,4,1923,154444374.78625,80314.28746034841,1000.0,0.9690345631588098,0.6228016429153135,0.938883486374474,1576,1570,1332,1327,982,979,362,360,954,136160.02595330105,944,135528.235420044,620,2040495.4629498776,619,2039099.521697931,272,8464473.978891699,272,8464473.978891699,56,22059533.736310147,56,22059533.736310147,34,134698607.980564,32,121745739.31393018,0.8130165289256198,0.8127925117004681
2026-08-07,161,0,0,0.0,0.0,44053161.06755519,16,3177000.0,15,5775662.0,0,0.0,130,35100499.06755519,53,53,65,6,4,1,1939,164800609.18466902,84992.57822829759,1000.0,0.970789483181152,0.6264059976890425,0.9420043955633871,45,46,57,6,3,1,1927,151954020.0529743,78855.225766982,1000.0,0.9694755375184912,0.623790810644238,0.9384307800945965,1577,1572,1334,1329,982,979,362,360,957,137856.16372174583,948,137231.63993848878,620,2049833.4566474974,619,2048437.5153955508,273,8470021.32081765,273,8470021.32081765,56,19915074.212259203,56,19915074.212259203,33,134227824.0312229,31,121383255.36456342,0.8133058277462609,0.8131811105345096
2026-08-08,107,0,0,0.0,0.0,57315009.04412385,14,534000.0,7,1920352.0,0,0.0,86,54860657.04412385,47,47,58,7,6,2,1942,163414257.18466902,84147.40328767715,1000.0,0.9708936390472419,0.633752218563981,0.9425487825240856,44,44,55,7,6,2,1930,150567627.28042647,78014.31465307072,1000.0,0.9695643142186899,0.6317399104126376,0.938988964915484,1576,1571,1333,1328,981,978,360,358,961,138586.8348144756,952,137921.53848337644,621,2058611.263907029,620,2057215.3226550827,272,8391149.929459943,272,8391149.929459943,55,19812080.170765985,55,19812080.170765985,33,133013828.98572159,31,120169260.31906208,0.8146240988671473,0.8145077720207254
2026-08-09,116,0,0,0.0,0.0,28963721.306749865,10,218000.0,7,2455860.0,0,0.0,99,26289861.306749865,45,61,73,9,4,6,1953,161176397.18466902,82527.59712476653,1000.0,0.9704855632131163,0.62164718280557,0.9413169654199853,41,56,67,9,4,5,1940,153119420.0690116,78927.53611804721,1000.0,0.9699727771687708,0.632559766320681,0.9395509683774717,1585,1579,1339,1333,981,978,359,357,972,141305.24280613172,962,140301.760362828,622,2057613.0722471308,621,2056217.1309951846,270,8359401.774416867,270,8359401.774416867,57,21255343.52855641,57,21255343.52855641,32,129362733.56664246,30,121308155.87468033,0.8161802355350742,0.815979381443299
2026-08-10,202,0,0,0.0,0.0,48015994.80261521,39,4542000.0,8,4022105.0,0,0.0,155,39451889.80261521,72,86,99,11,8,5,1961,161696292.18466902,82456.03884990771,1000.0,0.9704640016825812,0.6106614122611427,0.9425181496705303,63,78,89,11,7,4,1948,158236914.21890125,81230.44877767004,1000.0,0.9704591947526051,0.6240117018857143,0.9425402352231164,1590,1584,1342,1337,981,978,361,359,980,143070.83981437318,970,142120.58491492984,620,2041035.6069386,619,2039639.6656866537,273,8310495.619436377,273,8310495.619436377,56,21162344.813676402,55,20845435.788303174,32,130039345.30480325,31,126899222.56056009,0.815910249872514,0.8157084188911704
2026-08-11,9,0,0,0.0,0.0,1476657.0379660241,1,300000.0,1,1000000.0,0,0.0,7,176657.03796602404,5,8,10,3,0,0,1964,160996292.18466902,81973.67219178667,1000.0,0.9704374624813948,0.6127931587448696,0.9420636872941661,4,8,9,3,0,0,1951,157555858.8216695,80756.46274816478,1000.0,0.9704301601611878,0.6261742798515749,0.9420828561972564,1593,1587,1345,1340,984,981,362,360,980,143070.83981437318,970,142120.58491492984,622,2055020.4664717996,621,2053624.525219853,274,8329440.222204616,274,8329440.222204616,57,21541867.294909425,56,21224958.2695362,31,128926893.3612688,30,125805715.21979387,0.8156822810590632,0.8154792414146591
